{"resourceType":"ConceptMap","id":"AppointmentStatus","text":{"status":"extensions","div":"<div xmlns=\"http://www.w3.org/1999/xhtml\"><h2>AppointmentStatus (http://va.gov/fhir/us/vha-ampl-ig/ConceptMap/AppointmentStatus)</h2><p>Mapping from (not specified) to (not specified)</p><p>DRAFT. Published on May 17, 2021, 3:52:07 PM by JPSys (). </p><br/><table class=\"grid\"><tr><td><b>Source Code</b></td><td><b>Relationship</b></td><td><b>Destination Code</b></td><td><b>Comment</b></td></tr><tr><td>N</td><td><a href=\"http://hl7.org/fhir/STU3/codesystem-concept-map-equivalence.html#equal\">is equal to</a></td><td>noshow</td><td>NO-SHOW</td></tr><tr><td>C</td><td><a href=\"http://hl7.org/fhir/STU3/codesystem-concept-map-equivalence.html#wider\">maps to wider concept</a></td><td>cancelled</td><td>CANCELLED BY CLINC</td></tr><tr><td>NA</td><td><a href=\"http://hl7.org/fhir/STU3/codesystem-concept-map-equivalence.html#wider\">maps to wider concept</a></td><td>noshow</td><td>NO-SHOW &amp; AUTO RE-BOOK</td></tr><tr><td>CA</td><td><a href=\"http://hl7.org/fhir/STU3/codesystem-concept-map-equivalence.html#wider\">maps to wider concept</a></td><td>cancelled</td><td>CANCELLED BY CLINIC &amp; AUTO RE-BOOK</td></tr><tr><td>PC</td><td><a href=\"http://hl7.org/fhir/STU3/codesystem-concept-map-equivalence.html#wider\">maps to wider concept</a></td><td>cancelled</td><td>CANCELLED BY PATIENT</td></tr><tr><td>PCA</td><td><a href=\"http://hl7.org/fhir/STU3/codesystem-concept-map-equivalence.html#wider\">maps to wider concept</a></td><td>cancelled</td><td>CANCELLED BY PATIENT &amp; AUTO-REBOOK</td></tr></table></div>"},"url":"http://va.gov/fhir/us/vha-ampl-ig/ConceptMap/AppointmentStatus","version":"0.0.74","name":"AppointmentStatus","status":"draft","date":"2021-05-17T15:52:07.695Z","publisher":"JPSys","contact":[{"telecom":[{"system":"other","value":"https://jpsys.com"}]}],"jurisdiction":[{"coding":[{"system":"http://unstats.un.org/unsd/methods/m49/m49.htm","code":"840"}]}],"group":[{"source":"http://hl7.org/fhir/appointmentstatus","element":[{"code":"N","target":[{"code":"noshow","equivalence":"equal","comment":"NO-SHOW"}]},{"code":"C","target":[{"code":"cancelled","equivalence":"wider","comment":"CANCELLED BY CLINC"}]},{"code":"NA","target":[{"code":"noshow","equivalence":"wider","comment":"NO-SHOW & AUTO RE-BOOK"}]},{"code":"CA","target":[{"code":"cancelled","equivalence":"wider","comment":"CANCELLED BY CLINIC & AUTO RE-BOOK"}]},{"code":"PC","target":[{"code":"cancelled","equivalence":"wider","comment":"CANCELLED BY PATIENT"}]},{"code":"PCA","target":[{"code":"cancelled","equivalence":"wider","comment":"CANCELLED BY PATIENT & AUTO-REBOOK"}]}]}]}