{"resourceType":"StructureDefinition","id":"VAEMLabReportEncounter","meta":{"lastUpdated":"2021-09-08T16:14:20.068Z"},"text":{"status":"extensions","div":"<div xmlns=\"http://www.w3.org/1999/xhtml\"><table border=\"0\" cellpadding=\"0\" cellspacing=\"0\" style=\"border: 0px #F0F0F0 solid; font-size: 11px; font-family: verdana; vertical-align: top;\"><tr style=\"border: 1px #F0F0F0 solid; font-size: 11px; font-family: verdana; vertical-align: top\"><th style=\"vertical-align: top; text-align : left; background-color: white; border: 0px #F0F0F0 solid; padding:0px 4px 0px 4px\" class=\"hierarchy\"><a href=\"http://hl7.org/fhir/STU3/formats.html#table\" title=\"The logical name of the element\">Name</a></th><th style=\"vertical-align: top; text-align : left; background-color: white; border: 0px #F0F0F0 solid; padding:0px 4px 0px 4px\" class=\"hierarchy\"><a href=\"http://hl7.org/fhir/STU3/formats.html#table\" title=\"Information about the use of the element\">Flags</a></th><th style=\"vertical-align: top; text-align : left; background-color: white; border: 0px #F0F0F0 solid; padding:0px 4px 0px 4px\" class=\"hierarchy\"><a href=\"http://hl7.org/fhir/STU3/formats.html#table\" title=\"Minimum and Maximum # of times the the element can appear in the instance\">Card.</a></th><th style=\"width: 100px\" class=\"hierarchy\"><a href=\"http://hl7.org/fhir/STU3/formats.html#table\" title=\"Reference to the type of the element\">Type</a></th><th style=\"vertical-align: top; text-align : left; background-color: white; border: 0px #F0F0F0 solid; padding:0px 4px 0px 4px\" class=\"hierarchy\"><a href=\"http://hl7.org/fhir/STU3/formats.html#table\" title=\"Additional information about the element\">Description &amp; Constraints</a><span style=\"float: right\"><a href=\"http://hl7.org/fhir/STU3/formats.html#table\" title=\"Legend for this format\"><img src=\"http://hl7.org/fhir/STU3/help16.png\" alt=\"doco\" style=\"background-color: inherit\"/></a></span></th></tr><tr style=\"border: 0px #F0F0F0 solid; padding:0px; vertical-align: top; background-color: white\"><td style=\"vertical-align: top; text-align : left; background-color: white; border: 0px #F0F0F0 solid; padding:0px 4px 0px 4px; white-space: nowrap; background-image: url(tbl_bck1.png)\" class=\"hierarchy\"><img src=\"tbl_spacer.png\" alt=\".\" style=\"background-color: inherit\" class=\"hierarchy\"/><img src=\"icon_resource.png\" alt=\".\" style=\"background-color: white; background-color: inherit\" title=\"Resource\" class=\"hierarchy\"/> <a href=\"StructureDefinition-VAEMLabReportEncounter-definitions.html#Encounter\">Encounter</a><a name=\"Encounter\"> </a></td><td style=\"vertical-align: top; text-align : left; background-color: white; border: 0px #F0F0F0 solid; padding:0px 4px 0px 4px\" class=\"hierarchy\"/><td style=\"vertical-align: top; text-align : left; background-color: white; border: 0px #F0F0F0 solid; padding:0px 4px 0px 4px\" class=\"hierarchy\"><span style=\"opacity: 0.5\">0</span><span style=\"opacity: 0.5\">..</span><span style=\"opacity: 0.5\">*</span></td><td style=\"vertical-align: top; text-align : left; background-color: white; border: 0px #F0F0F0 solid; padding:0px 4px 0px 4px\" class=\"hierarchy\"><a href=\"http://hl7.org/fhir/STU3/encounter.html\">Encounter</a></td><td style=\"vertical-align: top; text-align : left; background-color: white; border: 0px #F0F0F0 solid; padding:0px 4px 0px 4px\" class=\"hierarchy\"><span style=\"opacity: 0.5\">An interaction during which services are provided to the patient</span></td></tr>\r\n<tr style=\"border: 0px #F0F0F0 solid; padding:0px; vertical-align: top; background-color: #F7F7F7\"><td style=\"vertical-align: top; text-align : left; background-color: #F7F7F7; border: 0px #F0F0F0 solid; padding:0px 4px 0px 4px; white-space: nowrap; background-image: url(tbl_bck10.png)\" class=\"hierarchy\"><img src=\"tbl_spacer.png\" alt=\".\" style=\"background-color: inherit\" class=\"hierarchy\"/><img src=\"tbl_vjoin.png\" alt=\".\" style=\"background-color: inherit\" class=\"hierarchy\"/><img src=\"icon_element.gif\" alt=\".\" style=\"background-color: #F7F7F7; background-color: inherit\" title=\"Element\" class=\"hierarchy\"/> <a href=\"StructureDefinition-VAEMLabReportEncounter-definitions.html#Encounter.status\">status</a><a name=\"Encounter.status\"> </a></td><td style=\"vertical-align: top; text-align : left; background-color: #F7F7F7; border: 0px #F0F0F0 solid; padding:0px 4px 0px 4px\" class=\"hierarchy\"><span style=\"padding-left: 3px; padding-right: 3px; color: white; background-color: red\" title=\"This element must be supported\">S</span></td><td style=\"vertical-align: top; text-align : left; background-color: #F7F7F7; border: 0px #F0F0F0 solid; padding:0px 4px 0px 4px\" class=\"hierarchy\"><span style=\"opacity: 0.5\">1</span><span style=\"opacity: 0.5\">..</span><span style=\"opacity: 0.5\">1</span></td><td style=\"vertical-align: top; text-align : left; background-color: #F7F7F7; border: 0px #F0F0F0 solid; padding:0px 4px 0px 4px\" class=\"hierarchy\"><a style=\"opacity: 0.5\" href=\"http://hl7.org/fhir/STU3/datatypes.html#code\">code</a></td><td style=\"vertical-align: top; text-align : left; background-color: #F7F7F7; border: 0px #F0F0F0 solid; padding:0px 4px 0px 4px\" class=\"hierarchy\"><span style=\"opacity: 0.5\">planned | arrived | triaged | in-progress | onleave | finished | cancelled +</span><br/><span style=\"font-weight:bold\">Fixed Value: </span><span style=\"color: darkgreen\">unknown</span></td></tr>\r\n<tr style=\"border: 0px #F0F0F0 solid; padding:0px; vertical-align: top; background-color: white\"><td style=\"vertical-align: top; text-align : left; background-color: white; border: 0px #F0F0F0 solid; padding:0px 4px 0px 4px; white-space: nowrap; background-image: url(tbl_bck01.png)\" class=\"hierarchy\"><img src=\"tbl_spacer.png\" alt=\".\" style=\"background-color: inherit\" class=\"hierarchy\"/><img src=\"tbl_vjoin_end.png\" alt=\".\" style=\"background-color: inherit\" class=\"hierarchy\"/><img src=\"icon_element.gif\" alt=\".\" style=\"background-color: white; background-color: inherit\" title=\"Element\" class=\"hierarchy\"/> <a href=\"StructureDefinition-VAEMLabReportEncounter-definitions.html#Encounter.location\">location</a><a name=\"Encounter.location\"> </a></td><td style=\"vertical-align: top; text-align : left; background-color: white; border: 0px #F0F0F0 solid; padding:0px 4px 0px 4px\" class=\"hierarchy\"/><td style=\"vertical-align: top; text-align : left; background-color: white; border: 0px #F0F0F0 solid; padding:0px 4px 0px 4px\" class=\"hierarchy\"/><td style=\"vertical-align: top; text-align : left; background-color: white; border: 0px #F0F0F0 solid; padding:0px 4px 0px 4px\" class=\"hierarchy\"/><td style=\"vertical-align: top; text-align : left; background-color: white; border: 0px #F0F0F0 solid; padding:0px 4px 0px 4px\" class=\"hierarchy\"/></tr>\r\n<tr style=\"border: 0px #F0F0F0 solid; padding:0px; vertical-align: top; background-color: #F7F7F7\"><td style=\"vertical-align: top; text-align : left; background-color: #F7F7F7; border: 0px #F0F0F0 solid; padding:0px 4px 0px 4px; white-space: nowrap; background-image: url(tbl_bck001.png)\" class=\"hierarchy\"><img src=\"tbl_spacer.png\" alt=\".\" style=\"background-color: inherit\" class=\"hierarchy\"/><img src=\"tbl_blank.png\" alt=\".\" style=\"background-color: inherit\" class=\"hierarchy\"/><img src=\"tbl_vjoin_end.png\" alt=\".\" style=\"background-color: inherit\" class=\"hierarchy\"/><img src=\"icon_element.gif\" alt=\".\" style=\"background-color: #F7F7F7; background-color: inherit\" title=\"Element\" class=\"hierarchy\"/> <a href=\"StructureDefinition-VAEMLabReportEncounter-definitions.html#Encounter.location.location\">location</a><a name=\"Encounter.location.location\"> </a></td><td style=\"vertical-align: top; text-align : left; background-color: #F7F7F7; border: 0px #F0F0F0 solid; padding:0px 4px 0px 4px\" class=\"hierarchy\"/><td style=\"vertical-align: top; text-align : left; background-color: #F7F7F7; border: 0px #F0F0F0 solid; padding:0px 4px 0px 4px\" class=\"hierarchy\"/><td style=\"vertical-align: top; text-align : left; background-color: #F7F7F7; border: 0px #F0F0F0 solid; padding:0px 4px 0px 4px\" class=\"hierarchy\"/><td style=\"vertical-align: top; text-align : left; background-color: #F7F7F7; border: 0px #F0F0F0 solid; padding:0px 4px 0px 4px\" class=\"hierarchy\"/></tr>\r\n<tr style=\"border: 0px #F0F0F0 solid; padding:0px; vertical-align: top; background-color: white\"><td style=\"vertical-align: top; text-align : left; background-color: white; border: 0px #F0F0F0 solid; padding:0px 4px 0px 4px; white-space: nowrap; background-image: url(tbl_bck0000.png)\" class=\"hierarchy\"><img src=\"tbl_spacer.png\" alt=\".\" style=\"background-color: inherit\" class=\"hierarchy\"/><img src=\"tbl_blank.png\" alt=\".\" style=\"background-color: inherit\" class=\"hierarchy\"/><img src=\"tbl_blank.png\" alt=\".\" style=\"background-color: inherit\" class=\"hierarchy\"/><img src=\"tbl_vjoin_end.png\" alt=\".\" style=\"background-color: inherit\" class=\"hierarchy\"/><img src=\"icon_element.gif\" alt=\".\" style=\"background-color: white; background-color: inherit\" title=\"Element\" class=\"hierarchy\"/> <a href=\"StructureDefinition-VAEMLabReportEncounter-definitions.html#Encounter.location.location.display\" title=\"This is the requesting location.\">display</a><a name=\"Encounter.location.location.display\"> </a></td><td style=\"vertical-align: top; text-align : left; background-color: white; border: 0px #F0F0F0 solid; padding:0px 4px 0px 4px\" class=\"hierarchy\"><span style=\"padding-left: 3px; padding-right: 3px; color: white; background-color: red\" title=\"This element must be supported\">S</span></td><td style=\"vertical-align: top; text-align : left; background-color: white; border: 0px #F0F0F0 solid; padding:0px 4px 0px 4px\" class=\"hierarchy\"><span style=\"opacity: 0.5\">0</span><span style=\"opacity: 0.5\">..</span><span style=\"opacity: 0.5\">1</span></td><td style=\"vertical-align: top; text-align : left; background-color: white; border: 0px #F0F0F0 solid; padding:0px 4px 0px 4px\" class=\"hierarchy\"><a style=\"opacity: 0.5\" href=\"http://hl7.org/fhir/STU3/datatypes.html#string\">string</a></td><td style=\"vertical-align: top; text-align : left; background-color: white; border: 0px #F0F0F0 solid; padding:0px 4px 0px 4px\" class=\"hierarchy\"><span style=\"opacity: 0.5\">Text alternative for the resource</span></td></tr>\r\n<tr><td colspan=\"5\" class=\"hierarchy\"><br/><a href=\"http://hl7.org/fhir/STU3/formats.html#table\" title=\"Legend for this format\"><img src=\"http://hl7.org/fhir/STU3/help16.png\" alt=\"doco\" style=\"background-color: inherit\"/> Documentation for this format</a></td></tr></table></div>"},"url":"http://va.gov/fhir/us/vha-ampl-ig/StructureDefinition/VAEMLabReportEncounter","version":"0.0.77","name":"VAEMLabReportEncounter","status":"draft","date":"2021-09-08T16:14:20.068Z","publisher":"JPSys","contact":[{"telecom":[{"system":"other","value":"https://jpsys.com"}]}],"jurisdiction":[{"coding":[{"system":"http://unstats.un.org/unsd/methods/m49/m49.htm","code":"840"}]}],"fhirVersion":"3.0.2","mapping":[{"identity":"vista","uri":"http://va.gov/vista/","name":"VistA"},{"identity":"rim","uri":"http://hl7.org/v3","name":"RIM Mapping"},{"identity":"w5","uri":"http://hl7.org/fhir/w5","name":"W5 Mapping"},{"identity":"v2","uri":"http://hl7.org/v2","name":"HL7 v2 Mapping"}],"kind":"resource","abstract":false,"type":"Encounter","baseDefinition":"http://hl7.org/fhir/StructureDefinition/Encounter","derivation":"constraint","snapshot":{"element":[{"id":"Encounter","path":"Encounter","short":"An interaction during which services are provided to the patient","definition":"An interaction between a patient and healthcare provider(s) for the purpose of providing healthcare service(s) or assessing the health status of a patient.","alias":["Visit"],"min":0,"max":"*","base":{"path":"Encounter","min":0,"max":"*"},"constraint":[{"key":"dom-2","severity":"error","human":"If the resource is contained in another resource, it SHALL NOT contain nested Resources","expression":"contained.contained.empty()","xpath":"not(parent::f:contained and f:contained)","source":"http://hl7.org/fhir/StructureDefinition/DomainResource"},{"key":"dom-1","severity":"error","human":"If the resource is contained in another resource, it SHALL NOT contain any narrative","expression":"contained.text.empty()","xpath":"not(parent::f:contained and f:text)","source":"http://hl7.org/fhir/StructureDefinition/DomainResource"},{"key":"dom-4","severity":"error","human":"If a resource is contained in another resource, it SHALL NOT have a meta.versionId or a meta.lastUpdated","expression":"contained.meta.versionId.empty() and contained.meta.lastUpdated.empty()","xpath":"not(exists(f:contained/*/f:meta/f:versionId)) and not(exists(f:contained/*/f:meta/f:lastUpdated))","source":"http://hl7.org/fhir/StructureDefinition/DomainResource"},{"key":"dom-3","severity":"error","human":"If the resource is contained in another resource, it SHALL be referred to from elsewhere in the resource","expression":"contained.where(('#'+id in %resource.descendants().reference).not()).empty()","xpath":"not(exists(for $id in f:contained/*/@id return $id[not(ancestor::f:contained/parent::*/descendant::f:reference/@value=concat('#', $id))]))","source":"http://hl7.org/fhir/StructureDefinition/DomainResource"}],"mapping":[{"identity":"rim","map":"Entity. Role, or Act"},{"identity":"rim","map":"Encounter[@moodCode='EVN']"},{"identity":"w5","map":"workflow.encounter"}]},{"id":"Encounter.id","path":"Encounter.id","short":"Logical id of this artifact","definition":"The logical id of the resource, as used in the URL for the resource. Once assigned, this value never changes.","comment":"The only time that a resource does not have an id is when it is being submitted to the server using a create operation.","min":0,"max":"1","base":{"path":"Resource.id","min":0,"max":"1"},"type":[{"code":"id"}],"isSummary":true},{"id":"Encounter.meta","path":"Encounter.meta","short":"Metadata about the resource","definition":"The metadata about the resource. This is content that is maintained by the infrastructure. Changes to the content may not always be associated with version changes to the resource.","min":0,"max":"1","base":{"path":"Resource.meta","min":0,"max":"1"},"type":[{"code":"Meta"}],"isSummary":true},{"id":"Encounter.implicitRules","path":"Encounter.implicitRules","short":"A set of rules under which this content was created","definition":"A reference to a set of rules that were followed when the resource was constructed, and which must be understood when processing the content.","comment":"Asserting this rule set restricts the content to be only understood by a limited set of trading partners. This inherently limits the usefulness of the data in the long term. However, the existing health eco-system is highly fractured, and not yet ready to define, collect, and exchange data in a generally computable sense. Wherever possible, implementers and/or specification writers should avoid using this element. \n\nThis element is labelled as a modifier because the implicit rules may provide additional knowledge about the resource that modifies it's meaning or interpretation.","min":0,"max":"1","base":{"path":"Resource.implicitRules","min":0,"max":"1"},"type":[{"code":"uri"}],"isModifier":true,"isSummary":true},{"id":"Encounter.language","path":"Encounter.language","short":"Language of the resource content","definition":"The base language in which the resource is written.","comment":"Language is provided to support indexing and accessibility (typically, services such as text to speech use the language tag). The html language tag in the narrative applies  to the narrative. The language tag on the resource may be used to specify the language of other presentations generated from the data in the resource  Not all the content has to be in the base language. The Resource.language should not be assumed to apply to the narrative automatically. If a language is specified, it should it also be specified on the div element in the html (see rules in HTML5 for information about the relationship between xml:lang and the html lang attribute).","min":0,"max":"1","base":{"path":"Resource.language","min":0,"max":"1"},"type":[{"code":"code"}],"binding":{"extension":[{"url":"http://hl7.org/fhir/StructureDefinition/elementdefinition-maxValueSet","valueReference":{"reference":"http://hl7.org/fhir/ValueSet/all-languages"}},{"url":"http://hl7.org/fhir/StructureDefinition/elementdefinition-bindingName","valueString":"Language"},{"url":"http://hl7.org/fhir/StructureDefinition/elementdefinition-isCommonBinding","valueBoolean":true}],"strength":"extensible","description":"A human language.","valueSetReference":{"reference":"http://hl7.org/fhir/ValueSet/languages"}}},{"id":"Encounter.text","path":"Encounter.text","short":"Text summary of the resource, for human interpretation","definition":"A human-readable narrative that contains a summary of the resource, and may be used to represent the content of the resource to a human. The narrative need not encode all the structured data, but is required to contain sufficient detail to make it \"clinically safe\" for a human to just read the narrative. Resource definitions may define what content should be represented in the narrative to ensure clinical safety.","comment":"Contained resources do not have narrative. Resources that are not contained SHOULD have a narrative. In some cases, a resource may only have text with little or no additional discrete data (as long as all minOccurs=1 elements are satisfied).  This may be necessary for data from legacy systems where information is captured as a \"text blob\" or where text is additionally entered raw or narrated and encoded in formation is added later.","alias":["narrative","html","xhtml","display"],"min":0,"max":"1","base":{"path":"DomainResource.text","min":0,"max":"1"},"type":[{"code":"Narrative"}],"condition":["dom-1"],"mapping":[{"identity":"rim","map":"Act.text?"}]},{"id":"Encounter.contained","path":"Encounter.contained","short":"Contained, inline Resources","definition":"These resources do not have an independent existence apart from the resource that contains them - they cannot be identified independently, and nor can they have their own independent transaction scope.","comment":"This should never be done when the content can be identified properly, as once identification is lost, it is extremely difficult (and context dependent) to restore it again.","alias":["inline resources","anonymous resources","contained resources"],"min":0,"max":"*","base":{"path":"DomainResource.contained","min":0,"max":"*"},"type":[{"code":"Resource"}],"mapping":[{"identity":"rim","map":"N/A"}]},{"id":"Encounter.extension","path":"Encounter.extension","short":"Additional Content defined by implementations","definition":"May be used to represent additional information that is not part of the basic definition of the resource. In order to make the use of extensions safe and manageable, there is a strict set of governance  applied to the definition and use of extensions. Though any implementer is allowed to define an extension, there is a set of requirements that SHALL be met as part of the definition of the extension.","comment":"There can be no stigma associated with the use of extensions by any application, project, or standard - regardless of the institution or jurisdiction that uses or defines the extensions.  The use of extensions is what allows the FHIR specification to retain a core level of simplicity for everyone.","alias":["extensions","user content"],"min":0,"max":"*","base":{"path":"DomainResource.extension","min":0,"max":"*"},"type":[{"code":"Extension"}],"mapping":[{"identity":"rim","map":"N/A"}]},{"id":"Encounter.modifierExtension","path":"Encounter.modifierExtension","short":"Extensions that cannot be ignored","definition":"May be used to represent additional information that is not part of the basic definition of the resource, and that modifies the understanding of the element that contains it. Usually modifier elements provide negation or qualification. In order to make the use of extensions safe and manageable, there is a strict set of governance applied to the definition and use of extensions. Though any implementer is allowed to define an extension, there is a set of requirements that SHALL be met as part of the definition of the extension. Applications processing a resource are required to check for modifier extensions.","comment":"There can be no stigma associated with the use of extensions by any application, project, or standard - regardless of the institution or jurisdiction that uses or defines the extensions.  The use of extensions is what allows the FHIR specification to retain a core level of simplicity for everyone.","alias":["extensions","user content"],"min":0,"max":"*","base":{"path":"DomainResource.modifierExtension","min":0,"max":"*"},"type":[{"code":"Extension"}],"isModifier":true,"mapping":[{"identity":"rim","map":"N/A"}]},{"id":"Encounter.identifier","path":"Encounter.identifier","short":"Identifier(s) by which this encounter is known","definition":"Identifier(s) by which this encounter is known.","min":0,"max":"*","base":{"path":"Encounter.identifier","min":0,"max":"*"},"type":[{"code":"Identifier"}],"isSummary":true,"mapping":[{"identity":"v2","map":"PV1-19"},{"identity":"rim","map":".id"},{"identity":"w5","map":"id"}]},{"id":"Encounter.status","path":"Encounter.status","short":"planned | arrived | triaged | in-progress | onleave | finished | cancelled +","definition":"planned | arrived | triaged | in-progress | onleave | finished | cancelled +.","comment":"Note that internal business rules will detemine the appropraite transitions that may occur between statuses (and also classes).\n\nThis element is labeled as a modifier because the status contains codes that mark the encounter as not currently valid.","min":1,"max":"1","base":{"path":"Encounter.status","min":1,"max":"1"},"type":[{"code":"code"}],"fixedCode":"unknown","mustSupport":true,"isModifier":true,"isSummary":true,"binding":{"extension":[{"url":"http://hl7.org/fhir/StructureDefinition/elementdefinition-bindingName","valueString":"EncounterStatus"}],"strength":"required","description":"Current state of the encounter","valueSetReference":{"reference":"http://hl7.org/fhir/ValueSet/encounter-status"}},"mapping":[{"identity":"v2","map":"No clear equivalent in HL7 v2; active/finished could be inferred from PV1-44, PV1-45, PV2-24; inactive could be inferred from PV2-16"},{"identity":"rim","map":".statusCode"},{"identity":"w5","map":"status"}]},{"id":"Encounter.statusHistory","extension":[{"url":"http://hl7.org/fhir/StructureDefinition/structuredefinition-explicit-type-name","valueString":"StatusHistory"}],"path":"Encounter.statusHistory","short":"List of past encounter statuses","definition":"The status history permits the encounter resource to contain the status history without needing to read through the historical versions of the resource, or even have the server store them.","comment":"The current status is always found in the current version of the resource, not the status history.","min":0,"max":"*","base":{"path":"Encounter.statusHistory","min":0,"max":"*"},"type":[{"code":"BackboneElement"}],"constraint":[{"key":"ele-1","severity":"error","human":"All FHIR elements must have a @value or children","expression":"hasValue() | (children().count() > id.count())","xpath":"@value|f:*|h:div","source":"http://hl7.org/fhir/StructureDefinition/Element"}],"mapping":[{"identity":"rim","map":"n/a"}]},{"id":"Encounter.statusHistory.id","path":"Encounter.statusHistory.id","representation":["xmlAttr"],"short":"xml:id (or equivalent in JSON)","definition":"unique id for the element within a resource (for internal references). This may be any string value that does not contain spaces.","min":0,"max":"1","base":{"path":"Element.id","min":0,"max":"1"},"type":[{"code":"string"}],"mapping":[{"identity":"rim","map":"n/a"}]},{"id":"Encounter.statusHistory.extension","path":"Encounter.statusHistory.extension","short":"Additional Content defined by implementations","definition":"May be used to represent additional information that is not part of the basic definition of the element. In order to make the use of extensions safe and manageable, there is a strict set of governance  applied to the definition and use of extensions. Though any implementer is allowed to define an extension, there is a set of requirements that SHALL be met as part of the definition of the extension.","comment":"There can be no stigma associated with the use of extensions by any application, project, or standard - regardless of the institution or jurisdiction that uses or defines the extensions.  The use of extensions is what allows the FHIR specification to retain a core level of simplicity for everyone.","alias":["extensions","user content"],"min":0,"max":"*","base":{"path":"Element.extension","min":0,"max":"*"},"type":[{"code":"Extension"}],"mapping":[{"identity":"rim","map":"n/a"}]},{"id":"Encounter.statusHistory.modifierExtension","path":"Encounter.statusHistory.modifierExtension","short":"Extensions that cannot be ignored","definition":"May be used to represent additional information that is not part of the basic definition of the element, and that modifies the understanding of the element that contains it. Usually modifier elements provide negation or qualification. In order to make the use of extensions safe and manageable, there is a strict set of governance applied to the definition and use of extensions. Though any implementer is allowed to define an extension, there is a set of requirements that SHALL be met as part of the definition of the extension. Applications processing a resource are required to check for modifier extensions.","comment":"There can be no stigma associated with the use of extensions by any application, project, or standard - regardless of the institution or jurisdiction that uses or defines the extensions.  The use of extensions is what allows the FHIR specification to retain a core level of simplicity for everyone.","alias":["extensions","user content","modifiers"],"min":0,"max":"*","base":{"path":"BackboneElement.modifierExtension","min":0,"max":"*"},"type":[{"code":"Extension"}],"isModifier":true,"isSummary":true,"mapping":[{"identity":"rim","map":"N/A"}]},{"id":"Encounter.statusHistory.status","path":"Encounter.statusHistory.status","short":"planned | arrived | triaged | in-progress | onleave | finished | cancelled +","definition":"planned | arrived | triaged | in-progress | onleave | finished | cancelled +.","min":1,"max":"1","base":{"path":"Encounter.statusHistory.status","min":1,"max":"1"},"type":[{"code":"code"}],"binding":{"extension":[{"url":"http://hl7.org/fhir/StructureDefinition/elementdefinition-bindingName","valueString":"EncounterStatus"}],"strength":"required","description":"Current state of the encounter","valueSetReference":{"reference":"http://hl7.org/fhir/ValueSet/encounter-status"}},"mapping":[{"identity":"rim","map":"n/a"}]},{"id":"Encounter.statusHistory.period","path":"Encounter.statusHistory.period","short":"The time that the episode was in the specified status","definition":"The time that the episode was in the specified status.","min":1,"max":"1","base":{"path":"Encounter.statusHistory.period","min":1,"max":"1"},"type":[{"code":"Period"}],"mapping":[{"identity":"rim","map":"n/a"}]},{"id":"Encounter.class","path":"Encounter.class","short":"inpatient | outpatient | ambulatory | emergency +","definition":"inpatient | outpatient | ambulatory | emergency +.","min":0,"max":"1","base":{"path":"Encounter.class","min":0,"max":"1"},"type":[{"code":"Coding"}],"isSummary":true,"binding":{"extension":[{"url":"http://hl7.org/fhir/StructureDefinition/elementdefinition-bindingName","valueString":"EncounterClass"}],"strength":"extensible","description":"Classification of the encounter","valueSetReference":{"reference":"http://hl7.org/fhir/ValueSet/v3-ActEncounterCode"}},"mapping":[{"identity":"v2","map":"PV1-2"},{"identity":"rim","map":".inboundRelationship[typeCode=SUBJ].source[classCode=LIST].code"},{"identity":"w5","map":"class"}]},{"id":"Encounter.classHistory","extension":[{"url":"http://hl7.org/fhir/StructureDefinition/structuredefinition-explicit-type-name","valueString":"ClassHistory"}],"path":"Encounter.classHistory","short":"List of past encounter classes","definition":"The class history permits the tracking of the encounters transitions without needing to go  through the resource history.\n\nThis would be used for a case where an admission starts of as an emergency encounter, then transisions into an inpatient scenario. Doing this and not restarting a new encounter ensures that any lab/diagnostic results can more easily follow the patient and not require re-processing and not get lost or cancelled during a kindof discharge from emergency to inpatient.","min":0,"max":"*","base":{"path":"Encounter.classHistory","min":0,"max":"*"},"type":[{"code":"BackboneElement"}],"constraint":[{"key":"ele-1","severity":"error","human":"All FHIR elements must have a @value or children","expression":"hasValue() | (children().count() > id.count())","xpath":"@value|f:*|h:div","source":"http://hl7.org/fhir/StructureDefinition/Element"}],"mapping":[{"identity":"rim","map":"n/a"}]},{"id":"Encounter.classHistory.id","path":"Encounter.classHistory.id","representation":["xmlAttr"],"short":"xml:id (or equivalent in JSON)","definition":"unique id for the element within a resource (for internal references). This may be any string value that does not contain spaces.","min":0,"max":"1","base":{"path":"Element.id","min":0,"max":"1"},"type":[{"code":"string"}],"mapping":[{"identity":"rim","map":"n/a"}]},{"id":"Encounter.classHistory.extension","path":"Encounter.classHistory.extension","short":"Additional Content defined by implementations","definition":"May be used to represent additional information that is not part of the basic definition of the element. In order to make the use of extensions safe and manageable, there is a strict set of governance  applied to the definition and use of extensions. Though any implementer is allowed to define an extension, there is a set of requirements that SHALL be met as part of the definition of the extension.","comment":"There can be no stigma associated with the use of extensions by any application, project, or standard - regardless of the institution or jurisdiction that uses or defines the extensions.  The use of extensions is what allows the FHIR specification to retain a core level of simplicity for everyone.","alias":["extensions","user content"],"min":0,"max":"*","base":{"path":"Element.extension","min":0,"max":"*"},"type":[{"code":"Extension"}],"mapping":[{"identity":"rim","map":"n/a"}]},{"id":"Encounter.classHistory.modifierExtension","path":"Encounter.classHistory.modifierExtension","short":"Extensions that cannot be ignored","definition":"May be used to represent additional information that is not part of the basic definition of the element, and that modifies the understanding of the element that contains it. Usually modifier elements provide negation or qualification. In order to make the use of extensions safe and manageable, there is a strict set of governance applied to the definition and use of extensions. Though any implementer is allowed to define an extension, there is a set of requirements that SHALL be met as part of the definition of the extension. Applications processing a resource are required to check for modifier extensions.","comment":"There can be no stigma associated with the use of extensions by any application, project, or standard - regardless of the institution or jurisdiction that uses or defines the extensions.  The use of extensions is what allows the FHIR specification to retain a core level of simplicity for everyone.","alias":["extensions","user content","modifiers"],"min":0,"max":"*","base":{"path":"BackboneElement.modifierExtension","min":0,"max":"*"},"type":[{"code":"Extension"}],"isModifier":true,"isSummary":true,"mapping":[{"identity":"rim","map":"N/A"}]},{"id":"Encounter.classHistory.class","path":"Encounter.classHistory.class","short":"inpatient | outpatient | ambulatory | emergency +","definition":"inpatient | outpatient | ambulatory | emergency +.","min":1,"max":"1","base":{"path":"Encounter.classHistory.class","min":1,"max":"1"},"type":[{"code":"Coding"}],"binding":{"extension":[{"url":"http://hl7.org/fhir/StructureDefinition/elementdefinition-bindingName","valueString":"EncounterClass"}],"strength":"extensible","description":"Classification of the encounter","valueSetReference":{"reference":"http://hl7.org/fhir/ValueSet/v3-ActEncounterCode"}},"mapping":[{"identity":"rim","map":"n/a"}]},{"id":"Encounter.classHistory.period","path":"Encounter.classHistory.period","short":"The time that the episode was in the specified class","definition":"The time that the episode was in the specified class.","min":1,"max":"1","base":{"path":"Encounter.classHistory.period","min":1,"max":"1"},"type":[{"code":"Period"}],"mapping":[{"identity":"rim","map":"n/a"}]},{"id":"Encounter.type","path":"Encounter.type","short":"Specific type of encounter","definition":"Specific type of encounter (e.g. e-mail consultation, surgical day-care, skilled nursing, rehabilitation).","comment":"Since there are many ways to further classify encounters, this element is 0..*.","min":0,"max":"*","base":{"path":"Encounter.type","min":0,"max":"*"},"type":[{"code":"CodeableConcept"}],"isSummary":true,"binding":{"extension":[{"url":"http://hl7.org/fhir/StructureDefinition/elementdefinition-bindingName","valueString":"EncounterType"}],"strength":"example","description":"The type of encounter","valueSetReference":{"reference":"http://hl7.org/fhir/ValueSet/encounter-type"}},"mapping":[{"identity":"v2","map":"PV1-4 / PV1-18"},{"identity":"rim","map":".code"},{"identity":"w5","map":"class"}]},{"id":"Encounter.priority","path":"Encounter.priority","short":"Indicates the urgency of the encounter","definition":"Indicates the urgency of the encounter.","min":0,"max":"1","base":{"path":"Encounter.priority","min":0,"max":"1"},"type":[{"code":"CodeableConcept"}],"binding":{"extension":[{"url":"http://hl7.org/fhir/StructureDefinition/elementdefinition-bindingName","valueString":"Priority"}],"strength":"example","description":"Indicates the urgency of the encounter.","valueSetReference":{"reference":"http://hl7.org/fhir/ValueSet/v3-ActPriority"}},"mapping":[{"identity":"v2","map":"PV2-25"},{"identity":"rim","map":".priorityCode"},{"identity":"w5","map":"grade"}]},{"id":"Encounter.subject","path":"Encounter.subject","short":"The patient ro group present at the encounter","definition":"The patient ro group present at the encounter.","comment":"While the encounter is always about the patient, the patient may not actually be known in all contexts of use, and there may be a group of patients that could be anonymous (such as in a group therapy for Alcoholics Anonymous - where the recording of the encounter could be used for billing on the number of people/staff and not important to the context of the specific patients) or alternately in veterinary care a herd of sheep receiving treatment (where the animals are not individually tracked).","alias":["patient"],"min":0,"max":"1","base":{"path":"Encounter.subject","min":0,"max":"1"},"type":[{"code":"Reference","targetProfile":"http://hl7.org/fhir/StructureDefinition/Patient"},{"code":"Reference","targetProfile":"http://hl7.org/fhir/StructureDefinition/Group"}],"isSummary":true,"mapping":[{"identity":"v2","map":"PID-3"},{"identity":"rim","map":".participation[typeCode=SBJ]/role[classCode=PAT]"},{"identity":"w5","map":"who.focus"}]},{"id":"Encounter.episodeOfCare","path":"Encounter.episodeOfCare","short":"Episode(s) of care that this encounter should be recorded against","definition":"Where a specific encounter should be classified as a part of a specific episode(s) of care this field should be used. This association can facilitate grouping of related encounters together for a specific purpose, such as government reporting, issue tracking, association via a common problem.  The association is recorded on the encounter as these are typically created after the episode of care, and grouped on entry rather than editing the episode of care to append another encounter to it (the episode of care could span years).","min":0,"max":"*","base":{"path":"Encounter.episodeOfCare","min":0,"max":"*"},"type":[{"code":"Reference","targetProfile":"http://hl7.org/fhir/StructureDefinition/EpisodeOfCare"}],"isSummary":true,"mapping":[{"identity":"v2","map":"PV1-54, PV1-53"},{"identity":"rim","map":"n/a"},{"identity":"w5","map":"context"}]},{"id":"Encounter.incomingReferral","path":"Encounter.incomingReferral","short":"The ReferralRequest that initiated this encounter","definition":"The referral request this encounter satisfies (incoming referral).","min":0,"max":"*","base":{"path":"Encounter.incomingReferral","min":0,"max":"*"},"type":[{"code":"Reference","targetProfile":"http://hl7.org/fhir/StructureDefinition/ReferralRequest"}],"mapping":[{"identity":"rim","map":".reason.ClinicalDocument"}]},{"id":"Encounter.participant","path":"Encounter.participant","short":"List of participants involved in the encounter","definition":"The list of people responsible for providing the service.","min":0,"max":"*","base":{"path":"Encounter.participant","min":0,"max":"*"},"type":[{"code":"BackboneElement"}],"constraint":[{"key":"ele-1","severity":"error","human":"All FHIR elements must have a @value or children","expression":"hasValue() | (children().count() > id.count())","xpath":"@value|f:*|h:div","source":"http://hl7.org/fhir/StructureDefinition/Element"}],"isSummary":true,"mapping":[{"identity":"v2","map":"ROL"},{"identity":"rim","map":".participation[typeCode=PFM]"}]},{"id":"Encounter.participant.id","path":"Encounter.participant.id","representation":["xmlAttr"],"short":"xml:id (or equivalent in JSON)","definition":"unique id for the element within a resource (for internal references). This may be any string value that does not contain spaces.","min":0,"max":"1","base":{"path":"Element.id","min":0,"max":"1"},"type":[{"code":"string"}],"mapping":[{"identity":"rim","map":"n/a"}]},{"id":"Encounter.participant.extension","path":"Encounter.participant.extension","short":"Additional Content defined by implementations","definition":"May be used to represent additional information that is not part of the basic definition of the element. In order to make the use of extensions safe and manageable, there is a strict set of governance  applied to the definition and use of extensions. Though any implementer is allowed to define an extension, there is a set of requirements that SHALL be met as part of the definition of the extension.","comment":"There can be no stigma associated with the use of extensions by any application, project, or standard - regardless of the institution or jurisdiction that uses or defines the extensions.  The use of extensions is what allows the FHIR specification to retain a core level of simplicity for everyone.","alias":["extensions","user content"],"min":0,"max":"*","base":{"path":"Element.extension","min":0,"max":"*"},"type":[{"code":"Extension"}],"mapping":[{"identity":"rim","map":"n/a"}]},{"id":"Encounter.participant.modifierExtension","path":"Encounter.participant.modifierExtension","short":"Extensions that cannot be ignored","definition":"May be used to represent additional information that is not part of the basic definition of the element, and that modifies the understanding of the element that contains it. Usually modifier elements provide negation or qualification. In order to make the use of extensions safe and manageable, there is a strict set of governance applied to the definition and use of extensions. Though any implementer is allowed to define an extension, there is a set of requirements that SHALL be met as part of the definition of the extension. Applications processing a resource are required to check for modifier extensions.","comment":"There can be no stigma associated with the use of extensions by any application, project, or standard - regardless of the institution or jurisdiction that uses or defines the extensions.  The use of extensions is what allows the FHIR specification to retain a core level of simplicity for everyone.","alias":["extensions","user content","modifiers"],"min":0,"max":"*","base":{"path":"BackboneElement.modifierExtension","min":0,"max":"*"},"type":[{"code":"Extension"}],"isModifier":true,"isSummary":true,"mapping":[{"identity":"rim","map":"N/A"}]},{"id":"Encounter.participant.type","path":"Encounter.participant.type","short":"Role of participant in encounter","definition":"Role of participant in encounter.","comment":"The participant type indicates how an individual partitipates in an encounter. It includes non-practitioner participants, and for practitioners this is to describe the action type in the context of this encounter (e.g. Admitting Dr, Attending Dr, Translator, Consulting Dr). This is different to the practitioner roles which are functional roles, derived from terms of employment, education, licensing, etc.","min":0,"max":"*","base":{"path":"Encounter.participant.type","min":0,"max":"*"},"type":[{"code":"CodeableConcept"}],"isSummary":true,"binding":{"extension":[{"url":"http://hl7.org/fhir/StructureDefinition/elementdefinition-bindingName","valueString":"ParticipantType"}],"strength":"extensible","description":"Role of participant in encounter","valueSetReference":{"reference":"http://hl7.org/fhir/ValueSet/encounter-participant-type"}},"mapping":[{"identity":"v2","map":"ROL-3 (or maybe PRT-4)"},{"identity":"rim","map":".functionCode"}]},{"id":"Encounter.participant.period","path":"Encounter.participant.period","short":"Period of time during the encounter that the participant participated","definition":"The period of time that the specified participant participated in the encounter. These can overlap or be sub-sets of the overall encounter's period.","min":0,"max":"1","base":{"path":"Encounter.participant.period","min":0,"max":"1"},"type":[{"code":"Period"}],"mapping":[{"identity":"v2","map":"ROL-5, ROL-6 (or maybe PRT-5)"},{"identity":"rim","map":".time"}]},{"id":"Encounter.participant.individual","path":"Encounter.participant.individual","short":"Persons involved in the encounter other than the patient","definition":"Persons involved in the encounter other than the patient.","min":0,"max":"1","base":{"path":"Encounter.participant.individual","min":0,"max":"1"},"type":[{"code":"Reference","targetProfile":"http://hl7.org/fhir/StructureDefinition/Practitioner"},{"code":"Reference","targetProfile":"http://hl7.org/fhir/StructureDefinition/RelatedPerson"}],"isSummary":true,"mapping":[{"identity":"v2","map":"ROL-4"},{"identity":"rim","map":".role"},{"identity":"w5","map":"who"}]},{"id":"Encounter.appointment","path":"Encounter.appointment","short":"The appointment that scheduled this encounter","definition":"The appointment that scheduled this encounter.","min":0,"max":"1","base":{"path":"Encounter.appointment","min":0,"max":"1"},"type":[{"code":"Reference","targetProfile":"http://hl7.org/fhir/StructureDefinition/Appointment"}],"isSummary":true,"mapping":[{"identity":"v2","map":"SCH-1 / SCH-2"},{"identity":"rim","map":".outboundRelationship[typeCode=FLFS].target[classCode=ENC, moodCode=APT]"}]},{"id":"Encounter.period","path":"Encounter.period","short":"The start and end time of the encounter","definition":"The start and end time of the encounter.","comment":"If not (yet) known, the end of the Period may be omitted.","min":0,"max":"1","base":{"path":"Encounter.period","min":0,"max":"1"},"type":[{"code":"Period"}],"mapping":[{"identity":"v2","map":"PV1-44, PV1-45"},{"identity":"rim","map":".effectiveTime (low & high)"},{"identity":"w5","map":"when.done"}]},{"id":"Encounter.length","path":"Encounter.length","short":"Quantity of time the encounter lasted (less time absent)","definition":"Quantity of time the encounter lasted. This excludes the time during leaves of absence.","comment":"May differ from the time the Encounter.period lasted because of leave of absence.","min":0,"max":"1","base":{"path":"Encounter.length","min":0,"max":"1"},"type":[{"code":"Duration"}],"mapping":[{"identity":"v2","map":"(PV1-45 less PV1-44) iff ( (PV1-44 not empty) and (PV1-45 not empty) ); units in minutes"},{"identity":"rim","map":".lengthOfStayQuantity"}]},{"id":"Encounter.reason","path":"Encounter.reason","short":"Reason the encounter takes place (code)","definition":"Reason the encounter takes place, expressed as a code. For admissions, this can be used for a coded admission diagnosis.","comment":"For systems that need to know which was the primary diagnosis, these will be marked with the standard extension primaryDiagnosis (which is a sequence value rather than a flag, 1 = primary diagnosis).","alias":["Indication","Admission diagnosis"],"min":0,"max":"*","base":{"path":"Encounter.reason","min":0,"max":"*"},"type":[{"code":"CodeableConcept"}],"isSummary":true,"binding":{"extension":[{"url":"http://hl7.org/fhir/StructureDefinition/elementdefinition-bindingName","valueString":"EncounterReason"}],"strength":"preferred","description":"Reason why the encounter takes place.","valueSetReference":{"reference":"http://hl7.org/fhir/ValueSet/encounter-reason"}},"mapping":[{"identity":"v2","map":"EVN-4 / PV2-3 (note: PV2-3 is nominally constrained to inpatient admissions; HL7 v2 makes no vocabulary suggestions for PV2-3; would not expect PV2 segment or PV2-3 to be in use in all implementations )"},{"identity":"rim","map":".reasonCode"},{"identity":"w5","map":"why"}]},{"id":"Encounter.diagnosis","extension":[{"url":"http://hl7.org/fhir/StructureDefinition/structuredefinition-explicit-type-name","valueString":"Diagnosis"}],"path":"Encounter.diagnosis","short":"The list of diagnosis relevant to this encounter","definition":"The list of diagnosis relevant to this encounter.","min":0,"max":"*","base":{"path":"Encounter.diagnosis","min":0,"max":"*"},"type":[{"code":"BackboneElement"}],"constraint":[{"key":"ele-1","severity":"error","human":"All FHIR elements must have a @value or children","expression":"hasValue() | (children().count() > id.count())","xpath":"@value|f:*|h:div","source":"http://hl7.org/fhir/StructureDefinition/Element"}],"isSummary":true,"mapping":[{"identity":"rim","map":".outboundRelationship[typeCode=RSON]"}]},{"id":"Encounter.diagnosis.id","path":"Encounter.diagnosis.id","representation":["xmlAttr"],"short":"xml:id (or equivalent in JSON)","definition":"unique id for the element within a resource (for internal references). This may be any string value that does not contain spaces.","min":0,"max":"1","base":{"path":"Element.id","min":0,"max":"1"},"type":[{"code":"string"}],"mapping":[{"identity":"rim","map":"n/a"}]},{"id":"Encounter.diagnosis.extension","path":"Encounter.diagnosis.extension","short":"Additional Content defined by implementations","definition":"May be used to represent additional information that is not part of the basic definition of the element. In order to make the use of extensions safe and manageable, there is a strict set of governance  applied to the definition and use of extensions. Though any implementer is allowed to define an extension, there is a set of requirements that SHALL be met as part of the definition of the extension.","comment":"There can be no stigma associated with the use of extensions by any application, project, or standard - regardless of the institution or jurisdiction that uses or defines the extensions.  The use of extensions is what allows the FHIR specification to retain a core level of simplicity for everyone.","alias":["extensions","user content"],"min":0,"max":"*","base":{"path":"Element.extension","min":0,"max":"*"},"type":[{"code":"Extension"}],"mapping":[{"identity":"rim","map":"n/a"}]},{"id":"Encounter.diagnosis.modifierExtension","path":"Encounter.diagnosis.modifierExtension","short":"Extensions that cannot be ignored","definition":"May be used to represent additional information that is not part of the basic definition of the element, and that modifies the understanding of the element that contains it. Usually modifier elements provide negation or qualification. In order to make the use of extensions safe and manageable, there is a strict set of governance applied to the definition and use of extensions. Though any implementer is allowed to define an extension, there is a set of requirements that SHALL be met as part of the definition of the extension. Applications processing a resource are required to check for modifier extensions.","comment":"There can be no stigma associated with the use of extensions by any application, project, or standard - regardless of the institution or jurisdiction that uses or defines the extensions.  The use of extensions is what allows the FHIR specification to retain a core level of simplicity for everyone.","alias":["extensions","user content","modifiers"],"min":0,"max":"*","base":{"path":"BackboneElement.modifierExtension","min":0,"max":"*"},"type":[{"code":"Extension"}],"isModifier":true,"isSummary":true,"mapping":[{"identity":"rim","map":"N/A"}]},{"id":"Encounter.diagnosis.condition","path":"Encounter.diagnosis.condition","short":"Reason the encounter takes place (resource)","definition":"Reason the encounter takes place, as specified using information from another resource. For admissions, this is the admission diagnosis. The indication will typically be a Condition (with other resources referenced in the evidence.detail), or a Procedure.","comment":"For systems that need to know which was the primary diagnosis, these will be marked with the standard extension primaryDiagnosis (which is a sequence value rather than a flag, 1 = primary diagnosis).","alias":["Admission diagnosis","discharge diagnosis","indication"],"min":1,"max":"1","base":{"path":"Encounter.diagnosis.condition","min":1,"max":"1"},"type":[{"code":"Reference","targetProfile":"http://hl7.org/fhir/StructureDefinition/Condition"},{"code":"Reference","targetProfile":"http://hl7.org/fhir/StructureDefinition/Procedure"}],"mapping":[{"identity":"v2","map":"Resources that would commonly referenced at Encounter.indication would be Condition and/or Procedure. These most closely align with DG1/PRB and PR1 respectively."},{"identity":"rim","map":".outboundRelationship[typeCode=RSON].target"},{"identity":"w5","map":"why"}]},{"id":"Encounter.diagnosis.role","path":"Encounter.diagnosis.role","short":"Role that this diagnosis has within the encounter (e.g. admission, billing, discharge …)","definition":"Role that this diagnosis has within the encounter (e.g. admission, billing, discharge …).","min":0,"max":"1","base":{"path":"Encounter.diagnosis.role","min":0,"max":"1"},"type":[{"code":"CodeableConcept"}],"binding":{"extension":[{"url":"http://hl7.org/fhir/StructureDefinition/elementdefinition-bindingName","valueString":"DiagnosisRole"},{"url":"http://hl7.org/fhir/StructureDefinition/elementdefinition-isCommonBinding","valueBoolean":true}],"strength":"preferred","description":"The type of diagnosis this condition represents","valueSetReference":{"reference":"http://hl7.org/fhir/ValueSet/diagnosis-role"}},"mapping":[{"identity":"rim","map":"n/a"}]},{"id":"Encounter.diagnosis.rank","path":"Encounter.diagnosis.rank","short":"Ranking of the diagnosis (for each role type)","definition":"Ranking of the diagnosis (for each role type).","min":0,"max":"1","base":{"path":"Encounter.diagnosis.rank","min":0,"max":"1"},"type":[{"code":"positiveInt"}],"mapping":[{"identity":"rim","map":".outboundRelationship[typeCode=RSON].priority"}]},{"id":"Encounter.account","path":"Encounter.account","short":"The set of accounts that may be used for billing for this Encounter","definition":"The set of accounts that may be used for billing for this Encounter.","comment":"The billing system may choose to allocate billable items associated with the Encounter to different referenced Accounts based on internal business rules.","min":0,"max":"*","base":{"path":"Encounter.account","min":0,"max":"*"},"type":[{"code":"Reference","targetProfile":"http://hl7.org/fhir/StructureDefinition/Account"}],"mapping":[{"identity":"rim","map":".pertains.A_Account"}]},{"id":"Encounter.hospitalization","path":"Encounter.hospitalization","short":"Details about the admission to a healthcare service","definition":"Details about the admission to a healthcare service.","comment":"An Encounter may cover more than just the inpatient stay. Contexts such as outpatients, community clinics, and aged care facilities are also included.\r\rThe duration recorded in the period of this encounter covers the entire scope of this hospitalization record.","min":0,"max":"1","base":{"path":"Encounter.hospitalization","min":0,"max":"1"},"type":[{"code":"BackboneElement"}],"constraint":[{"key":"ele-1","severity":"error","human":"All FHIR elements must have a @value or children","expression":"hasValue() | (children().count() > id.count())","xpath":"@value|f:*|h:div","source":"http://hl7.org/fhir/StructureDefinition/Element"}],"mapping":[{"identity":"rim","map":".outboundRelationship[typeCode=COMP].target[classCode=ENC, moodCode=EVN]"}]},{"id":"Encounter.hospitalization.id","path":"Encounter.hospitalization.id","representation":["xmlAttr"],"short":"xml:id (or equivalent in JSON)","definition":"unique id for the element within a resource (for internal references). This may be any string value that does not contain spaces.","min":0,"max":"1","base":{"path":"Element.id","min":0,"max":"1"},"type":[{"code":"string"}],"mapping":[{"identity":"rim","map":"n/a"}]},{"id":"Encounter.hospitalization.extension","path":"Encounter.hospitalization.extension","short":"Additional Content defined by implementations","definition":"May be used to represent additional information that is not part of the basic definition of the element. In order to make the use of extensions safe and manageable, there is a strict set of governance  applied to the definition and use of extensions. Though any implementer is allowed to define an extension, there is a set of requirements that SHALL be met as part of the definition of the extension.","comment":"There can be no stigma associated with the use of extensions by any application, project, or standard - regardless of the institution or jurisdiction that uses or defines the extensions.  The use of extensions is what allows the FHIR specification to retain a core level of simplicity for everyone.","alias":["extensions","user content"],"min":0,"max":"*","base":{"path":"Element.extension","min":0,"max":"*"},"type":[{"code":"Extension"}],"mapping":[{"identity":"rim","map":"n/a"}]},{"id":"Encounter.hospitalization.modifierExtension","path":"Encounter.hospitalization.modifierExtension","short":"Extensions that cannot be ignored","definition":"May be used to represent additional information that is not part of the basic definition of the element, and that modifies the understanding of the element that contains it. Usually modifier elements provide negation or qualification. In order to make the use of extensions safe and manageable, there is a strict set of governance applied to the definition and use of extensions. Though any implementer is allowed to define an extension, there is a set of requirements that SHALL be met as part of the definition of the extension. Applications processing a resource are required to check for modifier extensions.","comment":"There can be no stigma associated with the use of extensions by any application, project, or standard - regardless of the institution or jurisdiction that uses or defines the extensions.  The use of extensions is what allows the FHIR specification to retain a core level of simplicity for everyone.","alias":["extensions","user content","modifiers"],"min":0,"max":"*","base":{"path":"BackboneElement.modifierExtension","min":0,"max":"*"},"type":[{"code":"Extension"}],"isModifier":true,"isSummary":true,"mapping":[{"identity":"rim","map":"N/A"}]},{"id":"Encounter.hospitalization.preAdmissionIdentifier","path":"Encounter.hospitalization.preAdmissionIdentifier","short":"Pre-admission identifier","definition":"Pre-admission identifier.","min":0,"max":"1","base":{"path":"Encounter.hospitalization.preAdmissionIdentifier","min":0,"max":"1"},"type":[{"code":"Identifier"}],"mapping":[{"identity":"v2","map":"PV1-5"},{"identity":"rim","map":".id"}]},{"id":"Encounter.hospitalization.origin","path":"Encounter.hospitalization.origin","short":"The location from which the patient came before admission","definition":"The location from which the patient came before admission.","min":0,"max":"1","base":{"path":"Encounter.hospitalization.origin","min":0,"max":"1"},"type":[{"code":"Reference","targetProfile":"http://hl7.org/fhir/StructureDefinition/Location"}],"mapping":[{"identity":"rim","map":".participation[typeCode=ORG].role"}]},{"id":"Encounter.hospitalization.admitSource","path":"Encounter.hospitalization.admitSource","short":"From where patient was admitted (physician referral, transfer)","definition":"From where patient was admitted (physician referral, transfer).","min":0,"max":"1","base":{"path":"Encounter.hospitalization.admitSource","min":0,"max":"1"},"type":[{"code":"CodeableConcept"}],"binding":{"extension":[{"url":"http://hl7.org/fhir/StructureDefinition/elementdefinition-bindingName","valueString":"AdmitSource"}],"strength":"preferred","description":"From where the patient was admitted.","valueSetReference":{"reference":"http://hl7.org/fhir/ValueSet/encounter-admit-source"}},"mapping":[{"identity":"v2","map":"PV1-14"},{"identity":"rim","map":".admissionReferralSourceCode"}]},{"id":"Encounter.hospitalization.reAdmission","path":"Encounter.hospitalization.reAdmission","short":"The type of hospital re-admission that has occurred (if any). If the value is absent, then this is not identified as a readmission","definition":"Whether this hospitalization is a readmission and why if known.","min":0,"max":"1","base":{"path":"Encounter.hospitalization.reAdmission","min":0,"max":"1"},"type":[{"code":"CodeableConcept"}],"binding":{"extension":[{"url":"http://hl7.org/fhir/StructureDefinition/elementdefinition-bindingName","valueString":"ReAdmissionType"}],"strength":"example","description":"The reason for re-admission of this hospitalization encounter.","valueSetReference":{"reference":"http://hl7.org/fhir/ValueSet/v2-0092"}},"mapping":[{"identity":"v2","map":"PV1-13"},{"identity":"rim","map":"n/a"}]},{"id":"Encounter.hospitalization.dietPreference","path":"Encounter.hospitalization.dietPreference","short":"Diet preferences reported by the patient","definition":"Diet preferences reported by the patient.","comment":"For example a patient may request both a dairy-free and nut-free diet preference (not mutually exclusive).","requirements":"Used to track patient's diet restrictions and/or preference. For a complete description of the nutrition needs of a patient during their stay, one should use the nutritionOrder resource which links to Encounter.","min":0,"max":"*","base":{"path":"Encounter.hospitalization.dietPreference","min":0,"max":"*"},"type":[{"code":"CodeableConcept"}],"binding":{"extension":[{"url":"http://hl7.org/fhir/StructureDefinition/elementdefinition-bindingName","valueString":"PatientDiet"}],"strength":"example","description":"Medical, cultural or ethical food preferences to help with catering requirements.","valueSetReference":{"reference":"http://hl7.org/fhir/ValueSet/encounter-diet"}},"mapping":[{"identity":"v2","map":"PV1-38"},{"identity":"rim","map":".outboundRelationship[typeCode=COMP].target[classCode=SBADM, moodCode=EVN, code=\"diet\"]"}]},{"id":"Encounter.hospitalization.specialCourtesy","path":"Encounter.hospitalization.specialCourtesy","short":"Special courtesies (VIP, board member)","definition":"Special courtesies (VIP, board member).","min":0,"max":"*","base":{"path":"Encounter.hospitalization.specialCourtesy","min":0,"max":"*"},"type":[{"code":"CodeableConcept"}],"binding":{"extension":[{"url":"http://hl7.org/fhir/StructureDefinition/elementdefinition-bindingName","valueString":"Courtesies"}],"strength":"preferred","description":"Special courtesies","valueSetReference":{"reference":"http://hl7.org/fhir/ValueSet/encounter-special-courtesy"}},"mapping":[{"identity":"v2","map":"PV1-16"},{"identity":"rim","map":".specialCourtesiesCode"}]},{"id":"Encounter.hospitalization.specialArrangement","path":"Encounter.hospitalization.specialArrangement","short":"Wheelchair, translator, stretcher, etc.","definition":"Any special requests that have been made for this hospitalization encounter, such as the provision of specific equipment or other things.","min":0,"max":"*","base":{"path":"Encounter.hospitalization.specialArrangement","min":0,"max":"*"},"type":[{"code":"CodeableConcept"}],"binding":{"extension":[{"url":"http://hl7.org/fhir/StructureDefinition/elementdefinition-bindingName","valueString":"Arrangements"}],"strength":"preferred","description":"Special arrangements","valueSetReference":{"reference":"http://hl7.org/fhir/ValueSet/encounter-special-arrangements"}},"mapping":[{"identity":"v2","map":"PV1-15 / OBR-30 / OBR-43"},{"identity":"rim","map":".specialArrangementCode"}]},{"id":"Encounter.hospitalization.destination","path":"Encounter.hospitalization.destination","short":"Location to which the patient is discharged","definition":"Location to which the patient is discharged.","min":0,"max":"1","base":{"path":"Encounter.hospitalization.destination","min":0,"max":"1"},"type":[{"code":"Reference","targetProfile":"http://hl7.org/fhir/StructureDefinition/Location"}],"mapping":[{"identity":"v2","map":"PV1-37"},{"identity":"rim","map":".participation[typeCode=DST]"}]},{"id":"Encounter.hospitalization.dischargeDisposition","path":"Encounter.hospitalization.dischargeDisposition","short":"Category or kind of location after discharge","definition":"Category or kind of location after discharge.","min":0,"max":"1","base":{"path":"Encounter.hospitalization.dischargeDisposition","min":0,"max":"1"},"type":[{"code":"CodeableConcept"}],"binding":{"extension":[{"url":"http://hl7.org/fhir/StructureDefinition/elementdefinition-bindingName","valueString":"DischargeDisp"}],"strength":"example","description":"Discharge Disposition","valueSetReference":{"reference":"http://hl7.org/fhir/ValueSet/encounter-discharge-disposition"}},"mapping":[{"identity":"v2","map":"PV1-36"},{"identity":"rim","map":".dischargeDispositionCode"}]},{"id":"Encounter.location","path":"Encounter.location","short":"List of locations where the patient has been","definition":"List of locations where  the patient has been during this encounter.","comment":"Virtual encounters can be recorded in the Encounter by specifying a location reference to a location of type \"kind\" such as \"client's home\" and an encounter.class = \"virtual\".","min":0,"max":"*","base":{"path":"Encounter.location","min":0,"max":"*"},"type":[{"code":"BackboneElement"}],"constraint":[{"key":"ele-1","severity":"error","human":"All FHIR elements must have a @value or children","expression":"hasValue() | (children().count() > id.count())","xpath":"@value|f:*|h:div","source":"http://hl7.org/fhir/StructureDefinition/Element"}],"mapping":[{"identity":"rim","map":".participation[typeCode=LOC]"}]},{"id":"Encounter.location.id","path":"Encounter.location.id","representation":["xmlAttr"],"short":"xml:id (or equivalent in JSON)","definition":"unique id for the element within a resource (for internal references). This may be any string value that does not contain spaces.","min":0,"max":"1","base":{"path":"Element.id","min":0,"max":"1"},"type":[{"code":"string"}],"mapping":[{"identity":"rim","map":"n/a"}]},{"id":"Encounter.location.extension","path":"Encounter.location.extension","short":"Additional Content defined by implementations","definition":"May be used to represent additional information that is not part of the basic definition of the element. In order to make the use of extensions safe and manageable, there is a strict set of governance  applied to the definition and use of extensions. Though any implementer is allowed to define an extension, there is a set of requirements that SHALL be met as part of the definition of the extension.","comment":"There can be no stigma associated with the use of extensions by any application, project, or standard - regardless of the institution or jurisdiction that uses or defines the extensions.  The use of extensions is what allows the FHIR specification to retain a core level of simplicity for everyone.","alias":["extensions","user content"],"min":0,"max":"*","base":{"path":"Element.extension","min":0,"max":"*"},"type":[{"code":"Extension"}],"mapping":[{"identity":"rim","map":"n/a"}]},{"id":"Encounter.location.modifierExtension","path":"Encounter.location.modifierExtension","short":"Extensions that cannot be ignored","definition":"May be used to represent additional information that is not part of the basic definition of the element, and that modifies the understanding of the element that contains it. Usually modifier elements provide negation or qualification. In order to make the use of extensions safe and manageable, there is a strict set of governance applied to the definition and use of extensions. Though any implementer is allowed to define an extension, there is a set of requirements that SHALL be met as part of the definition of the extension. Applications processing a resource are required to check for modifier extensions.","comment":"There can be no stigma associated with the use of extensions by any application, project, or standard - regardless of the institution or jurisdiction that uses or defines the extensions.  The use of extensions is what allows the FHIR specification to retain a core level of simplicity for everyone.","alias":["extensions","user content","modifiers"],"min":0,"max":"*","base":{"path":"BackboneElement.modifierExtension","min":0,"max":"*"},"type":[{"code":"Extension"}],"isModifier":true,"isSummary":true,"mapping":[{"identity":"rim","map":"N/A"}]},{"id":"Encounter.location.location","path":"Encounter.location.location","short":"Location the encounter takes place","definition":"The location where the encounter takes place.","min":1,"max":"1","base":{"path":"Encounter.location.location","min":1,"max":"1"},"type":[{"code":"Reference","targetProfile":"http://hl7.org/fhir/StructureDefinition/Location"}],"mapping":[{"identity":"v2","map":"PV1-3 / PV1-6 / PV1-11 / PV1-42 / PV1-43"},{"identity":"rim","map":".role"},{"identity":"w5","map":"where"}]},{"id":"Encounter.location.location.id","path":"Encounter.location.location.id","representation":["xmlAttr"],"short":"xml:id (or equivalent in JSON)","definition":"unique id for the element within a resource (for internal references). This may be any string value that does not contain spaces.","min":0,"max":"1","base":{"path":"Element.id","min":0,"max":"1"},"type":[{"code":"string"}],"mapping":[{"identity":"rim","map":"n/a"}]},{"id":"Encounter.location.location.extension","path":"Encounter.location.location.extension","slicing":{"discriminator":[{"type":"value","path":"url"}],"description":"Extensions are always sliced by (at least) url","rules":"open"},"short":"Additional Content defined by implementations","definition":"May be used to represent additional information that is not part of the basic definition of the element. In order to make the use of extensions safe and manageable, there is a strict set of governance  applied to the definition and use of extensions. Though any implementer is allowed to define an extension, there is a set of requirements that SHALL be met as part of the definition of the extension.","comment":"There can be no stigma associated with the use of extensions by any application, project, or standard - regardless of the institution or jurisdiction that uses or defines the extensions.  The use of extensions is what allows the FHIR specification to retain a core level of simplicity for everyone.","alias":["extensions","user content"],"min":0,"max":"*","base":{"path":"Element.extension","min":0,"max":"*"},"type":[{"code":"Extension"}],"mapping":[{"identity":"rim","map":"n/a"}]},{"id":"Encounter.location.location.reference","path":"Encounter.location.location.reference","short":"Literal reference, Relative, internal or absolute URL","definition":"A reference to a location at which the other resource is found. The reference may be a relative reference, in which case it is relative to the service base URL, or an absolute URL that resolves to the location where the resource is found. The reference may be version specific or not. If the reference is not to a FHIR RESTful server, then it should be assumed to be version specific. Internal fragment references (start with '#') refer to contained resources.","comment":"Using absolute URLs provides a stable scalable approach suitable for a cloud/web context, while using relative/logical references provides a flexible approach suitable for use when trading across closed eco-system boundaries.   Absolute URLs do not need to point to a FHIR RESTful server, though this is the preferred approach. If the URL conforms to the structure \"/[type]/[id]\" then it should be assumed that the reference is to a FHIR RESTful server.","min":0,"max":"1","base":{"path":"Reference.reference","min":0,"max":"1"},"type":[{"code":"string"}],"condition":["ref-1"],"isSummary":true,"mapping":[{"identity":"rim","map":"N/A"}]},{"id":"Encounter.location.location.identifier","path":"Encounter.location.location.identifier","short":"Logical reference, when literal reference is not known","definition":"An identifier for the other resource. This is used when there is no way to reference the other resource directly, either because the entity is not available through a FHIR server, or because there is no way for the author of the resource to convert a known identifier to an actual location. There is no requirement that a Reference.identifier point to something that is actually exposed as a FHIR instance, but it SHALL point to a business concept that would be expected to be exposed as a FHIR instance, and that instance would need to be of a FHIR resource type allowed by the reference.","comment":"When an identifier is provided in place of a reference, any system processing the reference will only be able to resolve the identifier to a reference if it understands the business context in which the identifier is used. Sometimes this is global (e.g. a national identifier) but often it is not. For this reason, none of the useful mechanisms described for working with references (e.g. chaining, includes) are possible, nor should servers be expected to be able resolve the reference. Servers may accept an identifier based reference untouched, resolve it, and/or reject it - see CapabilityStatement.rest.resource.referencePolicy. \n\nWhen both an identifier and a literal reference are provided, the literal reference is preferred. Applications processing the resource are allowed - but not required - to check that the identifier matches the literal reference\n\nApplications converting a logical reference to a literal reference may choose to leave the logical reference present, or remove it.","min":0,"max":"1","base":{"path":"Reference.identifier","min":0,"max":"1"},"type":[{"code":"Identifier"}],"isSummary":true,"mapping":[{"identity":"rim","map":".identifier"}]},{"id":"Encounter.location.location.display","extension":[{"url":"http://hl7.org/fhir/StructureDefinition/elementdefinition-translatable","valueBoolean":true}],"path":"Encounter.location.location.display","label":"PATIENT LOCATION","short":"Text alternative for the resource","definition":"This is the requesting location.","comment":"This is generally not the same as the Resource.text of the referenced resource.  The purpose is to identify what's being referenced, not to fully describe it.","min":0,"max":"1","base":{"path":"Reference.display","min":0,"max":"1"},"type":[{"code":"string"}],"mustSupport":true,"isSummary":true,"mapping":[{"identity":"rim","map":"N/A"},{"identity":"vista","map":"EM @PATIENT LOCATION 63.02-.08b"}]},{"id":"Encounter.location.status","path":"Encounter.location.status","short":"planned | active | reserved | completed","definition":"The status of the participants' presence at the specified location during the period specified. If the participant is is no longer at the location, then the period will have an end date/time.","comment":"When the patient is no longer active at a location, then the period end date is entered, and the status may be changed to completed.","min":0,"max":"1","base":{"path":"Encounter.location.status","min":0,"max":"1"},"type":[{"code":"code"}],"binding":{"extension":[{"url":"http://hl7.org/fhir/StructureDefinition/elementdefinition-bindingName","valueString":"EncounterLocationStatus"}],"strength":"required","description":"The status of the location.","valueSetReference":{"reference":"http://hl7.org/fhir/ValueSet/encounter-location-status"}},"mapping":[{"identity":"rim","map":".role.statusCode"}]},{"id":"Encounter.location.period","path":"Encounter.location.period","short":"Time period during which the patient was present at the location","definition":"Time period during which the patient was present at the location.","min":0,"max":"1","base":{"path":"Encounter.location.period","min":0,"max":"1"},"type":[{"code":"Period"}],"mapping":[{"identity":"rim","map":".time"}]},{"id":"Encounter.serviceProvider","path":"Encounter.serviceProvider","short":"The custodian organization of this Encounter record","definition":"An organization that is in charge of maintaining the information of this Encounter (e.g. who maintains the report or the master service catalog item, etc.). This MAY be the same as the organization on the Patient record, however it could be different. This MAY not be not the Service Delivery Location's Organization.","min":0,"max":"1","base":{"path":"Encounter.serviceProvider","min":0,"max":"1"},"type":[{"code":"Reference","targetProfile":"http://hl7.org/fhir/StructureDefinition/Organization"}],"mapping":[{"identity":"v2","map":"PV1-10 / PL.6  & PL.1  (note: HL7 v2 definition is \"the treatment or type of surgery that the patient is scheduled to receive\"; seems slightly out of alignment with the concept name 'hospital service'. Would not trust that implementations apply this semantic by default)"},{"identity":"rim","map":".particiaption[typeCode=PFM].role"}]},{"id":"Encounter.partOf","path":"Encounter.partOf","short":"Another Encounter this encounter is part of","definition":"Another Encounter of which this encounter is a part of (administratively or in time).","comment":"This is also used for associating a child's encounter back to the mother's encounter.\r\rRefer to the Notes section in the Patient resource for further details.","min":0,"max":"1","base":{"path":"Encounter.partOf","min":0,"max":"1"},"type":[{"code":"Reference","targetProfile":"http://hl7.org/fhir/StructureDefinition/Encounter"}],"mapping":[{"identity":"rim","map":".inboundRelationship[typeCode=COMP].source[classCode=COMP, moodCode=EVN]"}]}]},"differential":{"element":[{"id":"Encounter","path":"Encounter"},{"id":"Encounter.status","path":"Encounter.status","fixedCode":"unknown","mustSupport":true},{"id":"Encounter.location.location.display","path":"Encounter.location.location.display","label":"PATIENT LOCATION","definition":"This is the requesting location.","mustSupport":true,"mapping":[{"identity":"vista","map":"EM @PATIENT LOCATION 63.02-.08b"}]}]}}