{"resourceType":"ValueSet","id":"pharmacy-finished-outpatient-order-status","text":{"status":"generated","div":"<div xmlns=\"http://www.w3.org/1999/xhtml\"><ul><li>Include these codes as defined in <code>http://va.gov/Terminology/VistaDefinedTerms/</code><table class=\"none\"><tr><td style=\"white-space:nowrap\"><b>Code</b></td><td><b>Display</b></td></tr><tr><td>16</td><td>PROVIDER HOLD</td></tr><tr><td>1</td><td>NON-VERIFIED</td></tr><tr><td>3</td><td>HOLD</td></tr><tr><td>11</td><td>EXPIRED</td></tr><tr><td>4</td><td>DRUG INTERACTIONS</td></tr><tr><td>5</td><td>SUSPENDED</td></tr><tr><td>10</td><td>DONE</td></tr><tr><td>15</td><td>DISCONTINUED (EDIT)</td></tr><tr><td>12</td><td>DISCONTINUED</td></tr><tr><td>13</td><td>DELETED</td></tr><tr><td>0</td><td>ACTIVE</td></tr></table></li></ul></div>"},"url":"http://va.gov/fhir/us/vha-ampl-ig/ValueSet/pharmacy-finished-outpatient-order-status","version":"0.0.74","name":"pharmacy-finished-outpatient-order-status","status":"draft","date":"2021-05-17T15:52:07.695Z","publisher":"JPSys","contact":[{"telecom":[{"system":"other","value":"https://jpsys.com"}]}],"jurisdiction":[{"coding":[{"system":"http://unstats.un.org/unsd/methods/m49/m49.htm","code":"840"}]}],"compose":{"include":[{"system":"http://va.gov/Terminology/VistaDefinedTerms/","concept":[{"code":"16","display":"PROVIDER HOLD"},{"code":"1","display":"NON-VERIFIED"},{"code":"3","display":"HOLD"},{"code":"11","display":"EXPIRED"},{"code":"4","display":"DRUG INTERACTIONS"},{"code":"5","display":"SUSPENDED"},{"code":"10","display":"DONE"},{"code":"15","display":"DISCONTINUED (EDIT)"},{"code":"12","display":"DISCONTINUED"},{"code":"13","display":"DELETED"},{"code":"0","display":"ACTIVE"}]}]}}