{"resourceType":"ValueSet","id":"pharmacy-pending-inpatient-order-status","text":{"status":"generated","div":"<div xmlns=\"http://www.w3.org/1999/xhtml\"><ul><li>Include these codes as defined in <code>http://va.gov/Terminology/VistaDefinedTerms/</code><table class=\"none\"><tr><td style=\"white-space:nowrap\"><b>Code</b></td><td><b>Display</b></td></tr><tr><td>I</td><td>INCOMPLETE</td></tr><tr><td>P</td><td>PENDING</td></tr><tr><td>N</td><td>NON-VERIFIED</td></tr><tr><td>A</td><td>ACTIVE</td></tr><tr><td>DE</td><td>DISCONTINUED (EDIT)</td></tr><tr><td>DE</td><td>DISCONTINUED (EDIT)</td></tr><tr><td>D</td><td>DISCONTINUED</td></tr><tr><td>U</td><td>UNRELEASED</td></tr></table></li></ul></div>"},"url":"http://va.gov/fhir/us/vha-ampl-ig/ValueSet/pharmacy-pending-inpatient-order-status","version":"0.0.77","name":"pharmacy-pending-inpatient-order-status","status":"draft","date":"2021-09-08T16:14:20.068Z","publisher":"JPSys","contact":[{"telecom":[{"system":"other","value":"https://jpsys.com"}]}],"jurisdiction":[{"coding":[{"system":"http://unstats.un.org/unsd/methods/m49/m49.htm","code":"840"}]}],"compose":{"include":[{"system":"http://va.gov/Terminology/VistaDefinedTerms/","concept":[{"code":"I","display":"INCOMPLETE"},{"code":"P","display":"PENDING"},{"code":"N","display":"NON-VERIFIED"},{"code":"A","display":"ACTIVE"},{"code":"DE","display":"DISCONTINUED (EDIT)"},{"code":"DE","display":"DISCONTINUED (EDIT)"},{"code":"D","display":"DISCONTINUED"},{"code":"U","display":"UNRELEASED"}]}]}}