<?xml version="1.0" encoding="UTF-8"?>

<ValueSet xmlns="http://hl7.org/fhir">
  <id value="pharmacy-pending-inpatient-order-status"/>
  <text>
    <status value="generated"/><div xmlns="http://www.w3.org/1999/xhtml"><ul><li>Include these codes as defined in <code>http://va.gov/Terminology/VistaDefinedTerms/</code><table class="none"><tr><td style="white-space:nowrap"><b>Code</b></td><td><b>Display</b></td></tr><tr><td>I</td><td>INCOMPLETE</td></tr><tr><td>P</td><td>PENDING</td></tr><tr><td>N</td><td>NON-VERIFIED</td></tr><tr><td>A</td><td>ACTIVE</td></tr><tr><td>DE</td><td>DISCONTINUED (EDIT)</td></tr><tr><td>DE</td><td>DISCONTINUED (EDIT)</td></tr><tr><td>D</td><td>DISCONTINUED</td></tr><tr><td>U</td><td>UNRELEASED</td></tr></table></li></ul></div>
  </text>
  <url value="http://va.gov/fhir/us/vha-ampl-ig/ValueSet/pharmacy-pending-inpatient-order-status"/>
  <version value="0.0.64"/>
  <name value="pharmacy-pending-inpatient-order-status"/>
  <status value="draft"/>
  <date value="2021-03-12T16:05:11.288Z"/>
  <publisher value="JPSys"/>
  <contact>
    <telecom>
      <system value="other"/>
      <value value="https://jpsys.com"/>
    </telecom>
  </contact>
  <jurisdiction>
    <coding>
      <system value="http://unstats.un.org/unsd/methods/m49/m49.htm"/>
      <code value="840"/>
    </coding>
  </jurisdiction>
  <compose>
    <include>
      <system value="http://va.gov/Terminology/VistaDefinedTerms/"/>
      <concept>
        <code value="I"/>
        <display value="INCOMPLETE"/>
      </concept>
      <concept>
        <code value="P"/>
        <display value="PENDING"/>
      </concept>
      <concept>
        <code value="N"/>
        <display value="NON-VERIFIED"/>
      </concept>
      <concept>
        <code value="A"/>
        <display value="ACTIVE"/>
      </concept>
      <concept>
        <code value="DE"/>
        <display value="DISCONTINUED (EDIT)"/>
      </concept>
      <concept>
        <code value="DE"/>
        <display value="DISCONTINUED (EDIT)"/>
      </concept>
      <concept>
        <code value="D"/>
        <display value="DISCONTINUED"/>
      </concept>
      <concept>
        <code value="U"/>
        <display value="UNRELEASED"/>
      </concept>
    </include>
  </compose>
</ValueSet>