"Path","Slice Name","Alias(s)","Label","Min","Max","Must Support?","Is Modifier?","Is Summary?","Type(s)","Short","Definition","Comments","Requirements","Default Value","Meaning When Missing","Fixed Value","Pattern","Example","Minimum Value","Maximum Value","Maximum Length","Binding Strength","Binding Description","Binding Value Set","Code","Slicing Discriminator","Slicing Description","Slicing Ordered","Slicing Rules","Base Path","Base Min","Base Max","Condition(s)","Constraint(s)","Mapping: VistA","Mapping: Workflow Mapping","Mapping: RIM Mapping","Mapping: W5 Mapping","Mapping: HL7 v2 Mapping"
"MedicationDispense","","","",0,*,"","","","","Dispensing a medication to a named patient","Indicates that a medication product is to be or has been dispensed for a named person/patient.  This includes a description of the medication product (supply) provided and the instructions for administering the medication.  The medication dispense is the result of a pharmacy system responding to a medication order.","The WG will be updating the MedicationDispense resource  to adjust each affected resource to align with the workflow pattern (see workflow.html).","","","","","","","","",,,,,"",,,,"MedicationDispense",0,*,"","dom-2:If the resource is contained in another resource, it SHALL NOT contain nested Resources {contained.contained.empty()}
dom-1:If the resource is contained in another resource, it SHALL NOT contain any narrative {contained.text.empty()}dom-4:If a resource is contained in another resource, it SHALL NOT have a meta.versionId or a meta.lastUpdated {contained.meta.versionId.empty() and contained.meta.lastUpdated.empty()}dom-3:If the resource is contained in another resource, it SHALL be referred to from elsewhere in the resource {contained.where(('#'+id in %resource.descendants().reference).not()).empty()}mdd-1:whenHandedOver cannot be before whenPrepared {whenHandedOver.empty() or whenPrepared.empty() or whenHandedOver >= whenPrepared}","..Event","Entity. Role, or Act","Supply[moodCode=EVN]","clinical.medication"
"MedicationDispense.id","","","",0,1,"","","Y","id {[]} {[]}
","Logical id of this artifact","The logical id of the resource, as used in the URL for the resource. Once assigned, this value never changes.","The only time that a resource does not have an id is when it is being submitted to the server using a create operation.","","","","","","","","",,,,,"",,,,"Resource.id",0,1,"",""
"MedicationDispense.meta","","","",0,1,"","","Y","Meta {[]} {[]}
","Metadata about the resource","The metadata about the resource. This is content that is maintained by the infrastructure. Changes to the content may not always be associated with version changes to the resource.","","","","","","","","","",,,,,"",,,,"Resource.meta",0,1,"",""
"MedicationDispense.implicitRules","","","",0,1,"","Y","Y","uri {[]} {[]}
","A set of rules under which this content was created","A reference to a set of rules that were followed when the resource was constructed, and which must be understood when processing the content.","Asserting this rule set restricts the content to be only understood by a limited set of trading partners. This inherently limits the usefulness of the data in the long term. However, the existing health eco-system is highly fractured, and not yet ready to define, collect, and exchange data in a generally computable sense. Wherever possible, implementers and/or specification writers should avoid using this element. 

This element is labelled as a modifier because the implicit rules may provide additional knowledge about the resource that modifies it's meaning or interpretation.","","","","","","","","",,,,,"",,,,"Resource.implicitRules",0,1,"",""
"MedicationDispense.language","","","",0,1,"","","","code {[]} {[]}
","Language of the resource content","The base language in which the resource is written.","Language is provided to support indexing and accessibility (typically, services such as text to speech use the language tag). The html language tag in the narrative applies  to the narrative. The language tag on the resource may be used to specify the language of other presentations generated from the data in the resource  Not all the content has to be in the base language. The Resource.language should not be assumed to apply to the narrative automatically. If a language is specified, it should it also be specified on the div element in the html (see rules in HTML5 for information about the relationship between xml:lang and the html lang attribute).","","","","","","","","",,"extensible","A human language.","http://hl7.org/fhir/ValueSet/languages","",,,,"Resource.language",0,1,"",""
"MedicationDispense.text","","narrative
htmlxhtmldisplay","",0,1,"","","","Narrative {[]} {[]}
","Text summary of the resource, for human interpretation","A human-readable narrative that contains a summary of the resource, and may be used to represent the content of the resource to a human. The narrative need not encode all the structured data, but is required to contain sufficient detail to make it ""clinically safe"" for a human to just read the narrative. Resource definitions may define what content should be represented in the narrative to ensure clinical safety.","Contained resources do not have narrative. Resources that are not contained SHOULD have a narrative. In some cases, a resource may only have text with little or no additional discrete data (as long as all minOccurs=1 elements are satisfied).  This may be necessary for data from legacy systems where information is captured as a ""text blob"" or where text is additionally entered raw or narrated and encoded in formation is added later.","","","","","","","","",,,,,"",,,,"DomainResource.text",0,1,"dom-1
","","Act.text?"
"MedicationDispense.contained","","inline resources
anonymous resourcescontained resources","",0,*,"","","","Resource {[]} {[]}
","Contained, inline Resources","These resources do not have an independent existence apart from the resource that contains them - they cannot be identified independently, and nor can they have their own independent transaction scope.","This should never be done when the content can be identified properly, as once identification is lost, it is extremely difficult (and context dependent) to restore it again.","","","","","","","","",,,,,"",,,,"DomainResource.contained",0,*,"","","N/A"
"MedicationDispense.extension","","","",0,*,"","","","Extension {[]} {[]}
","Extension","An Extension","","","","","","","","","",,,,,"","value:url}
","",,"open","DomainResource.extension",0,*,"",""
"MedicationDispense.extension","medicationdispense-fillDate","","PARTIAL DATE",0,*,"Y","","","Extension {[CanonicalType[http://va.gov/fhir/us/vha-ampl-ig/StructureDefinition/medicationdispense-fillDate]]} {[]}
","Optional Extensions Element","This is the date the partial was made.","","","","","","","","","",,,,,"",,,,"DomainResource.extension",0,*,"ele-1
","ele-1:All FHIR elements must have a @value or children {hasValue() | (children().count() > id.count())}
ext-1:Must have either extensions or value[x], not both {extension.exists() != value.exists()}","PRESCRIPTION @PARTIAL DATE 52.2-.01","n/a","N/A"
"MedicationDispense.extension","medicationdispense-fillRequestDate","","LOGIN DATE",0,*,"Y","","","Extension {[CanonicalType[http://va.gov/fhir/us/vha-ampl-ig/StructureDefinition/medicationdispense-fillRequestDate]]} {[]}
","Optional Extensions Element","This is the date that the prescription was entered.","","","","","","","","","",,,,,"",,,,"DomainResource.extension",0,*,"ele-1
","ele-1:All FHIR elements must have a @value or children {hasValue() | (children().count() > id.count())}
ext-1:Must have either extensions or value[x], not both {extension.exists() != value.exists()}","PRESCRIPTION @LOGIN DATE 52.2-.08","n/a","N/A"
"MedicationDispense.extension","richAnnotation-comment-text","","REMARKS",0,*,"Y","","","Extension {[CanonicalType[http://va.gov/fhir/us/vha-ampl-ig/StructureDefinition/richAnnotation.comment.text]]} {[]}
","Extension","These are any additional comments.","","","","","","","","","",,,,,"",,,,"DomainResource.extension",0,*,"ele-1
","ele-1:All FHIR elements must have a @value or children {hasValue() | (children().count() > id.count())}
ext-1:Must have either extensions or value[x], not both {extension.exists() != value.exists()}","PRESCRIPTION @REMARKS 52.2-.03"
"MedicationDispense.extension","medicationdispense-dispenseChannel","","MAIL/WINDOW",0,*,"Y","","","Extension {[CanonicalType[http://va.gov/fhir/us/vha-ampl-ig/StructureDefinition/medicationdispense-dispenseChannel]]} {[]}
","Optional Extensions Element","This field tells whether the medication was picked up  or mailed to the patient.","","","","","","","","","",,,,,"",,,,"DomainResource.extension",0,*,"ele-1
","ele-1:All FHIR elements must have a @value or children {hasValue() | (children().count() > id.count())}
ext-1:Must have either extensions or value[x], not both {extension.exists() != value.exists()}","PRESCRIPTION @MAIL/WINDOW 52.2-.02","n/a","N/A"
"MedicationDispense.modifierExtension","","extensions
user content","",0,*,"","Y","","Extension {[]} {[]}
","Extensions that cannot be ignored","May be used to represent additional information that is not part of the basic definition of the resource, and that modifies the understanding of the element that contains it. Usually modifier elements provide negation or qualification. In order to make the use of extensions safe and manageable, there is a strict set of governance applied to the definition and use of extensions. Though any implementer is allowed to define an extension, there is a set of requirements that SHALL be met as part of the definition of the extension. Applications processing a resource are required to check for modifier extensions.","There can be no stigma associated with the use of extensions by any application, project, or standard - regardless of the institution or jurisdiction that uses or defines the extensions.  The use of extensions is what allows the FHIR specification to retain a core level of simplicity for everyone.","","","","","","","","",,,,,"",,,,"DomainResource.modifierExtension",0,*,"","","N/A"
"MedicationDispense.identifier","","","",0,*,"","","","Identifier {[]} {[]}
","External identifier","Identifier assigned by the dispensing facility - this is an identifier assigned outside FHIR.","","","","","","","","","",,,,,"",,,,"MedicationDispense.identifier",0,*,"","","…identifier",".id","id"
"MedicationDispense.partOf","","","",0,*,"","","","Reference {[]} {[CanonicalType[http://hl7.org/fhir/StructureDefinition/Procedure]]}
","Event that dispense is part of","The procedure that the dispense is done because of.","","","","","","","","","",,,,,"",,,,"MedicationDispense.partOf",0,*,"","","…part of",".outboundRelationship[typeCode=COMP]/target[classCode=PROC,moodCode=EVN]"
"MedicationDispense.status","","","",0,1,"","Y","Y","code {[]} {[]}
","preparation | in-progress | on-hold | completed | entered-in-error | stopped","A code specifying the state of the set of dispense events.","This element is labeled as a modifier because the status contains codes that mark the resource as not currently valid.","","","","","","","","",,"required","A coded concept specifying the state of the dispense event.","http://hl7.org/fhir/ValueSet/medication-dispense-status","",,,,"MedicationDispense.status",0,1,"","","…status",".statusCode","status"
"MedicationDispense.category","","","",0,1,"","","","CodeableConcept {[]} {[]}
","Type of medication dispense","Indicates type of medication dispense and where the medication is expected to be consumed or administered.","","","","","","","","","",,"preferred","A code describing where the dispensed medication is expected to be consumed or administered","http://hl7.org/fhir/ValueSet/medication-dispense-category","",,,,"MedicationDispense.category",0,1,"","",".inboundRelationship[typeCode=COMP].source[classCode=OBS, moodCode=EVN, code=""type of medication dispense""].value"
"MedicationDispense.medication[x]","","","",1,1,"","","Y","CodeableConcept {[]} {[]}
Reference {[]} {[CanonicalType[http://hl7.org/fhir/StructureDefinition/Medication]]}","What medication was supplied","Identifies the medication being administered. This is either a link to a resource representing the details of the medication or a simple attribute carrying a code that identifies the medication from a known list of medications.","If only a code is specified, then it needs to be a code for a specific product. If more information is required, then the use of the medication resource is recommended.  For example if you require form or lot number, then you must reference the Medication resource. .","","","","","","","","",,"example","A coded concept identifying which substance or product can be dispensed","http://hl7.org/fhir/ValueSet/medication-codes","",,,,"MedicationDispense.medication[x]",1,1,"","","…code",".participation[typeCode=PRD].role","what","RXD-2-Dispense/Give Code"
"MedicationDispense.subject","","","",0,1,"","","Y","Reference {[]} {[CanonicalType[http://hl7.org/fhir/StructureDefinition/Patient], CanonicalType[http://hl7.org/fhir/StructureDefinition/Group]]}
","Who the dispense is for","A link to a resource representing the person or the group to whom the medication will be given.","SubstanceAdministration->subject->Patient.","","","","","","","","",,,,,"",,,,"MedicationDispense.subject",0,1,"","","…subject",".participation[typeCode=SBJ].role[classCode=PAT]","who.focus","PID-3-Patient ID List"
"MedicationDispense.context","","","",0,1,"","","","Reference {[]} {[CanonicalType[http://hl7.org/fhir/StructureDefinition/Encounter], CanonicalType[http://hl7.org/fhir/StructureDefinition/EpisodeOfCare]]}
","Encounter / Episode associated with event","The encounter or episode of care that establishes the context for this event.","","","","","","","","","",,,,,"",,,,"MedicationDispense.context",0,1,"","","…context",".inboundRelationship[typeCode=COMP].source[classCode=ENC, moodCode=EVN, code=""type of encounter or episode""]"
"MedicationDispense.supportingInformation","","","",0,*,"","","","Reference {[]} {[CanonicalType[http://hl7.org/fhir/StructureDefinition/Resource]]}
","Information that supports the dispensing of the medication","Additional information that supports the medication being dispensed.","","","","","","","","","",,,,,"",,,,"MedicationDispense.supportingInformation",0,*,"","",".outboundRelationship[typeCode=PERT].target[A_SupportingClinicalStatement CMET minimal with many different choices of classCodes(ORG, ENC, PROC, SPLY, SBADM, OBS) and each of the act class codes draws from one or more of the following moodCodes (EVN, DEF, INT PRMS, RQO, PRP, APT, ARQ, GOL)]","context"
"MedicationDispense.performer","","","",0,*,"","","","BackboneElement {[]} {[]}
","Who performed event","Indicates who or what performed the event.  It should be assumed that the performer is the dispenser of the medication.","The performer will be reviewed as part of STU4.","","","","","","","","",,,,,"",,,,"MedicationDispense.performer",0,*,"","ele-1:All FHIR elements must have a @value or children {hasValue() | (children().count() > id.count())}
","…performer",".participation[typeCode=PRF]"
"MedicationDispense.performer.id","","","",0,1,"","","","string {[]} {[]}
","xml:id (or equivalent in JSON)","unique id for the element within a resource (for internal references). This may be any string value that does not contain spaces.","","","","","","","","","",,,,,"",,,,"Element.id",0,1,"","","n/a"
"MedicationDispense.performer.extension","","extensions
user content","",0,*,"","","","Extension {[]} {[]}
","Additional Content defined by implementations","May be used to represent additional information that is not part of the basic definition of the element. In order to make the use of extensions safe and manageable, there is a strict set of governance  applied to the definition and use of extensions. Though any implementer is allowed to define an extension, there is a set of requirements that SHALL be met as part of the definition of the extension.","There can be no stigma associated with the use of extensions by any application, project, or standard - regardless of the institution or jurisdiction that uses or defines the extensions.  The use of extensions is what allows the FHIR specification to retain a core level of simplicity for everyone.","","","","","","","","",,,,,"",,,,"Element.extension",0,*,"","","n/a"
"MedicationDispense.performer.modifierExtension","","extensions
user contentmodifiers","",0,*,"","Y","Y","Extension {[]} {[]}
","Extensions that cannot be ignored","May be used to represent additional information that is not part of the basic definition of the element, and that modifies the understanding of the element that contains it. Usually modifier elements provide negation or qualification. In order to make the use of extensions safe and manageable, there is a strict set of governance applied to the definition and use of extensions. Though any implementer is allowed to define an extension, there is a set of requirements that SHALL be met as part of the definition of the extension. Applications processing a resource are required to check for modifier extensions.","There can be no stigma associated with the use of extensions by any application, project, or standard - regardless of the institution or jurisdiction that uses or defines the extensions.  The use of extensions is what allows the FHIR specification to retain a core level of simplicity for everyone.","","","","","","","","",,,,,"",,,,"BackboneElement.modifierExtension",0,*,"","","N/A"
"MedicationDispense.performer.actor","","","REMOTE PHARMACIST",1,1,"Y","","","Reference {[]} {[CanonicalType[http://hl7.org/fhir/StructureDefinition/Practitioner], CanonicalType[http://hl7.org/fhir/StructureDefinition/Organization], CanonicalType[http://hl7.org/fhir/StructureDefinition/Patient], CanonicalType[http://hl7.org/fhir/StructureDefinition/Device], CanonicalType[http://hl7.org/fhir/StructureDefinition/RelatedPerson]]}
","Individual who was performing","This holds the name of the pharmacist that initiated the remote partail fill request.","","","","","","","","","",,,,,"",,,,"MedicationDispense.performer.actor",1,1,"","","PRESCRIPTION @PHARMACIST NAME 52.2-.05","PRESCRIPTION @DIVISION 52.2-.09","PRESCRIPTION @REMOTE PHARMACIST 52.2-92","….actor",".role"
"MedicationDispense.performer.onBehalfOf","","","",0,1,"","","","Reference {[]} {[CanonicalType[http://hl7.org/fhir/StructureDefinition/Organization]]}
","Organization organization was acting for","The organization the device or practitioner was acting on behalf of.","","","","","","","","","",,,,,"",,,,"MedicationDispense.performer.onBehalfOf",0,1,"","","….onBehalfOf",".role.scopingOrganization"
"MedicationDispense.authorizingPrescription","","","",0,*,"","","","Reference {[]} {[CanonicalType[http://hl7.org/fhir/StructureDefinition/MedicationRequest]]}
","Medication order that authorizes the dispense","Indicates the medication order that is being dispensed against.","Maps to basedOn in Event logical model.","","","","","","","","",,,,,"",,,,"MedicationDispense.authorizingPrescription",0,*,"","","…basedOn",".outboundRelationship[typeCode=FLFS].target[moodCode=RQO]","ORC-2 Placer Order Number"
"MedicationDispense.type","","","",0,1,"","","","CodeableConcept {[]} {[]}
","Trial fill, partial fill, emergency fill, etc.","Indicates the type of dispensing event that is performed. For example, Trial Fill, Completion of Trial, Partial Fill, Emergency Fill, Samples, etc.","","","","","","","","","",,"example","Indicates the type of dispensing event that is performed. For example, Trial Fill, Completion of Trial, Partial Fill, Emergency Fill, Samples, etc.","http://hl7.org/fhir/ValueSet/v3-ActPharmacySupplyType","",,,,"MedicationDispense.type",0,1,"","",".code","RXD-33-Dispense Type"
"MedicationDispense.quantity","","","QTY",0,1,"Y","","","Quantity {[CanonicalType[http://hl7.org/fhir/StructureDefinition/SimpleQuantity]]} {[]}
","Amount dispensed","This field is used to show the amount of medication that was dispensed.","","","","","","","","","",,,,,"",,,,"MedicationDispense.quantity",0,1,"","","PRESCRIPTION @QTY 52.2-.04",".quantity","RXD-4-Actual Dispense Amount / RXD-5.1-Actual Dispense Units.code / RXD-5.3-Actual Dispense Units.name of coding system"
"MedicationDispense.daysSupply","","","",0,1,"","","","Quantity {[CanonicalType[http://hl7.org/fhir/StructureDefinition/SimpleQuantity]]} {[]}
","Amount of medication expressed as a timing amount","The amount of medication expressed as a timing amount.","","","","","","","","","",,,,,"",,,,"MedicationDispense.daysSupply",0,1,"","","effectiveUseTime","TQ1.6 Timing/Quantity Segment Service Duration.Prior to v2.5, ORC.7.3 Common Order Segment / Quantity/Timing / Duration component.  This is a formatted string, first character for the time unit (e.g., D=days), followed by the value.  For example, “D14” represents “14 days supply”From v2.5 on, TQ1.6 Timing/Quantity Segment / Service Duration.  This is a CQ data type (<Quantity (NM)> ^ <Units (CWE)>), thus for days supply, assuming the unit of measure is “days”, the numeric value is TQ1.6.1 (…|14^For backwards compatibility, ORC.7 was permitted through v2.6.  Both forms (field and segment) may be present in v2.5, v2.5.1, and v2.6"
"MedicationDispense.daysSupply.id","","","",0,1,"","","","string {[]} {[]}
","xml:id (or equivalent in JSON)","unique id for the element within a resource (for internal references). This may be any string value that does not contain spaces.","","","","","","","","","",,,,,"",,,,"Element.id",0,1,"","","n/a"
"MedicationDispense.daysSupply.extension","","extensions
user content","",0,*,"","","","Extension {[]} {[]}
","Additional Content defined by implementations","May be used to represent additional information that is not part of the basic definition of the element. In order to make the use of extensions safe and manageable, there is a strict set of governance  applied to the definition and use of extensions. Though any implementer is allowed to define an extension, there is a set of requirements that SHALL be met as part of the definition of the extension.","There can be no stigma associated with the use of extensions by any application, project, or standard - regardless of the institution or jurisdiction that uses or defines the extensions.  The use of extensions is what allows the FHIR specification to retain a core level of simplicity for everyone.","","","","","","","","",,,,,"","value:url}
","Extensions are always sliced by (at least) url",,"open","Element.extension",0,*,"","","n/a"
"MedicationDispense.daysSupply.value","","","DAYS SUPPLY",0,1,"Y","","Y","decimal {[]} {[]}
","Numerical value (with implicit precision)","This field is used to indicate the days of supply for partial RX fill.","The implicit precision in the value should always be honored. Monetary values have their own rules for handling precision (refer to standard accounting text books).","Precision is handled implicitly in almost all cases of measurement.","","","","","","","",,,,,"",,,,"Quantity.value",0,1,"","","PRESCRIPTION @DAYS SUPPLY  52.2-.041","PQ.value, CO.value, MO.value, IVL.high or IVL.low depending on the value","SN.2  / CQ - N/A"
"MedicationDispense.daysSupply.comparator","","","",0,0,"","Y","Y","code {[]} {[]}
","< | <= | >= | > - how to understand the value","Not allowed to be used in this context","This is labeled as ""Is Modifier"" because the comparator modifies the interpretation of the value significantly. If there is no comparator, then there is no modification of the value.","Need a framework for handling measures where the value is <5ug/L or >400mg/L due to the limitations of measuring methodology.","","If there is no comparator, then there is no modification of the value","","","","","",,"required","How the Quantity should be understood and represented.","http://hl7.org/fhir/ValueSet/quantity-comparator","",,,,"Quantity.comparator",0,1,"","","IVL properties","SN.1  / CQ.1"
"MedicationDispense.daysSupply.unit","","","",0,1,"Y","","Y","string {[]} {[]}
","Unit representation","A human-readable form of the unit.","","There are many representations for units of measure and in many contexts, particular representations are fixed and required. I.e. mcg for micrograms.","","","<valueString xmlns=""http://hl7.org/fhir"" value=""d""/>","","","","",,,,,"",,,,"Quantity.unit",0,1,"","","PQ.unit","(see OBX.6 etc.) / CQ.2"
"MedicationDispense.daysSupply.system","","","",0,1,"","","Y","uri {[]} {[]}
","System that defines coded unit form","The identification of the system that provides the coded form of the unit.","","Need to know the system that defines the coded form of the unit.","","","","","","","",,,,,"",,,,"Quantity.system",0,1,"qty-3
","","CO.codeSystem, PQ.translation.codeSystem","(see OBX.6 etc.) / CQ.2"
"MedicationDispense.daysSupply.code","","","",0,1,"","","Y","code {[]} {[]}
","Coded form of the unit","A computer processable form of the unit in some unit representation system.","The preferred system is UCUM, but SNOMED CT can also be used (for customary units) or ISO 4217 for currency.  The context of use may additionally require a code from a particular system.","Need a computable form of the unit that is fixed across all forms. UCUM provides this for quantities, but SNOMED CT provides many units of interest.","","","","","","","",,,,,"",,,,"Quantity.code",0,1,"","","PQ.code, MO.currency, PQ.translation.code","(see OBX.6 etc.) / CQ.2"
"MedicationDispense.whenPrepared","","","RELEASED DATE/TIME",0,1,"Y","","Y","dateTime {[]} {[]}
","When product was packaged and reviewed","This field is used to show the date the medication was released.","","","","","","","","","",,,,,"",,,,"MedicationDispense.whenPrepared",0,1,"","","PRESCRIPTION @RELEASED DATE/TIME 52.2-8",".effectiveTime[xmi:type=IVL_TS].low","RXD-3-Date/Time Dispensed"
"MedicationDispense.whenHandedOver","","","",0,1,"","","","dateTime {[]} {[]}
","When product was given out","The time the dispensed product was provided to the patient or their representative.","","","","","","","","","",,,,,"",,,,"MedicationDispense.whenHandedOver",0,1,"","","…occurrenceDateTime",".effectiveTime[xmi:type=IVL_TS].high","RXD-3-Date/Time Dispensed"
"MedicationDispense.destination","","","",0,1,"","","","Reference {[]} {[CanonicalType[http://hl7.org/fhir/StructureDefinition/Location]]}
","Where the medication was sent","Identification of the facility/location where the medication was shipped to, as part of the dispense event.","","","","","","","","","",,,,,"",,,,"MedicationDispense.destination",0,1,"","",".participation[typeCode=DST].role","RXD-13 Dispense-to Location; RXD-30 Dispense to Pharmacy; RXD-31 Dispense to Pharmacy Address"
"MedicationDispense.receiver","","","",0,*,"","","","Reference {[]} {[CanonicalType[http://hl7.org/fhir/StructureDefinition/Patient], CanonicalType[http://hl7.org/fhir/StructureDefinition/Practitioner]]}
","Who collected the medication","Identifies the person who picked up the medication.  This will usually be a patient or their caregiver, but some cases exist where it can be a healthcare professional.","","","","","","","","","",,,,,"",,,,"MedicationDispense.receiver",0,*,"","",".participation[typeCode=RCV].role"
"MedicationDispense.note","","","",0,*,"","","","Annotation {[]} {[]}
","Information about the dispense","Extra information about the dispense that could not be conveyed in the other attributes.","","","","","","","","","",,,,,"",,,,"MedicationDispense.note",0,*,"","","…note",".inboundRelationship[typeCode=SUBJ]/source[classCode=ACT,moodCode=EVN]","RXD-9 Dispense Notes"
"MedicationDispense.dosageInstruction","","","",0,*,"","","","Dosage {[]} {[]}
","How the medication is to be used by the patient or administered by the caregiver","Indicates how the medication is to be used by the patient.","When the dose or rate is intended to change over the entire administration period (e.g. Tapering dose prescriptions), multiple instances of dosage instructions will need to be supplied to convey the different doses/rates.The pharmacist reviews the medication order prior to dispense and updates the dosageInstruction based on the actual product being dispensed.","","","","","","","","",,,,,"",,,,"MedicationDispense.dosageInstruction",0,*,"","",".outboundRelationship[typeCode=COMP].target[classCode=SBADM, moodCode=INT]"
"MedicationDispense.substitution","","","",0,1,"","","","BackboneElement {[]} {[]}
","Whether a substitution was performed on the dispense","Indicates whether or not substitution was made as part of the dispense.  In some cases substitution will be expected but does not happen, in other cases substitution is not expected but does happen.  This block explains what substitution did or did not happen and why.  If nothing is specified, substitution was not done.","","","","","","","","","",,,,,"",,,,"MedicationDispense.substitution",0,1,"","ele-1:All FHIR elements must have a @value or children {hasValue() | (children().count() > id.count())}
",".outboundRelationship[typeCode=COMP].target[classCode=SUBST, moodCode=EVN]"
"MedicationDispense.substitution.id","","","",0,1,"","","","string {[]} {[]}
","xml:id (or equivalent in JSON)","unique id for the element within a resource (for internal references). This may be any string value that does not contain spaces.","","","","","","","","","",,,,,"",,,,"Element.id",0,1,"","","n/a"
"MedicationDispense.substitution.extension","","extensions
user content","",0,*,"","","","Extension {[]} {[]}
","Additional Content defined by implementations","May be used to represent additional information that is not part of the basic definition of the element. In order to make the use of extensions safe and manageable, there is a strict set of governance  applied to the definition and use of extensions. Though any implementer is allowed to define an extension, there is a set of requirements that SHALL be met as part of the definition of the extension.","There can be no stigma associated with the use of extensions by any application, project, or standard - regardless of the institution or jurisdiction that uses or defines the extensions.  The use of extensions is what allows the FHIR specification to retain a core level of simplicity for everyone.","","","","","","","","",,,,,"",,,,"Element.extension",0,*,"","","n/a"
"MedicationDispense.substitution.modifierExtension","","extensions
user contentmodifiers","",0,*,"","Y","Y","Extension {[]} {[]}
","Extensions that cannot be ignored","May be used to represent additional information that is not part of the basic definition of the element, and that modifies the understanding of the element that contains it. Usually modifier elements provide negation or qualification. In order to make the use of extensions safe and manageable, there is a strict set of governance applied to the definition and use of extensions. Though any implementer is allowed to define an extension, there is a set of requirements that SHALL be met as part of the definition of the extension. Applications processing a resource are required to check for modifier extensions.","There can be no stigma associated with the use of extensions by any application, project, or standard - regardless of the institution or jurisdiction that uses or defines the extensions.  The use of extensions is what allows the FHIR specification to retain a core level of simplicity for everyone.","","","","","","","","",,,,,"",,,,"BackboneElement.modifierExtension",0,*,"","","N/A"
"MedicationDispense.substitution.wasSubstituted","","","",1,1,"","","","boolean {[]} {[]}
","Whether a substitution was or was not performed on the dispense","True if the dispenser dispensed a different drug or product from what was prescribed.","","","","","","","","","",,,,,"",,,,"MedicationDispense.substitution.wasSubstituted",1,1,"","",".actionNegationInd"
"MedicationDispense.substitution.type","","","",0,1,"","","","CodeableConcept {[]} {[]}
","Code signifying whether a different drug was dispensed from what was prescribed","A code signifying whether a different drug was dispensed from what was prescribed.","","","","","","","","","",,"example","A coded concept describing whether a different medicinal product may be dispensed other than the product as specified exactly in the prescription","http://hl7.org/fhir/ValueSet/v3-ActSubstanceAdminSubstitutionCode","",,,,"MedicationDispense.substitution.type",0,1,"","",".code","RXO-9-Allow Substitutions / RXE-9-Substitution Status"
"MedicationDispense.substitution.reason","","","",0,*,"","","","CodeableConcept {[]} {[]}
","Why was substitution made","Indicates the reason for the substitution of (or lack of substitution) from what was prescribed.","","","","","","","","","",,"example","A coded concept describing the reason that a different medication should (or should not) be substituted from what was prescribed","http://hl7.org/fhir/ValueSet/v3-SubstanceAdminSubstitutionReason","",,,,"MedicationDispense.substitution.reason",0,*,"","",".reasonCode"
"MedicationDispense.substitution.responsibleParty","","","",0,*,"","","","Reference {[]} {[CanonicalType[http://hl7.org/fhir/StructureDefinition/Practitioner]]}
","Who is responsible for the substitution","The person or organization that has primary responsibility for the substitution.","","","","","","","","","",,,,,"",,,,"MedicationDispense.substitution.responsibleParty",0,*,"","",".participation[typeCode=PFM].role[classCode=ASSIGN]"
"MedicationDispense.detectedIssue","","Contraindication
Drug Utilization Review (DUR)Alert","",0,*,"","","","Reference {[]} {[CanonicalType[http://hl7.org/fhir/StructureDefinition/DetectedIssue]]}
","Clinical issue with action","Indicates an actual or potential clinical issue with or between one or more active or proposed clinical actions for a patient; e.g. Drug-drug interaction, duplicate therapy, dosage alert etc.","","","","","","","","","",,,,,"",,,,"MedicationDispense.detectedIssue",0,*,"","",".inboundRelationship[typeCode=SUBJ]/source[classCode=ALRT,moodCode=EVN].value"
"MedicationDispense.notDone","","","",0,1,"","","","boolean {[]} {[]}
","Whether the dispense was or was not performed","True if the dispense was not performed for some reason.","","","","","","","","","",,,,,"",,,,"MedicationDispense.notDone",0,1,"","","…notDone",".actionNegationInd"
"MedicationDispense.notDoneReason[x]","","","",0,1,"","","","CodeableConcept {[]} {[]}
Reference {[]} {[CanonicalType[http://hl7.org/fhir/StructureDefinition/DetectedIssue]]}","Why a dispense was not performed","Indicates the reason why a dispense was not performed.","","","","","","","","","",,,,,"",,,,"MedicationDispense.notDoneReason[x]",0,1,"","","…notDoneReason",".outboundRelationship[typeCode=RSON]/target[classCode=OBS,moodCode=EVN, code=""not done reason""].value"
"MedicationDispense.eventHistory","","","",0,*,"","","","Reference {[]} {[CanonicalType[http://hl7.org/fhir/StructureDefinition/Provenance]]}
","A list of releveant lifecycle events","A summary of the events of interest that have occurred, such as when the dispense was verified.","This may not include provenances for all versions of the request – only those deemed “relevant” or important. This SHALL NOT include the Provenance associated with this current version of the resource. (If that provenance is deemed to be a “relevant” change, it will need to be added as part of a later update. Until then, it can be queried directly as the Provenance that points to this version using _revinclude All Provenances should have some historical version of this Request as their subject.).","","","","","","","","",,,,,"",,,,"MedicationDispense.eventHistory",0,*,"","",".inboundRelationship(typeCode=SUBJ].source[classCode=CACT, moodCode=EVN]"
