<?xml version="1.0" encoding="UTF-8"?>

<StructureDefinition xmlns="http://hl7.org/fhir">
  <id value="VAInpatientMedicationRequestRenewal"/>
  <meta>
    <lastUpdated value="2021-05-17T15:52:07.695Z"/>
  </meta>
  <text>
    <status value="extensions"/><div xmlns="http://www.w3.org/1999/xhtml"><table border="0" cellpadding="0" cellspacing="0" style="border: 0px #F0F0F0 solid; font-size: 11px; font-family: verdana; vertical-align: top;"><tr style="border: 1px #F0F0F0 solid; font-size: 11px; font-family: verdana; vertical-align: top"><th style="vertical-align: top; text-align : left; background-color: white; border: 0px #F0F0F0 solid; padding:0px 4px 0px 4px" class="hierarchy"><a href="http://hl7.org/fhir/STU3/formats.html#table" title="The logical name of the element">Name</a></th><th style="vertical-align: top; text-align : left; background-color: white; border: 0px #F0F0F0 solid; padding:0px 4px 0px 4px" class="hierarchy"><a href="http://hl7.org/fhir/STU3/formats.html#table" title="Information about the use of the element">Flags</a></th><th style="vertical-align: top; text-align : left; background-color: white; border: 0px #F0F0F0 solid; padding:0px 4px 0px 4px" class="hierarchy"><a href="http://hl7.org/fhir/STU3/formats.html#table" title="Minimum and Maximum # of times the the element can appear in the instance">Card.</a></th><th style="width: 100px" class="hierarchy"><a href="http://hl7.org/fhir/STU3/formats.html#table" title="Reference to the type of the element">Type</a></th><th style="vertical-align: top; text-align : left; background-color: white; border: 0px #F0F0F0 solid; padding:0px 4px 0px 4px" class="hierarchy"><a href="http://hl7.org/fhir/STU3/formats.html#table" title="Additional information about the element">Description &amp; Constraints</a><span style="float: right"><a href="http://hl7.org/fhir/STU3/formats.html#table" title="Legend for this format"><img src="http://hl7.org/fhir/STU3/help16.png" alt="doco" style="background-color: inherit"/></a></span></th></tr><tr style="border: 0px #F0F0F0 solid; padding:0px; vertical-align: top; background-color: white"><td style="vertical-align: top; text-align : left; background-color: white; border: 0px #F0F0F0 solid; padding:0px 4px 0px 4px; white-space: nowrap; background-image: url(tbl_bck1.png)" class="hierarchy"><img src="tbl_spacer.png" alt="." style="background-color: inherit" class="hierarchy"/><img src="icon_resource.png" alt="." style="background-color: white; background-color: inherit" title="Resource" class="hierarchy"/> <a href="StructureDefinition-VAInpatientMedicationRequestRenewal-definitions.html#Provenance">Provenance</a><a name="Provenance"> </a></td><td style="vertical-align: top; text-align : left; background-color: white; border: 0px #F0F0F0 solid; padding:0px 4px 0px 4px" class="hierarchy"/><td style="vertical-align: top; text-align : left; background-color: white; border: 0px #F0F0F0 solid; padding:0px 4px 0px 4px" class="hierarchy"><span style="opacity: 0.5">0</span><span style="opacity: 0.5">..</span><span style="opacity: 0.5">*</span></td><td style="vertical-align: top; text-align : left; background-color: white; border: 0px #F0F0F0 solid; padding:0px 4px 0px 4px" class="hierarchy"><a href="http://hl7.org/fhir/STU3/provenance.html">Provenance</a></td><td style="vertical-align: top; text-align : left; background-color: white; border: 0px #F0F0F0 solid; padding:0px 4px 0px 4px" class="hierarchy"><span style="opacity: 0.5">Who, What, When for a set of resources</span></td></tr>
<tr style="border: 0px #F0F0F0 solid; padding:0px; vertical-align: top; background-color: #F7F7F7"><td style="vertical-align: top; text-align : left; background-color: #F7F7F7; border: 0px #F0F0F0 solid; padding:0px 4px 0px 4px; white-space: nowrap; background-image: url(tbl_bck14.png)" class="hierarchy"><img src="tbl_spacer.png" alt="." style="background-color: inherit" class="hierarchy"/><img src="tbl_vjoin.png" alt="." style="background-color: inherit" class="hierarchy"/><img src="icon_slice_item.png" alt="." style="background-color: #F7F7F7; background-color: inherit" title="Slice Item" class="hierarchy"/> <a href="StructureDefinition-VAInpatientMedicationRequestRenewal-definitions.html#Provenance.extension:reference-targetElement-extension-change-extension-oldValue" title="Extension URL = http://va.gov/fhir/us/vha-ampl-ig/StructureDefinition/reference-targetElement.extension.change.extension.oldValue">reference-targetElement.extension.change.extension.oldValue</a><a name="Provenance.extension"> </a></td><td style="vertical-align: top; text-align : left; background-color: #F7F7F7; border: 0px #F0F0F0 solid; padding:0px 4px 0px 4px" class="hierarchy"><span style="padding-left: 3px; padding-right: 3px; color: white; background-color: red" title="This element must be supported">S</span></td><td style="vertical-align: top; text-align : left; background-color: #F7F7F7; border: 0px #F0F0F0 solid; padding:0px 4px 0px 4px" class="hierarchy"><span style="opacity: 0.5">0</span><span style="opacity: 0.5">..</span><span style="opacity: 0.5">*</span></td><td style="vertical-align: top; text-align : left; background-color: #F7F7F7; border: 0px #F0F0F0 solid; padding:0px 4px 0px 4px" class="hierarchy"><a href="http://hl7.org/fhir/STU3/datatypes.html#string">string</a></td><td style="vertical-align: top; text-align : left; background-color: #F7F7F7; border: 0px #F0F0F0 solid; padding:0px 4px 0px 4px" class="hierarchy"><span style="opacity: 0.5">Extension</span><br/><span style="font-weight:bold">URL: </span><a href="http://hl7.org/fhir/STU3/StructureDefinition-reference-targetElement.extension.change.extension.oldValue.html">http://va.gov/fhir/us/vha-ampl-ig/StructureDefinition/reference-targetElement.extension.change.extension.oldValue</a></td></tr>
<tr style="border: 0px #F0F0F0 solid; padding:0px; vertical-align: top; background-color: white"><td style="vertical-align: top; text-align : left; background-color: white; border: 0px #F0F0F0 solid; padding:0px 4px 0px 4px; white-space: nowrap; background-image: url(tbl_bck10.png)" class="hierarchy"><img src="tbl_spacer.png" alt="." style="background-color: inherit" class="hierarchy"/><img src="tbl_vjoin.png" alt="." style="background-color: inherit" class="hierarchy"/><img src="icon_element.gif" alt="." style="background-color: white; background-color: inherit" title="Element" class="hierarchy"/> <a href="StructureDefinition-VAInpatientMedicationRequestRenewal-definitions.html#Provenance.recorded" title="This is the date/time the order was renewed.">recorded</a><a name="Provenance.recorded"> </a></td><td style="vertical-align: top; text-align : left; background-color: white; border: 0px #F0F0F0 solid; padding:0px 4px 0px 4px" class="hierarchy"><span style="padding-left: 3px; padding-right: 3px; color: white; background-color: red" title="This element must be supported">S</span></td><td style="vertical-align: top; text-align : left; background-color: white; border: 0px #F0F0F0 solid; padding:0px 4px 0px 4px" class="hierarchy"><span style="opacity: 0.5">1</span><span style="opacity: 0.5">..</span><span style="opacity: 0.5">1</span></td><td style="vertical-align: top; text-align : left; background-color: white; border: 0px #F0F0F0 solid; padding:0px 4px 0px 4px" class="hierarchy"><a style="opacity: 0.5" href="http://hl7.org/fhir/STU3/datatypes.html#instant">instant</a></td><td style="vertical-align: top; text-align : left; background-color: white; border: 0px #F0F0F0 solid; padding:0px 4px 0px 4px" class="hierarchy"><span style="opacity: 0.5">When the activity was recorded / updated</span></td></tr>
<tr style="border: 0px #F0F0F0 solid; padding:0px; vertical-align: top; background-color: #F7F7F7"><td style="vertical-align: top; text-align : left; background-color: #F7F7F7; border: 0px #F0F0F0 solid; padding:0px 4px 0px 4px; white-space: nowrap; background-image: url(tbl_bck11.png)" class="hierarchy"><img src="tbl_spacer.png" alt="." style="background-color: inherit" class="hierarchy"/><img src="tbl_vjoin.png" alt="." style="background-color: inherit" class="hierarchy"/><img src="icon_element.gif" alt="." style="background-color: #F7F7F7; background-color: inherit" title="Element" class="hierarchy"/> <a href="StructureDefinition-VAInpatientMedicationRequestRenewal-definitions.html#Provenance.agent">agent</a><a name="Provenance.agent"> </a></td><td style="vertical-align: top; text-align : left; background-color: #F7F7F7; border: 0px #F0F0F0 solid; padding:0px 4px 0px 4px" class="hierarchy"/><td style="vertical-align: top; text-align : left; background-color: #F7F7F7; border: 0px #F0F0F0 solid; padding:0px 4px 0px 4px" class="hierarchy"/><td style="vertical-align: top; text-align : left; background-color: #F7F7F7; border: 0px #F0F0F0 solid; padding:0px 4px 0px 4px" class="hierarchy"/><td style="vertical-align: top; text-align : left; background-color: #F7F7F7; border: 0px #F0F0F0 solid; padding:0px 4px 0px 4px" class="hierarchy"/></tr>
<tr style="border: 0px #F0F0F0 solid; padding:0px; vertical-align: top; background-color: white"><td style="vertical-align: top; text-align : left; background-color: white; border: 0px #F0F0F0 solid; padding:0px 4px 0px 4px; white-space: nowrap; background-image: url(tbl_bck100.png)" class="hierarchy"><img src="tbl_spacer.png" alt="." style="background-color: inherit" class="hierarchy"/><img src="tbl_vline.png" alt="." style="background-color: inherit" class="hierarchy"/><img src="tbl_vjoin_end.png" alt="." style="background-color: inherit" class="hierarchy"/><img src="icon_element.gif" alt="." style="background-color: white; background-color: inherit" title="Element" class="hierarchy"/> <a href="StructureDefinition-VAInpatientMedicationRequestRenewal-definitions.html#Provenance.agent.whoReference" title="This is the name of the person who renewed this order.">whoReference</a><a name="Provenance.agent.whoReference"> </a></td><td style="vertical-align: top; text-align : left; background-color: white; border: 0px #F0F0F0 solid; padding:0px 4px 0px 4px" class="hierarchy"><span style="padding-left: 3px; padding-right: 3px; color: white; background-color: red" title="This element must be supported">S</span></td><td style="vertical-align: top; text-align : left; background-color: white; border: 0px #F0F0F0 solid; padding:0px 4px 0px 4px" class="hierarchy"><span style="opacity: 0.5">1</span><span style="opacity: 0.5">..</span><span style="opacity: 0.5">1</span></td><td style="vertical-align: top; text-align : left; background-color: white; border: 0px #F0F0F0 solid; padding:0px 4px 0px 4px" class="hierarchy"><a href="http://hl7.org/fhir/STU3/references.html">Reference</a>()</td><td style="vertical-align: top; text-align : left; background-color: white; border: 0px #F0F0F0 solid; padding:0px 4px 0px 4px" class="hierarchy"><span style="opacity: 0.5">Who participated</span></td></tr>
<tr style="border: 0px #F0F0F0 solid; padding:0px; vertical-align: top; background-color: #F7F7F7"><td style="vertical-align: top; text-align : left; background-color: #F7F7F7; border: 0px #F0F0F0 solid; padding:0px 4px 0px 4px; white-space: nowrap; background-image: url(tbl_bck01.png)" class="hierarchy"><img src="tbl_spacer.png" alt="." style="background-color: inherit" class="hierarchy"/><img src="tbl_vjoin_end.png" alt="." style="background-color: inherit" class="hierarchy"/><img src="icon_element.gif" alt="." style="background-color: #F7F7F7; background-color: inherit" title="Element" class="hierarchy"/> <a href="StructureDefinition-VAInpatientMedicationRequestRenewal-definitions.html#Provenance.entity">entity</a><a name="Provenance.entity"> </a></td><td style="vertical-align: top; text-align : left; background-color: #F7F7F7; border: 0px #F0F0F0 solid; padding:0px 4px 0px 4px" class="hierarchy"/><td style="vertical-align: top; text-align : left; background-color: #F7F7F7; border: 0px #F0F0F0 solid; padding:0px 4px 0px 4px" class="hierarchy"/><td style="vertical-align: top; text-align : left; background-color: #F7F7F7; border: 0px #F0F0F0 solid; padding:0px 4px 0px 4px" class="hierarchy"/><td style="vertical-align: top; text-align : left; background-color: #F7F7F7; border: 0px #F0F0F0 solid; padding:0px 4px 0px 4px" class="hierarchy"/></tr>
<tr style="border: 0px #F0F0F0 solid; padding:0px; vertical-align: top; background-color: white"><td style="vertical-align: top; text-align : left; background-color: white; border: 0px #F0F0F0 solid; padding:0px 4px 0px 4px; white-space: nowrap; background-image: url(tbl_bck010.png)" class="hierarchy"><img src="tbl_spacer.png" alt="." style="background-color: inherit" class="hierarchy"/><img src="tbl_blank.png" alt="." style="background-color: inherit" class="hierarchy"/><img src="tbl_vjoin.png" alt="." style="background-color: inherit" class="hierarchy"/><img src="icon_element.gif" alt="." style="background-color: white; background-color: inherit" title="Element" class="hierarchy"/> <a href="StructureDefinition-VAInpatientMedicationRequestRenewal-definitions.html#Provenance.entity.role">role</a><a name="Provenance.entity.role"> </a></td><td style="vertical-align: top; text-align : left; background-color: white; border: 0px #F0F0F0 solid; padding:0px 4px 0px 4px" class="hierarchy"><span style="padding-left: 3px; padding-right: 3px; color: white; background-color: red" title="This element must be supported">S</span></td><td style="vertical-align: top; text-align : left; background-color: white; border: 0px #F0F0F0 solid; padding:0px 4px 0px 4px" class="hierarchy"><span style="opacity: 0.5">1</span><span style="opacity: 0.5">..</span><span style="opacity: 0.5">1</span></td><td style="vertical-align: top; text-align : left; background-color: white; border: 0px #F0F0F0 solid; padding:0px 4px 0px 4px" class="hierarchy"><a style="opacity: 0.5" href="http://hl7.org/fhir/STU3/datatypes.html#code">code</a></td><td style="vertical-align: top; text-align : left; background-color: white; border: 0px #F0F0F0 solid; padding:0px 4px 0px 4px" class="hierarchy"><span style="opacity: 0.5">derivation | revision | quotation | source | removal</span><br/><span style="font-weight:bold">Fixed Value: </span><span style="color: darkgreen">revision</span></td></tr>
<tr style="border: 0px #F0F0F0 solid; padding:0px; vertical-align: top; background-color: #F7F7F7"><td style="vertical-align: top; text-align : left; background-color: #F7F7F7; border: 0px #F0F0F0 solid; padding:0px 4px 0px 4px; white-space: nowrap; background-image: url(tbl_bck001.png)" class="hierarchy"><img src="tbl_spacer.png" alt="." style="background-color: inherit" class="hierarchy"/><img src="tbl_blank.png" alt="." style="background-color: inherit" class="hierarchy"/><img src="tbl_vjoin_end.png" alt="." style="background-color: inherit" class="hierarchy"/><img src="icon_datatype.gif" alt="." style="background-color: #F7F7F7; background-color: inherit" title="Data Type" class="hierarchy"/> <a href="StructureDefinition-VAInpatientMedicationRequestRenewal-definitions.html#Provenance.entity.whatIdentifier">whatIdentifier</a><a name="Provenance.entity.whatIdentifier"> </a></td><td style="vertical-align: top; text-align : left; background-color: #F7F7F7; border: 0px #F0F0F0 solid; padding:0px 4px 0px 4px" class="hierarchy"/><td style="vertical-align: top; text-align : left; background-color: #F7F7F7; border: 0px #F0F0F0 solid; padding:0px 4px 0px 4px" class="hierarchy"><span style="opacity: 0.5">1</span><span style="opacity: 0.5">..</span><span style="opacity: 0.5">1</span></td><td style="vertical-align: top; text-align : left; background-color: #F7F7F7; border: 0px #F0F0F0 solid; padding:0px 4px 0px 4px" class="hierarchy"><a href="http://hl7.org/fhir/STU3/datatypes.html#Identifier">Identifier</a></td><td style="vertical-align: top; text-align : left; background-color: #F7F7F7; border: 0px #F0F0F0 solid; padding:0px 4px 0px 4px" class="hierarchy"><span style="opacity: 0.5">Identity of entity</span></td></tr>
<tr style="border: 0px #F0F0F0 solid; padding:0px; vertical-align: top; background-color: white"><td style="vertical-align: top; text-align : left; background-color: white; border: 0px #F0F0F0 solid; padding:0px 4px 0px 4px; white-space: nowrap; background-image: url(tbl_bck0000.png)" class="hierarchy"><img src="tbl_spacer.png" alt="." style="background-color: inherit" class="hierarchy"/><img src="tbl_blank.png" alt="." style="background-color: inherit" class="hierarchy"/><img src="tbl_blank.png" alt="." style="background-color: inherit" class="hierarchy"/><img src="tbl_vjoin_end.png" alt="." style="background-color: inherit" class="hierarchy"/><img src="icon_element.gif" alt="." style="background-color: white; background-color: inherit" title="Element" class="hierarchy"/> <a href="StructureDefinition-VAInpatientMedicationRequestRenewal-definitions.html#Provenance.entity.whatIdentifier.value" title="When an order is being renewed, this is the pointer value of the corresponding entry in the ORDERS file (100), prior to the renewal.">value</a><a name="Provenance.entity.whatIdentifier.value"> </a></td><td style="vertical-align: top; text-align : left; background-color: white; border: 0px #F0F0F0 solid; padding:0px 4px 0px 4px" class="hierarchy"><span style="padding-left: 3px; padding-right: 3px; color: white; background-color: red" title="This element must be supported">S</span></td><td style="vertical-align: top; text-align : left; background-color: white; border: 0px #F0F0F0 solid; padding:0px 4px 0px 4px" class="hierarchy"><span style="opacity: 0.5">0</span><span style="opacity: 0.5">..</span><span style="opacity: 0.5">1</span></td><td style="vertical-align: top; text-align : left; background-color: white; border: 0px #F0F0F0 solid; padding:0px 4px 0px 4px" class="hierarchy"><a style="opacity: 0.5" href="http://hl7.org/fhir/STU3/datatypes.html#string">string</a></td><td style="vertical-align: top; text-align : left; background-color: white; border: 0px #F0F0F0 solid; padding:0px 4px 0px 4px" class="hierarchy"><span style="opacity: 0.5">The value that is unique</span></td></tr>
<tr><td colspan="5" class="hierarchy"><br/><a href="http://hl7.org/fhir/STU3/formats.html#table" title="Legend for this format"><img src="http://hl7.org/fhir/STU3/help16.png" alt="doco" style="background-color: inherit"/> Documentation for this format</a></td></tr></table></div>
  </text>
  <url value="http://va.gov/fhir/us/vha-ampl-ig/StructureDefinition/VAInpatientMedicationRequestRenewal"/>
  <version value="0.0.74"/>
  <name value="VAInpatientMedicationRequestRenewal"/>
  <status value="draft"/>
  <date value="2021-05-17T15:52:07.695Z"/>
  <publisher value="JPSys"/>
  <contact>
    <telecom>
      <system value="other"/>
      <value value="https://jpsys.com"/>
    </telecom>
  </contact>
  <jurisdiction>
    <coding>
      <system value="http://unstats.un.org/unsd/methods/m49/m49.htm"/>
      <code value="840"/>
    </coding>
  </jurisdiction>
  <fhirVersion value="3.0.2"/>
  <mapping>
    <identity value="vista"/>
    <uri value="http://va.gov/vista/"/>
    <name value="VistA"/>
  </mapping>
  <mapping>
    <identity value="rim"/>
    <uri value="http://hl7.org/v3"/>
    <name value="RIM Mapping"/>
  </mapping>
  <mapping>
    <identity value="w3c.prov"/>
    <uri value="http://www.w3.org/ns/prov"/>
    <name value="W3C PROV"/>
  </mapping>
  <mapping>
    <identity value="w5"/>
    <uri value="http://hl7.org/fhir/w5"/>
    <name value="W5 Mapping"/>
  </mapping>
  <mapping>
    <identity value="fhirauditevent"/>
    <uri value="http://hl7.org/fhir/auditevent"/>
    <name value="FHIR AuditEvent"/>
  </mapping>
  <kind value="resource"/>
  <abstract value="false"/>
  <type value="Provenance"/>
  <baseDefinition value="http://hl7.org/fhir/StructureDefinition/Provenance"/>
  <derivation value="constraint"/>
  <snapshot>
    <element id="Provenance">
      <path value="Provenance"/>
      <short value="Who, What, When for a set of resources"/>
      <definition value="Provenance of a resource is a record that describes entities and processes involved in producing and delivering or otherwise influencing that resource. Provenance provides a critical foundation for assessing authenticity, enabling trust, and allowing reproducibility. Provenance assertions are a form of contextual metadata and can themselves become important records with their own provenance. Provenance statement indicates clinical significance in terms of confidence in authenticity, reliability, and trustworthiness, integrity, and stage in lifecycle (e.g. Document Completion - has the artifact been legally authenticated), all of which may impact security, privacy, and trust policies."/>
      <comment value="Some parties may be duplicated between the target resource and its provenance.  For instance, the prescriber is usually (but not always) the author of the prescription resource. This resource is defined with close consideration for W3C Provenance."/>
      <alias value="History"/>
      <alias value="Event"/>
      <alias value="Activity"/>
      <min value="0"/>
      <max value="*"/>
      <base>
        <path value="Provenance"/>
        <min value="0"/>
        <max value="*"/>
      </base>
      <constraint>
        <key value="dom-2"/>
        <severity value="error"/>
        <human value="If the resource is contained in another resource, it SHALL NOT contain nested Resources"/>
        <expression value="contained.contained.empty()"/>
        <xpath value="not(parent::f:contained and f:contained)"/>
        <source value="http://hl7.org/fhir/StructureDefinition/DomainResource"/>
      </constraint>
      <constraint>
        <key value="dom-1"/>
        <severity value="error"/>
        <human value="If the resource is contained in another resource, it SHALL NOT contain any narrative"/>
        <expression value="contained.text.empty()"/>
        <xpath value="not(parent::f:contained and f:text)"/>
        <source value="http://hl7.org/fhir/StructureDefinition/DomainResource"/>
      </constraint>
      <constraint>
        <key value="dom-4"/>
        <severity value="error"/>
        <human value="If a resource is contained in another resource, it SHALL NOT have a meta.versionId or a meta.lastUpdated"/>
        <expression value="contained.meta.versionId.empty() and contained.meta.lastUpdated.empty()"/>
        <xpath value="not(exists(f:contained/*/f:meta/f:versionId)) and not(exists(f:contained/*/f:meta/f:lastUpdated))"/>
        <source value="http://hl7.org/fhir/StructureDefinition/DomainResource"/>
      </constraint>
      <constraint>
        <key value="dom-3"/>
        <severity value="error"/>
        <human value="If the resource is contained in another resource, it SHALL be referred to from elsewhere in the resource"/>
        <expression value="contained.where((&#39;#&#39;+id in %resource.descendants().reference).not()).empty()"/>
        <xpath value="not(exists(for $id in f:contained/*/@id return $id[not(ancestor::f:contained/parent::*/descendant::f:reference/@value=concat(&#39;#&#39;, $id))]))"/>
        <source value="http://hl7.org/fhir/StructureDefinition/DomainResource"/>
      </constraint>
      <mapping>
        <identity value="rim"/>
        <map value="Entity. Role, or Act"/>
      </mapping>
      <mapping>
        <identity value="rim"/>
        <map value="ControlAct[isNormalAct() and subsumes(CACT, classCode) and moodCode=EVN]"/>
      </mapping>
      <mapping>
        <identity value="w3c.prov"/>
        <map value="Activity"/>
      </mapping>
      <mapping>
        <identity value="w5"/>
        <map value="infrastructure.information"/>
      </mapping>
    </element>
    <element id="Provenance.id">
      <path value="Provenance.id"/>
      <short value="Logical id of this artifact"/>
      <definition value="The logical id of the resource, as used in the URL for the resource. Once assigned, this value never changes."/>
      <comment value="The only time that a resource does not have an id is when it is being submitted to the server using a create operation."/>
      <min value="0"/>
      <max value="1"/>
      <base>
        <path value="Resource.id"/>
        <min value="0"/>
        <max value="1"/>
      </base>
      <type>
        <code value="id"/>
      </type>
      <isSummary value="true"/>
    </element>
    <element id="Provenance.meta">
      <path value="Provenance.meta"/>
      <short value="Metadata about the resource"/>
      <definition value="The metadata about the resource. This is content that is maintained by the infrastructure. Changes to the content may not always be associated with version changes to the resource."/>
      <min value="0"/>
      <max value="1"/>
      <base>
        <path value="Resource.meta"/>
        <min value="0"/>
        <max value="1"/>
      </base>
      <type>
        <code value="Meta"/>
      </type>
      <isSummary value="true"/>
    </element>
    <element id="Provenance.implicitRules">
      <path value="Provenance.implicitRules"/>
      <short value="A set of rules under which this content was created"/>
      <definition value="A reference to a set of rules that were followed when the resource was constructed, and which must be understood when processing the content."/>
      <comment value="Asserting this rule set restricts the content to be only understood by a limited set of trading partners. This inherently limits the usefulness of the data in the long term. However, the existing health eco-system is highly fractured, and not yet ready to define, collect, and exchange data in a generally computable sense. Wherever possible, implementers and/or specification writers should avoid using this element. &#xA;&#xA;This element is labelled as a modifier because the implicit rules may provide additional knowledge about the resource that modifies it&#39;s meaning or interpretation."/>
      <min value="0"/>
      <max value="1"/>
      <base>
        <path value="Resource.implicitRules"/>
        <min value="0"/>
        <max value="1"/>
      </base>
      <type>
        <code value="uri"/>
      </type>
      <isModifier value="true"/>
      <isSummary value="true"/>
    </element>
    <element id="Provenance.language">
      <path value="Provenance.language"/>
      <short value="Language of the resource content"/>
      <definition value="The base language in which the resource is written."/>
      <comment value="Language is provided to support indexing and accessibility (typically, services such as text to speech use the language tag). The html language tag in the narrative applies  to the narrative. The language tag on the resource may be used to specify the language of other presentations generated from the data in the resource  Not all the content has to be in the base language. The Resource.language should not be assumed to apply to the narrative automatically. If a language is specified, it should it also be specified on the div element in the html (see rules in HTML5 for information about the relationship between xml:lang and the html lang attribute)."/>
      <min value="0"/>
      <max value="1"/>
      <base>
        <path value="Resource.language"/>
        <min value="0"/>
        <max value="1"/>
      </base>
      <type>
        <code value="code"/>
      </type>
      <binding>
        <extension url="http://hl7.org/fhir/StructureDefinition/elementdefinition-maxValueSet">
          <valueReference>
            <reference value="http://hl7.org/fhir/ValueSet/all-languages"/>
          </valueReference>
        </extension>
        <extension url="http://hl7.org/fhir/StructureDefinition/elementdefinition-bindingName">
          <valueString value="Language"/>
        </extension>
        <extension url="http://hl7.org/fhir/StructureDefinition/elementdefinition-isCommonBinding">
          <valueBoolean value="true"/>
        </extension>
        <strength value="extensible"/>
        <description value="A human language."/>
        <valueSetReference>
          <reference value="http://hl7.org/fhir/ValueSet/languages"/>
        </valueSetReference>
      </binding>
    </element>
    <element id="Provenance.text">
      <path value="Provenance.text"/>
      <short value="Text summary of the resource, for human interpretation"/>
      <definition value="A human-readable narrative that contains a summary of the resource, and may be used to represent the content of the resource to a human. The narrative need not encode all the structured data, but is required to contain sufficient detail to make it &quot;clinically safe&quot; for a human to just read the narrative. Resource definitions may define what content should be represented in the narrative to ensure clinical safety."/>
      <comment value="Contained resources do not have narrative. Resources that are not contained SHOULD have a narrative. In some cases, a resource may only have text with little or no additional discrete data (as long as all minOccurs=1 elements are satisfied).  This may be necessary for data from legacy systems where information is captured as a &quot;text blob&quot; or where text is additionally entered raw or narrated and encoded in formation is added later."/>
      <alias value="narrative"/>
      <alias value="html"/>
      <alias value="xhtml"/>
      <alias value="display"/>
      <min value="0"/>
      <max value="1"/>
      <base>
        <path value="DomainResource.text"/>
        <min value="0"/>
        <max value="1"/>
      </base>
      <type>
        <code value="Narrative"/>
      </type>
      <condition value="dom-1"/>
      <mapping>
        <identity value="rim"/>
        <map value="Act.text?"/>
      </mapping>
    </element>
    <element id="Provenance.contained">
      <path value="Provenance.contained"/>
      <short value="Contained, inline Resources"/>
      <definition value="These resources do not have an independent existence apart from the resource that contains them - they cannot be identified independently, and nor can they have their own independent transaction scope."/>
      <comment value="This should never be done when the content can be identified properly, as once identification is lost, it is extremely difficult (and context dependent) to restore it again."/>
      <alias value="inline resources"/>
      <alias value="anonymous resources"/>
      <alias value="contained resources"/>
      <min value="0"/>
      <max value="*"/>
      <base>
        <path value="DomainResource.contained"/>
        <min value="0"/>
        <max value="*"/>
      </base>
      <type>
        <code value="Resource"/>
      </type>
      <mapping>
        <identity value="rim"/>
        <map value="N/A"/>
      </mapping>
    </element>
    <element id="Provenance.extension">
      <path value="Provenance.extension"/>
      <slicing>
        <discriminator>
          <type value="value"/>
          <path value="url"/>
        </discriminator>
        <ordered value="false"/>
        <rules value="open"/>
      </slicing>
      <short value="Extension"/>
      <definition value="An Extension"/>
      <min value="0"/>
      <max value="*"/>
      <base>
        <path value="DomainResource.extension"/>
        <min value="0"/>
        <max value="*"/>
      </base>
      <type>
        <code value="Extension"/>
      </type>
    </element>
    <element id="Provenance.extension:reference-targetElement-extension-change-extension-oldValue">
      <path value="Provenance.extension"/>
      <sliceName value="reference-targetElement-extension-change-extension-oldValue"/>
      <label value="PREVIOUS STOP DATE/TIME"/>
      <short value="Extension"/>
      <definition value="This is the stop date/time of the prior order."/>
      <min value="0"/>
      <max value="*"/>
      <base>
        <path value="DomainResource.extension"/>
        <min value="0"/>
        <max value="*"/>
      </base>
      <type>
        <code value="Extension"/>
        <profile value="http://va.gov/fhir/us/vha-ampl-ig/StructureDefinition/reference-targetElement.extension.change.extension.oldValue"/>
      </type>
      <condition value="ele-1"/>
      <constraint>
        <key value="ele-1"/>
        <severity value="error"/>
        <human value="All FHIR elements must have a @value or children"/>
        <expression value="hasValue() | (children().count() &gt; id.count())"/>
        <xpath value="@value|f:*|h:div"/>
        <source value="http://hl7.org/fhir/StructureDefinition/Element"/>
      </constraint>
      <constraint>
        <key value="ext-1"/>
        <severity value="error"/>
        <human value="Must have either extensions or value[x], not both"/>
        <expression value="extension.exists() != value.exists()"/>
        <xpath value="exists(f:extension)!=exists(f:*[starts-with(local-name(.), &#39;value&#39;)])"/>
        <source value="http://hl7.org/fhir/StructureDefinition/Extension"/>
      </constraint>
      <mustSupport value="true"/>
      <mapping>
        <identity value="vista"/>
        <map value="LAST RENEW @PREVIOUS PROVIDER 55.1138-2"/>
      </mapping>
      <mapping>
        <identity value="vista"/>
        <map value="LAST RENEW @PREVIOUS STOP DATE/TIME 55.1138-3"/>
      </mapping>
    </element>
    <element id="Provenance.modifierExtension">
      <path value="Provenance.modifierExtension"/>
      <short value="Extensions that cannot be ignored"/>
      <definition value="May be used to represent additional information that is not part of the basic definition of the resource, and that modifies the understanding of the element that contains it. Usually modifier elements provide negation or qualification. In order to make the use of extensions safe and manageable, there is a strict set of governance applied to the definition and use of extensions. Though any implementer is allowed to define an extension, there is a set of requirements that SHALL be met as part of the definition of the extension. Applications processing a resource are required to check for modifier extensions."/>
      <comment value="There can be no stigma associated with the use of extensions by any application, project, or standard - regardless of the institution or jurisdiction that uses or defines the extensions.  The use of extensions is what allows the FHIR specification to retain a core level of simplicity for everyone."/>
      <alias value="extensions"/>
      <alias value="user content"/>
      <min value="0"/>
      <max value="*"/>
      <base>
        <path value="DomainResource.modifierExtension"/>
        <min value="0"/>
        <max value="*"/>
      </base>
      <type>
        <code value="Extension"/>
      </type>
      <isModifier value="true"/>
      <mapping>
        <identity value="rim"/>
        <map value="N/A"/>
      </mapping>
    </element>
    <element id="Provenance.target">
      <path value="Provenance.target"/>
      <short value="Target Reference(s) (usually version specific)"/>
      <definition value="The Reference(s) that were generated or updated by  the activity described in this resource. A provenance can point to more than one target if multiple resources were created/updated by the same activity."/>
      <comment value="Target references are usually version specific, but may not be, if a version has not been assigned or if the provenance information is part of the set of resources being maintained (i.e. a document). When using the RESTful API, the identity of the resource may not be known (especially not the version specific one); the client may either submit the resource first, and then the provenance, or it may submit both using a single transaction. See the notes on transaction for further discussion."/>
      <min value="1"/>
      <max value="*"/>
      <base>
        <path value="Provenance.target"/>
        <min value="1"/>
        <max value="*"/>
      </base>
      <type>
        <code value="Reference"/>
        <targetProfile value="http://hl7.org/fhir/StructureDefinition/Resource"/>
      </type>
      <isSummary value="true"/>
      <mapping>
        <identity value="rim"/>
        <map value="./outboundRelationship[isNormalActRelationship() and typeCode=SUBJ]/target  OR  ./participation[isNormalParticipation() and typeCode=SBJ]/role  OR  ./participation[isNormalParticipation() and typeCode=SBJ]/role[isNormalRole()]/player"/>
      </mapping>
      <mapping>
        <identity value="fhirauditevent"/>
        <map value="AuditEvent.entity.reference"/>
      </mapping>
      <mapping>
        <identity value="w3c.prov"/>
        <map value="Entity Created/Updated"/>
      </mapping>
      <mapping>
        <identity value="w5"/>
        <map value="what"/>
      </mapping>
    </element>
    <element id="Provenance.period">
      <path value="Provenance.period"/>
      <short value="When the activity occurred"/>
      <definition value="The period during which the activity occurred."/>
      <comment value="The period can be a little arbitrary; where possible, the time should correspond to human assessment of the activity time."/>
      <min value="0"/>
      <max value="1"/>
      <base>
        <path value="Provenance.period"/>
        <min value="0"/>
        <max value="1"/>
      </base>
      <type>
        <code value="Period"/>
      </type>
      <mapping>
        <identity value="rim"/>
        <map value="./effectiveTime[type=IVL_TS]"/>
      </mapping>
      <mapping>
        <identity value="w3c.prov"/>
        <map value="Activity.startTime &amp; Activity.endTime"/>
      </mapping>
      <mapping>
        <identity value="w5"/>
        <map value="when.done"/>
      </mapping>
    </element>
    <element id="Provenance.recorded">
      <path value="Provenance.recorded"/>
      <label value="LAST RENEW"/>
      <short value="When the activity was recorded / updated"/>
      <definition value="This is the date/time the order was renewed."/>
      <comment value="This can be a little different from the time stamp on the resource if there is a delay between recording the event and updating the provenance and target resource."/>
      <min value="1"/>
      <max value="1"/>
      <base>
        <path value="Provenance.recorded"/>
        <min value="1"/>
        <max value="1"/>
      </base>
      <type>
        <code value="instant"/>
      </type>
      <mustSupport value="true"/>
      <isSummary value="true"/>
      <mapping>
        <identity value="rim"/>
        <map value="unique(./participation[isNormalParticipation() and typeCode=AUT]/time[type=TS])"/>
      </mapping>
      <mapping>
        <identity value="fhirauditevent"/>
        <map value="AuditEvent.recorded"/>
      </mapping>
      <mapping>
        <identity value="w3c.prov"/>
        <map value="Activity.when"/>
      </mapping>
      <mapping>
        <identity value="w5"/>
        <map value="when.recorded"/>
      </mapping>
      <mapping>
        <identity value="vista"/>
        <map value="Pharmacy Patient @LAST RENEW 55.1138-.01"/>
      </mapping>
    </element>
    <element id="Provenance.policy">
      <path value="Provenance.policy"/>
      <short value="Policy or plan the activity was defined by"/>
      <definition value="Policy or plan the activity was defined by. Typically, a single activity may have multiple applicable policy documents, such as patient consent, guarantor funding, etc."/>
      <comment value="For example: Where an OAuth token authorizes, the unique identifier from the OAuth token is placed into the policy element Where a policy engine (e.g. XACML) holds policy logic, the unique policy identifier is placed into the policy element."/>
      <min value="0"/>
      <max value="*"/>
      <base>
        <path value="Provenance.policy"/>
        <min value="0"/>
        <max value="*"/>
      </base>
      <type>
        <code value="uri"/>
      </type>
      <mapping>
        <identity value="rim"/>
        <map value="./inboundRelationship[isNormalActRelationship() and typeCode=&quot;SUBJ&quot;]/source[isNormalAct and subsumes(POLICY, classCode) and moodCode=EVN]/text[typeCode=&#39;ED&#39;/tel"/>
      </mapping>
      <mapping>
        <identity value="fhirauditevent"/>
        <map value="AuditEvent.agent.policy"/>
      </mapping>
    </element>
    <element id="Provenance.location">
      <path value="Provenance.location"/>
      <short value="Where the activity occurred, if relevant"/>
      <definition value="Where the activity occurred, if relevant."/>
      <min value="0"/>
      <max value="1"/>
      <base>
        <path value="Provenance.location"/>
        <min value="0"/>
        <max value="1"/>
      </base>
      <type>
        <code value="Reference"/>
        <targetProfile value="http://hl7.org/fhir/StructureDefinition/Location"/>
      </type>
      <mapping>
        <identity value="rim"/>
        <map value="unique(./participation[isNormalParticipation() and typeCode=LOC]/role[isNormalRole() and subsumes(SDLOC, classCode)]/player[isNormalEntity and classCode=&quot;LOC&quot; and determinerCode=&quot;INST&quot;]"/>
      </mapping>
      <mapping>
        <identity value="fhirauditevent"/>
        <map value="AuditEvent.agent.location"/>
      </mapping>
      <mapping>
        <identity value="w3c.prov"/>
        <map value="Activity.location"/>
      </mapping>
      <mapping>
        <identity value="w5"/>
        <map value="where"/>
      </mapping>
    </element>
    <element id="Provenance.reason">
      <path value="Provenance.reason"/>
      <short value="Reason the activity is occurring"/>
      <definition value="The reason that the activity was taking place."/>
      <min value="0"/>
      <max value="*"/>
      <base>
        <path value="Provenance.reason"/>
        <min value="0"/>
        <max value="*"/>
      </base>
      <type>
        <code value="Coding"/>
      </type>
      <binding>
        <extension url="http://hl7.org/fhir/StructureDefinition/elementdefinition-bindingName">
          <valueString value="ProvenanceReason"/>
        </extension>
        <strength value="extensible"/>
        <description value="The reason the activity took place."/>
        <valueSetReference>
          <reference value="http://hl7.org/fhir/ValueSet/v3-PurposeOfUse"/>
        </valueSetReference>
      </binding>
      <mapping>
        <identity value="rim"/>
        <map value="unique(./reasonCode)"/>
      </mapping>
      <mapping>
        <identity value="fhirauditevent"/>
        <map value="AuditEvent.purposeOfEvent"/>
      </mapping>
      <mapping>
        <identity value="w3c.prov"/>
        <map value="Activity.Activity"/>
      </mapping>
      <mapping>
        <identity value="w5"/>
        <map value="why"/>
      </mapping>
    </element>
    <element id="Provenance.activity">
      <path value="Provenance.activity"/>
      <short value="Activity that occurred"/>
      <definition value="An activity is something that occurs over a period of time and acts upon or with entities; it may include consuming, processing, transforming, modifying, relocating, using, or generating entities."/>
      <min value="0"/>
      <max value="1"/>
      <base>
        <path value="Provenance.activity"/>
        <min value="0"/>
        <max value="1"/>
      </base>
      <type>
        <code value="Coding"/>
      </type>
      <binding>
        <extension url="http://hl7.org/fhir/StructureDefinition/elementdefinition-bindingName">
          <valueString value="ProvenanceActivity"/>
        </extension>
        <strength value="extensible"/>
        <description value="The activity that took place."/>
        <valueSetReference>
          <reference value="http://hl7.org/fhir/ValueSet/provenance-activity-type"/>
        </valueSetReference>
      </binding>
      <mapping>
        <identity value="rim"/>
        <map value="Act.code"/>
      </mapping>
      <mapping>
        <identity value="fhirauditevent"/>
        <map value="AuditEvent.purposeOfEvent"/>
      </mapping>
      <mapping>
        <identity value="w3c.prov"/>
        <map value="Activity.Activity"/>
      </mapping>
      <mapping>
        <identity value="w5"/>
        <map value="why"/>
      </mapping>
    </element>
    <element id="Provenance.agent">
      <path value="Provenance.agent"/>
      <short value="Actor involved"/>
      <definition value="An actor taking a role in an activity  for which it can be assigned some degree of responsibility for the activity taking place."/>
      <comment value="Several agents may be associated (i.e. has some responsibility for an activity) with an activity and vice-versa."/>
      <requirements value="An agent can be a person, an organization, software, device, or other entities that may be ascribed responsibility."/>
      <min value="1"/>
      <max value="*"/>
      <base>
        <path value="Provenance.agent"/>
        <min value="1"/>
        <max value="*"/>
      </base>
      <type>
        <code value="BackboneElement"/>
      </type>
      <constraint>
        <key value="ele-1"/>
        <severity value="error"/>
        <human value="All FHIR elements must have a @value or children"/>
        <expression value="hasValue() | (children().count() &gt; id.count())"/>
        <xpath value="@value|f:*|h:div"/>
        <source value="http://hl7.org/fhir/StructureDefinition/Element"/>
      </constraint>
      <mapping>
        <identity value="rim"/>
        <map value="./participation[isNormalParticipation()]  OR  ./outboundRelationship[isNormalActRelationship() and typeCode=&#39;DRIV&#39;]"/>
      </mapping>
      <mapping>
        <identity value="fhirauditevent"/>
        <map value="AuditEvent.agent"/>
      </mapping>
      <mapping>
        <identity value="w3c.prov"/>
        <map value="Agent"/>
      </mapping>
      <mapping>
        <identity value="w5"/>
        <map value="who"/>
      </mapping>
    </element>
    <element id="Provenance.agent.id">
      <path value="Provenance.agent.id"/>
      <representation value="xmlAttr"/>
      <short value="xml:id (or equivalent in JSON)"/>
      <definition value="unique id for the element within a resource (for internal references). This may be any string value that does not contain spaces."/>
      <min value="0"/>
      <max value="1"/>
      <base>
        <path value="Element.id"/>
        <min value="0"/>
        <max value="1"/>
      </base>
      <type>
        <code value="string"/>
      </type>
      <mapping>
        <identity value="rim"/>
        <map value="n/a"/>
      </mapping>
    </element>
    <element id="Provenance.agent.extension">
      <path value="Provenance.agent.extension"/>
      <short value="Additional Content defined by implementations"/>
      <definition value="May be used to represent additional information that is not part of the basic definition of the element. In order to make the use of extensions safe and manageable, there is a strict set of governance  applied to the definition and use of extensions. Though any implementer is allowed to define an extension, there is a set of requirements that SHALL be met as part of the definition of the extension."/>
      <comment value="There can be no stigma associated with the use of extensions by any application, project, or standard - regardless of the institution or jurisdiction that uses or defines the extensions.  The use of extensions is what allows the FHIR specification to retain a core level of simplicity for everyone."/>
      <alias value="extensions"/>
      <alias value="user content"/>
      <min value="0"/>
      <max value="*"/>
      <base>
        <path value="Element.extension"/>
        <min value="0"/>
        <max value="*"/>
      </base>
      <type>
        <code value="Extension"/>
      </type>
      <mapping>
        <identity value="rim"/>
        <map value="n/a"/>
      </mapping>
    </element>
    <element id="Provenance.agent.modifierExtension">
      <path value="Provenance.agent.modifierExtension"/>
      <short value="Extensions that cannot be ignored"/>
      <definition value="May be used to represent additional information that is not part of the basic definition of the element, and that modifies the understanding of the element that contains it. Usually modifier elements provide negation or qualification. In order to make the use of extensions safe and manageable, there is a strict set of governance applied to the definition and use of extensions. Though any implementer is allowed to define an extension, there is a set of requirements that SHALL be met as part of the definition of the extension. Applications processing a resource are required to check for modifier extensions."/>
      <comment value="There can be no stigma associated with the use of extensions by any application, project, or standard - regardless of the institution or jurisdiction that uses or defines the extensions.  The use of extensions is what allows the FHIR specification to retain a core level of simplicity for everyone."/>
      <alias value="extensions"/>
      <alias value="user content"/>
      <alias value="modifiers"/>
      <min value="0"/>
      <max value="*"/>
      <base>
        <path value="BackboneElement.modifierExtension"/>
        <min value="0"/>
        <max value="*"/>
      </base>
      <type>
        <code value="Extension"/>
      </type>
      <isModifier value="true"/>
      <isSummary value="true"/>
      <mapping>
        <identity value="rim"/>
        <map value="N/A"/>
      </mapping>
    </element>
    <element id="Provenance.agent.role">
      <path value="Provenance.agent.role"/>
      <short value="What the agents role was"/>
      <definition value="The function of the agent with respect to the activity. The security role enabling the agent with respect to the activity."/>
      <comment value="For example: author, performer, enterer, attester, doctor, nurse, clerk, etc."/>
      <min value="0"/>
      <max value="*"/>
      <base>
        <path value="Provenance.agent.role"/>
        <min value="0"/>
        <max value="*"/>
      </base>
      <type>
        <code value="CodeableConcept"/>
      </type>
      <isSummary value="true"/>
      <binding>
        <extension url="http://hl7.org/fhir/StructureDefinition/elementdefinition-bindingName">
          <valueString value="ProvenanceAgentRole"/>
        </extension>
        <strength value="extensible"/>
        <description value="The role that a provenance agent played with respect to the activity."/>
        <valueSetReference>
          <reference value="http://hl7.org/fhir/ValueSet/security-role-type"/>
        </valueSetReference>
      </binding>
      <mapping>
        <identity value="rim"/>
        <map value=".role and/or .typecode"/>
      </mapping>
      <mapping>
        <identity value="fhirauditevent"/>
        <map value="AuditEvent.agent.role"/>
      </mapping>
      <mapping>
        <identity value="w3c.prov"/>
        <map value="Agent.Attribution"/>
      </mapping>
    </element>
    <element id="Provenance.agent.who[x]">
      <path value="Provenance.agent.who[x]"/>
      <slicing>
        <discriminator>
          <type value="type"/>
          <path value="$this"/>
        </discriminator>
        <ordered value="false"/>
        <rules value="closed"/>
      </slicing>
      <short value="Who participated"/>
      <definition value="The individual, device or organization that participated in the event."/>
      <min value="1"/>
      <max value="1"/>
      <base>
        <path value="Provenance.agent.who[x]"/>
        <min value="1"/>
        <max value="1"/>
      </base>
      <type>
        <code value="Reference"/>
      </type>
      <isSummary value="true"/>
      <mapping>
        <identity value="rim"/>
        <map value=".id"/>
      </mapping>
      <mapping>
        <identity value="w5"/>
        <map value="who.actor"/>
      </mapping>
    </element>
    <element id="Provenance.agent.who[x]:whoReference">
      <path value="Provenance.agent.who[x]"/>
      <sliceName value="whoReference"/>
      <label value="RENEWED BY"/>
      <short value="Who participated"/>
      <definition value="This is the name of the person who renewed this order."/>
      <min value="1"/>
      <max value="1"/>
      <base>
        <path value="Provenance.agent.who[x]"/>
        <min value="1"/>
        <max value="1"/>
      </base>
      <type>
        <code value="Reference"/>
      </type>
      <mustSupport value="true"/>
      <isSummary value="true"/>
      <mapping>
        <identity value="rim"/>
        <map value=".id"/>
      </mapping>
      <mapping>
        <identity value="w5"/>
        <map value="who.actor"/>
      </mapping>
      <mapping>
        <identity value="vista"/>
        <map value="LAST RENEW @RENEWED BY  55.1138-1"/>
      </mapping>
    </element>
    <element id="Provenance.agent.onBehalfOf[x]">
      <path value="Provenance.agent.onBehalfOf[x]"/>
      <short value="Who the agent is representing"/>
      <definition value="The individual, device, or organization for whom the change was made."/>
      <min value="0"/>
      <max value="1"/>
      <base>
        <path value="Provenance.agent.onBehalfOf[x]"/>
        <min value="0"/>
        <max value="1"/>
      </base>
      <type>
        <code value="uri"/>
      </type>
      <type>
        <code value="Reference"/>
        <targetProfile value="http://hl7.org/fhir/StructureDefinition/Practitioner"/>
      </type>
      <type>
        <code value="Reference"/>
        <targetProfile value="http://hl7.org/fhir/StructureDefinition/RelatedPerson"/>
      </type>
      <type>
        <code value="Reference"/>
        <targetProfile value="http://hl7.org/fhir/StructureDefinition/Patient"/>
      </type>
      <type>
        <code value="Reference"/>
        <targetProfile value="http://hl7.org/fhir/StructureDefinition/Device"/>
      </type>
      <type>
        <code value="Reference"/>
        <targetProfile value="http://hl7.org/fhir/StructureDefinition/Organization"/>
      </type>
      <mapping>
        <identity value="rim"/>
        <map value="Person, Practitioner, Organization, Device :* .role [classCode = RoleClassMutualRelationship; role.code and * .scopes[Role](classCode=IDENT) and *.plays [Role.Code]"/>
      </mapping>
    </element>
    <element id="Provenance.agent.relatedAgentType">
      <path value="Provenance.agent.relatedAgentType"/>
      <short value="Type of relationship between agents"/>
      <definition value="The type of relationship between agents."/>
      <min value="0"/>
      <max value="1"/>
      <base>
        <path value="Provenance.agent.relatedAgentType"/>
        <min value="0"/>
        <max value="1"/>
      </base>
      <type>
        <code value="CodeableConcept"/>
      </type>
      <binding>
        <extension url="http://hl7.org/fhir/StructureDefinition/elementdefinition-bindingName">
          <valueString value="RelatedAgentType"/>
        </extension>
        <strength value="example"/>
        <description value="Type of relationship between two provenance agents."/>
        <valueSetReference>
          <reference value="http://hl7.org/fhir/ValueSet/v3-RoleLinkType"/>
        </valueSetReference>
      </binding>
      <mapping>
        <identity value="rim"/>
        <map value=".typeCode"/>
      </mapping>
      <mapping>
        <identity value="w3c.prov"/>
        <map value="type"/>
      </mapping>
    </element>
    <element id="Provenance.entity">
      <path value="Provenance.entity"/>
      <short value="An entity used in this activity"/>
      <definition value="An entity used in this activity."/>
      <comment value="Multiple userIds may be associated with the same Practitioner or other individual across various appearances, each with distinct privileges."/>
      <min value="0"/>
      <max value="*"/>
      <base>
        <path value="Provenance.entity"/>
        <min value="0"/>
        <max value="*"/>
      </base>
      <type>
        <code value="BackboneElement"/>
      </type>
      <constraint>
        <key value="ele-1"/>
        <severity value="error"/>
        <human value="All FHIR elements must have a @value or children"/>
        <expression value="hasValue() | (children().count() &gt; id.count())"/>
        <xpath value="@value|f:*|h:div"/>
        <source value="http://hl7.org/fhir/StructureDefinition/Element"/>
      </constraint>
      <mapping>
        <identity value="rim"/>
        <map value="./subjectOf"/>
      </mapping>
      <mapping>
        <identity value="fhirauditevent"/>
        <map value="AuditEvent.entity"/>
      </mapping>
      <mapping>
        <identity value="w3c.prov"/>
        <map value="Entity"/>
      </mapping>
    </element>
    <element id="Provenance.entity.id">
      <path value="Provenance.entity.id"/>
      <representation value="xmlAttr"/>
      <short value="xml:id (or equivalent in JSON)"/>
      <definition value="unique id for the element within a resource (for internal references). This may be any string value that does not contain spaces."/>
      <min value="0"/>
      <max value="1"/>
      <base>
        <path value="Element.id"/>
        <min value="0"/>
        <max value="1"/>
      </base>
      <type>
        <code value="string"/>
      </type>
      <mapping>
        <identity value="rim"/>
        <map value="n/a"/>
      </mapping>
    </element>
    <element id="Provenance.entity.extension">
      <path value="Provenance.entity.extension"/>
      <short value="Additional Content defined by implementations"/>
      <definition value="May be used to represent additional information that is not part of the basic definition of the element. In order to make the use of extensions safe and manageable, there is a strict set of governance  applied to the definition and use of extensions. Though any implementer is allowed to define an extension, there is a set of requirements that SHALL be met as part of the definition of the extension."/>
      <comment value="There can be no stigma associated with the use of extensions by any application, project, or standard - regardless of the institution or jurisdiction that uses or defines the extensions.  The use of extensions is what allows the FHIR specification to retain a core level of simplicity for everyone."/>
      <alias value="extensions"/>
      <alias value="user content"/>
      <min value="0"/>
      <max value="*"/>
      <base>
        <path value="Element.extension"/>
        <min value="0"/>
        <max value="*"/>
      </base>
      <type>
        <code value="Extension"/>
      </type>
      <mapping>
        <identity value="rim"/>
        <map value="n/a"/>
      </mapping>
    </element>
    <element id="Provenance.entity.modifierExtension">
      <path value="Provenance.entity.modifierExtension"/>
      <short value="Extensions that cannot be ignored"/>
      <definition value="May be used to represent additional information that is not part of the basic definition of the element, and that modifies the understanding of the element that contains it. Usually modifier elements provide negation or qualification. In order to make the use of extensions safe and manageable, there is a strict set of governance applied to the definition and use of extensions. Though any implementer is allowed to define an extension, there is a set of requirements that SHALL be met as part of the definition of the extension. Applications processing a resource are required to check for modifier extensions."/>
      <comment value="There can be no stigma associated with the use of extensions by any application, project, or standard - regardless of the institution or jurisdiction that uses or defines the extensions.  The use of extensions is what allows the FHIR specification to retain a core level of simplicity for everyone."/>
      <alias value="extensions"/>
      <alias value="user content"/>
      <alias value="modifiers"/>
      <min value="0"/>
      <max value="*"/>
      <base>
        <path value="BackboneElement.modifierExtension"/>
        <min value="0"/>
        <max value="*"/>
      </base>
      <type>
        <code value="Extension"/>
      </type>
      <isModifier value="true"/>
      <isSummary value="true"/>
      <mapping>
        <identity value="rim"/>
        <map value="N/A"/>
      </mapping>
    </element>
    <element id="Provenance.entity.role">
      <path value="Provenance.entity.role"/>
      <short value="derivation | revision | quotation | source | removal"/>
      <definition value="How the entity was used during the activity."/>
      <min value="1"/>
      <max value="1"/>
      <base>
        <path value="Provenance.entity.role"/>
        <min value="1"/>
        <max value="1"/>
      </base>
      <type>
        <code value="code"/>
      </type>
      <fixedCode value="revision"/>
      <mustSupport value="true"/>
      <isSummary value="true"/>
      <binding>
        <extension url="http://hl7.org/fhir/StructureDefinition/elementdefinition-bindingName">
          <valueString value="ProvenanceEntityRole"/>
        </extension>
        <strength value="required"/>
        <description value="How an entity was used in an activity."/>
        <valueSetReference>
          <reference value="http://hl7.org/fhir/ValueSet/provenance-entity-role"/>
        </valueSetReference>
      </binding>
      <mapping>
        <identity value="rim"/>
        <map value="./typeCode"/>
      </mapping>
      <mapping>
        <identity value="fhirauditevent"/>
        <map value="AuditEvent.entity.lifecycle"/>
      </mapping>
      <mapping>
        <identity value="w3c.prov"/>
        <map value="Entity.role"/>
      </mapping>
    </element>
    <element id="Provenance.entity.what[x]">
      <path value="Provenance.entity.what[x]"/>
      <slicing>
        <discriminator>
          <type value="type"/>
          <path value="$this"/>
        </discriminator>
        <ordered value="false"/>
        <rules value="closed"/>
      </slicing>
      <short value="Identity of entity"/>
      <definition value="Identity of the  Entity used. May be a logical or physical uri and maybe absolute or relative."/>
      <comment value="Identity may be a reference to a resource or to something else, depending on the type."/>
      <min value="1"/>
      <max value="1"/>
      <base>
        <path value="Provenance.entity.what[x]"/>
        <min value="1"/>
        <max value="1"/>
      </base>
      <type>
        <code value="Identifier"/>
      </type>
      <isSummary value="true"/>
      <mapping>
        <identity value="rim"/>
        <map value="./text/reference"/>
      </mapping>
      <mapping>
        <identity value="fhirauditevent"/>
        <map value="AuditEvent.entity.reference"/>
      </mapping>
      <mapping>
        <identity value="w3c.prov"/>
        <map value="Entity.Identity"/>
      </mapping>
    </element>
    <element id="Provenance.entity.what[x]:whatIdentifier">
      <path value="Provenance.entity.what[x]"/>
      <sliceName value="whatIdentifier"/>
      <short value="Identity of entity"/>
      <definition value="Identity of the  Entity used. May be a logical or physical uri and maybe absolute or relative."/>
      <comment value="Identity may be a reference to a resource or to something else, depending on the type."/>
      <min value="1"/>
      <max value="1"/>
      <base>
        <path value="Provenance.entity.what[x]"/>
        <min value="1"/>
        <max value="1"/>
      </base>
      <type>
        <code value="Identifier"/>
      </type>
      <isSummary value="true"/>
      <mapping>
        <identity value="rim"/>
        <map value="./text/reference"/>
      </mapping>
      <mapping>
        <identity value="fhirauditevent"/>
        <map value="AuditEvent.entity.reference"/>
      </mapping>
      <mapping>
        <identity value="w3c.prov"/>
        <map value="Entity.Identity"/>
      </mapping>
    </element>
    <element id="Provenance.entity.what[x]:whatIdentifier.id">
      <path value="Provenance.entity.what[x].id"/>
      <representation value="xmlAttr"/>
      <short value="xml:id (or equivalent in JSON)"/>
      <definition value="unique id for the element within a resource (for internal references). This may be any string value that does not contain spaces."/>
      <min value="0"/>
      <max value="1"/>
      <base>
        <path value="Element.id"/>
        <min value="0"/>
        <max value="1"/>
      </base>
      <type>
        <code value="string"/>
      </type>
      <mapping>
        <identity value="rim"/>
        <map value="n/a"/>
      </mapping>
    </element>
    <element id="Provenance.entity.what[x]:whatIdentifier.extension">
      <path value="Provenance.entity.what[x].extension"/>
      <slicing>
        <discriminator>
          <type value="value"/>
          <path value="url"/>
        </discriminator>
        <description value="Extensions are always sliced by (at least) url"/>
        <rules value="open"/>
      </slicing>
      <short value="Additional Content defined by implementations"/>
      <definition value="May be used to represent additional information that is not part of the basic definition of the element. In order to make the use of extensions safe and manageable, there is a strict set of governance  applied to the definition and use of extensions. Though any implementer is allowed to define an extension, there is a set of requirements that SHALL be met as part of the definition of the extension."/>
      <comment value="There can be no stigma associated with the use of extensions by any application, project, or standard - regardless of the institution or jurisdiction that uses or defines the extensions.  The use of extensions is what allows the FHIR specification to retain a core level of simplicity for everyone."/>
      <alias value="extensions"/>
      <alias value="user content"/>
      <min value="0"/>
      <max value="*"/>
      <base>
        <path value="Element.extension"/>
        <min value="0"/>
        <max value="*"/>
      </base>
      <type>
        <code value="Extension"/>
      </type>
      <mapping>
        <identity value="rim"/>
        <map value="n/a"/>
      </mapping>
    </element>
    <element id="Provenance.entity.what[x]:whatIdentifier.use">
      <path value="Provenance.entity.what[x].use"/>
      <short value="usual | official | temp | secondary (If known)"/>
      <definition value="The purpose of this identifier."/>
      <comment value="This is labeled as &quot;Is Modifier&quot; because applications should not mistake a temporary id for a permanent one. Applications can assume that an identifier is permanent unless it explicitly says that it is temporary."/>
      <requirements value="Allows the appropriate identifier for a particular context of use to be selected from among a set of identifiers."/>
      <min value="0"/>
      <max value="1"/>
      <base>
        <path value="Identifier.use"/>
        <min value="0"/>
        <max value="1"/>
      </base>
      <type>
        <code value="code"/>
      </type>
      <isModifier value="true"/>
      <isSummary value="true"/>
      <binding>
        <extension url="http://hl7.org/fhir/StructureDefinition/elementdefinition-bindingName">
          <valueString value="IdentifierUse"/>
        </extension>
        <strength value="required"/>
        <description value="Identifies the purpose for this identifier, if known ."/>
        <valueSetReference>
          <reference value="http://hl7.org/fhir/ValueSet/identifier-use"/>
        </valueSetReference>
      </binding>
      <mapping>
        <identity value="v2"/>
        <map value="N/A"/>
      </mapping>
      <mapping>
        <identity value="rim"/>
        <map value="Role.code or implied by context"/>
      </mapping>
    </element>
    <element id="Provenance.entity.what[x]:whatIdentifier.type">
      <path value="Provenance.entity.what[x].type"/>
      <short value="Description of identifier"/>
      <definition value="A coded type for the identifier that can be used to determine which identifier to use for a specific purpose."/>
      <comment value="This element deals only with general categories of identifiers.  It SHOULD not be used for codes that correspond 1..1 with the Identifier.system. Some identifiers may fall into multiple categories due to common usage. &#xA;&#xA;Where the system is known, a type is unnecessary because the type is always part of the system definition. However systems often need to handle identifiers where the system is not known. There is not a 1:1 relationship between type and system, since many different systems have the same type."/>
      <requirements value="Allows users to make use of identifiers when the identifier system is not known."/>
      <min value="0"/>
      <max value="1"/>
      <base>
        <path value="Identifier.type"/>
        <min value="0"/>
        <max value="1"/>
      </base>
      <type>
        <code value="CodeableConcept"/>
      </type>
      <isSummary value="true"/>
      <binding>
        <extension url="http://hl7.org/fhir/StructureDefinition/elementdefinition-bindingName">
          <valueString value="IdentifierType"/>
        </extension>
        <extension url="http://hl7.org/fhir/StructureDefinition/elementdefinition-isCommonBinding">
          <valueBoolean value="true"/>
        </extension>
        <strength value="extensible"/>
        <description value="A coded type for an identifier that can be used to determine which identifier to use for a specific purpose."/>
        <valueSetReference>
          <reference value="http://hl7.org/fhir/ValueSet/identifier-type"/>
        </valueSetReference>
      </binding>
      <mapping>
        <identity value="v2"/>
        <map value="CX.5"/>
      </mapping>
      <mapping>
        <identity value="rim"/>
        <map value="Role.code or implied by context"/>
      </mapping>
    </element>
    <element id="Provenance.entity.what[x]:whatIdentifier.system">
      <path value="Provenance.entity.what[x].system"/>
      <short value="The namespace for the identifier value"/>
      <definition value="Establishes the namespace for the value - that is, a URL that describes a set values that are unique."/>
      <requirements value="There are many sets  of identifiers.  To perform matching of two identifiers, we need to know what set we&#39;re dealing with. The system identifies a particular set of unique identifiers."/>
      <min value="0"/>
      <max value="1"/>
      <base>
        <path value="Identifier.system"/>
        <min value="0"/>
        <max value="1"/>
      </base>
      <type>
        <code value="uri"/>
      </type>
      <example>
        <label value="General"/>
        <valueUri value="http://www.acme.com/identifiers/patient"/>
      </example>
      <isSummary value="true"/>
      <mapping>
        <identity value="v2"/>
        <map value="CX.4 / EI-2-4"/>
      </mapping>
      <mapping>
        <identity value="rim"/>
        <map value="II.root or Role.id.root"/>
      </mapping>
      <mapping>
        <identity value="servd"/>
        <map value="./IdentifierType"/>
      </mapping>
    </element>
    <element id="Provenance.entity.what[x]:whatIdentifier.value">
      <path value="Provenance.entity.what[x].value"/>
      <label value="PREVIOUS ORDERS FILE ENTRY"/>
      <short value="The value that is unique"/>
      <definition value="When an order is being renewed, this is the pointer value of the corresponding entry in the ORDERS file (100), prior to the renewal."/>
      <comment value="If the value is a full URI, then the system SHALL be urn:ietf:rfc:3986.  The value&#39;s primary purpose is computational mapping.  As a result, it may be normalized for comparison purposes (e.g. removing non-significant whitespace, dashes, etc.)  A value formatted for human display can be conveyed using the [Rendered Value extension](http://hl7.org/fhir/STU3/extension-rendered-value.html)."/>
      <min value="0"/>
      <max value="1"/>
      <base>
        <path value="Identifier.value"/>
        <min value="0"/>
        <max value="1"/>
      </base>
      <type>
        <code value="string"/>
      </type>
      <example>
        <label value="General"/>
        <valueString value="123456"/>
      </example>
      <mustSupport value="true"/>
      <isSummary value="true"/>
      <mapping>
        <identity value="v2"/>
        <map value="CX.1 / EI.1"/>
      </mapping>
      <mapping>
        <identity value="rim"/>
        <map value="II.extension or II.root if system indicates OID or GUID (Or Role.id.extension or root)"/>
      </mapping>
      <mapping>
        <identity value="servd"/>
        <map value="./Value"/>
      </mapping>
      <mapping>
        <identity value="vista"/>
        <map value="LAST RENEW @PREVIOUS ORDERS FILE ENTRY 55.1138-4"/>
      </mapping>
    </element>
    <element id="Provenance.entity.what[x]:whatIdentifier.period">
      <path value="Provenance.entity.what[x].period"/>
      <short value="Time period when id is/was valid for use"/>
      <definition value="Time period during which identifier is/was valid for use."/>
      <min value="0"/>
      <max value="1"/>
      <base>
        <path value="Identifier.period"/>
        <min value="0"/>
        <max value="1"/>
      </base>
      <type>
        <code value="Period"/>
      </type>
      <isSummary value="true"/>
      <mapping>
        <identity value="v2"/>
        <map value="CX.7 + CX.8"/>
      </mapping>
      <mapping>
        <identity value="rim"/>
        <map value="Role.effectiveTime or implied by context"/>
      </mapping>
      <mapping>
        <identity value="servd"/>
        <map value="./StartDate and ./EndDate"/>
      </mapping>
    </element>
    <element id="Provenance.entity.what[x]:whatIdentifier.assigner">
      <path value="Provenance.entity.what[x].assigner"/>
      <short value="Organization that issued id (may be just text)"/>
      <definition value="Organization that issued/manages the identifier."/>
      <comment value="The Identifier.assigner may omit the .reference element and only contain a .display element reflecting the name or other textual information about the assigning organization."/>
      <min value="0"/>
      <max value="1"/>
      <base>
        <path value="Identifier.assigner"/>
        <min value="0"/>
        <max value="1"/>
      </base>
      <type>
        <code value="Reference"/>
        <targetProfile value="http://hl7.org/fhir/StructureDefinition/Organization"/>
      </type>
      <isSummary value="true"/>
      <mapping>
        <identity value="v2"/>
        <map value="CX.4 / (CX.4,CX.9,CX.10)"/>
      </mapping>
      <mapping>
        <identity value="rim"/>
        <map value="II.assigningAuthorityName but note that this is an improper use by the definition of the field.  Also Role.scoper"/>
      </mapping>
      <mapping>
        <identity value="servd"/>
        <map value="./IdentifierIssuingAuthority"/>
      </mapping>
    </element>
    <element id="Provenance.entity.agent">
      <path value="Provenance.entity.agent"/>
      <short value="Entity is attributed to this agent"/>
      <definition value="The entity is attributed to an agent to express the agent&#39;s responsibility for that entity, possibly along with other agents. This description can be understood as shorthand for saying that the agent was responsible for the activity which generated the entity."/>
      <comment value="A usecase where one Provenance.entity.agent is used where the Entity that was used in the creation/updating of the Target, is not in the context of the same custodianship as the Target, and thus the meaning of Provenance.entity.agent is to say that the entity referenced is managed elsewhere and that this Agent provided access to it.  This would be similar to where the Entity being referenced is managed outside FHIR, such as through HL7 v2, v3, or XDS. This might be where the Entity being referenced is managed in another FHIR resource server. Thus it explains the Provenance of that Entity&#39;s use in the context of this Provenance activity."/>
      <min value="0"/>
      <max value="*"/>
      <base>
        <path value="Provenance.entity.agent"/>
        <min value="0"/>
        <max value="*"/>
      </base>
      <contentReference value="http://hl7.org/fhir/StructureDefinition/Provenance#Provenance.agent"/>
      <mapping>
        <identity value="rim"/>
        <map value="./author/role"/>
      </mapping>
    </element>
    <element id="Provenance.signature">
      <path value="Provenance.signature"/>
      <short value="Signature on target"/>
      <definition value="A digital signature on the target Reference(s). The signer should match a Provenance.agent. The purpose of the signature is indicated."/>
      <min value="0"/>
      <max value="*"/>
      <base>
        <path value="Provenance.signature"/>
        <min value="0"/>
        <max value="*"/>
      </base>
      <type>
        <code value="Signature"/>
      </type>
      <mapping>
        <identity value="rim"/>
        <map value="./signatureText"/>
      </mapping>
    </element>
  </snapshot>
  <differential>
    <element id="Provenance">
      <path value="Provenance"/>
    </element>
    <element id="Provenance.extension:reference-targetElement-extension-change-extension-oldValue">
      <path value="Provenance.extension"/>
      <sliceName value="reference-targetElement-extension-change-extension-oldValue"/>
      <label value="PREVIOUS STOP DATE/TIME"/>
      <definition value="This is the stop date/time of the prior order."/>
      <type>
        <code value="Extension"/>
        <profile value="http://va.gov/fhir/us/vha-ampl-ig/StructureDefinition/reference-targetElement.extension.change.extension.oldValue"/>
      </type>
      <mustSupport value="true"/>
      <mapping>
        <identity value="vista"/>
        <map value="LAST RENEW @PREVIOUS PROVIDER 55.1138-2"/>
      </mapping>
      <mapping>
        <identity value="vista"/>
        <map value="LAST RENEW @PREVIOUS STOP DATE/TIME 55.1138-3"/>
      </mapping>
    </element>
    <element id="Provenance.recorded">
      <path value="Provenance.recorded"/>
      <label value="LAST RENEW"/>
      <definition value="This is the date/time the order was renewed."/>
      <mustSupport value="true"/>
      <mapping>
        <identity value="vista"/>
        <map value="Pharmacy Patient @LAST RENEW 55.1138-.01"/>
      </mapping>
    </element>
    <element id="Provenance.agent.whoReference">
      <path value="Provenance.agent.whoReference"/>
      <label value="RENEWED BY"/>
      <definition value="This is the name of the person who renewed this order."/>
      <mustSupport value="true"/>
      <mapping>
        <identity value="vista"/>
        <map value="LAST RENEW @RENEWED BY  55.1138-1"/>
      </mapping>
    </element>
    <element id="Provenance.entity.role">
      <path value="Provenance.entity.role"/>
      <fixedCode value="revision"/>
      <mustSupport value="true"/>
    </element>
    <element id="Provenance.entity.whatIdentifier">
      <path value="Provenance.entity.whatIdentifier"/>
      <type>
        <code value="Identifier"/>
      </type>
    </element>
    <element id="Provenance.entity.whatIdentifier.value">
      <path value="Provenance.entity.whatIdentifier.value"/>
      <label value="PREVIOUS ORDERS FILE ENTRY"/>
      <definition value="When an order is being renewed, this is the pointer value of the corresponding entry in the ORDERS file (100), prior to the renewal."/>
      <mustSupport value="true"/>
      <mapping>
        <identity value="vista"/>
        <map value="LAST RENEW @PREVIOUS ORDERS FILE ENTRY 55.1138-4"/>
      </mapping>
    </element>
  </differential>
</StructureDefinition>