<?xml version="1.0" encoding="UTF-8"?>

<ValueSet xmlns="http://hl7.org/fhir">
  <id value="iv-order-type"/>
  <text>
    <status value="generated"/><div xmlns="http://www.w3.org/1999/xhtml"><ul><li>Include these codes as defined in <code>http://va.gov/Terminology/VistaDefinedTerms/</code><table class="none"><tr><td style="white-space:nowrap"><b>Code</b></td><td><b>Display</b></td></tr><tr><td>A</td><td>ADMIXTURE</td></tr><tr><td>C</td><td>CHEMOTHERAPY</td></tr><tr><td>H</td><td>HYPERAL</td></tr><tr><td>P</td><td>PIGGYBACK</td></tr><tr><td>S</td><td>SYRINGE</td></tr></table></li></ul></div>
  </text>
  <url value="http://va.gov/fhir/us/vha-ampl-ig/ValueSet/iv-order-type"/>
  <version value="0.0.70"/>
  <name value="iv-order-type"/>
  <status value="draft"/>
  <date value="2021-05-02T08:44:32.765Z"/>
  <publisher value="JPSys"/>
  <contact>
    <telecom>
      <system value="other"/>
      <value value="https://jpsys.com"/>
    </telecom>
  </contact>
  <jurisdiction>
    <coding>
      <system value="http://unstats.un.org/unsd/methods/m49/m49.htm"/>
      <code value="840"/>
    </coding>
  </jurisdiction>
  <compose>
    <include>
      <system value="http://va.gov/Terminology/VistaDefinedTerms/"/>
      <concept>
        <code value="A"/>
        <display value="ADMIXTURE"/>
      </concept>
      <concept>
        <code value="C"/>
        <display value="CHEMOTHERAPY"/>
      </concept>
      <concept>
        <code value="H"/>
        <display value="HYPERAL"/>
      </concept>
      <concept>
        <code value="P"/>
        <display value="PIGGYBACK"/>
      </concept>
      <concept>
        <code value="S"/>
        <display value="SYRINGE"/>
      </concept>
    </include>
  </compose>
</ValueSet>