<?xml version="1.0" encoding="UTF-8"?>

<ValueSet xmlns="http://hl7.org/fhir">
  <id value="inpatient-medication-order-type"/>
  <text>
    <status value="generated"/><div xmlns="http://www.w3.org/1999/xhtml"><ul><li>Include these codes as defined in <code>http://va.gov/Terminology/VistaDefinedTerms/</code><table class="none"><tr><td style="white-space:nowrap"><b>Code</b></td><td><b>Display</b></td></tr><tr><td>H</td><td>HYPERAL</td></tr><tr><td>U</td><td>UNIT DOSE</td></tr><tr><td>I</td><td>INPATIENT</td></tr><tr><td>F</td><td>FLUID</td></tr></table></li></ul></div>
  </text>
  <url value="http://va.gov/fhir/us/vha-ampl-ig/ValueSet/inpatient-medication-order-type"/>
  <version value="0.0.74"/>
  <name value="inpatient-medication-order-type"/>
  <status value="draft"/>
  <date value="2021-05-17T15:52:07.695Z"/>
  <publisher value="JPSys"/>
  <contact>
    <telecom>
      <system value="other"/>
      <value value="https://jpsys.com"/>
    </telecom>
  </contact>
  <jurisdiction>
    <coding>
      <system value="http://unstats.un.org/unsd/methods/m49/m49.htm"/>
      <code value="840"/>
    </coding>
  </jurisdiction>
  <compose>
    <include>
      <system value="http://va.gov/Terminology/VistaDefinedTerms/"/>
      <concept>
        <code value="H"/>
        <display value="HYPERAL"/>
      </concept>
      <concept>
        <code value="U"/>
        <display value="UNIT DOSE"/>
      </concept>
      <concept>
        <code value="I"/>
        <display value="INPATIENT"/>
      </concept>
      <concept>
        <code value="F"/>
        <display value="FLUID"/>
      </concept>
    </include>
  </compose>
</ValueSet>