<?xml version="1.0" encoding="UTF-8"?><ValueSet xmlns="http://hl7.org/fhir"><id value="unit-dose-medication-order-type"/><text><status value="generated"/><div xmlns="http://www.w3.org/1999/xhtml"><ul><li>Include these codes as defined in <code>http://va.gov/Terminology/VistaDefinedTerms/</code><table class="none"><tr><td style="white-space:nowrap"><b>Code</b></td><td><b>Display</b></td></tr><tr><td>A</td><td>ADMIXTURE</td></tr><tr><td>C</td><td>CHEMOTHERAPY</td></tr><tr><td>P</td><td>PIGGYBACK</td></tr><tr><td>U</td><td>UNIT DOSE</td></tr><tr><td>T</td><td>TPN</td></tr></table></li></ul></div></text><url value="http://va.gov/fhir/us/vha-ampl-ig/ValueSet/unit-dose-medication-order-type"/><version value="0.0.70"/><name value="unit-dose-medication-order-type"/><status value="draft"/><date value="2021-05-02T08:44:32.765Z"/><publisher value="JPSys"/><contact><telecom><system value="other"/><value value="https://jpsys.com"/></telecom></contact><jurisdiction><coding><system value="http://unstats.un.org/unsd/methods/m49/m49.htm"/><code value="840"/></coding></jurisdiction><compose><include><system value="http://va.gov/Terminology/VistaDefinedTerms/"/><concept><code value="A"/><display value="ADMIXTURE"/></concept><concept><code value="C"/><display value="CHEMOTHERAPY"/></concept><concept><code value="P"/><display value="PIGGYBACK"/></concept><concept><code value="U"/><display value="UNIT DOSE"/></concept><concept><code value="T"/><display value="TPN"/></concept></include></compose></ValueSet>