<?xml version="1.0" encoding="UTF-8"?><ValueSet xmlns="http://hl7.org/fhir"><id value="pharmacy-finished-outpatient-order-status"/><text><status value="generated"/><div xmlns="http://www.w3.org/1999/xhtml"><ul><li>Include these codes as defined in <code>http://va.gov/Terminology/VistaDefinedTerms/</code><table class="none"><tr><td style="white-space:nowrap"><b>Code</b></td><td><b>Display</b></td></tr><tr><td>16</td><td>PROVIDER HOLD</td></tr><tr><td>1</td><td>NON-VERIFIED</td></tr><tr><td>3</td><td>HOLD</td></tr><tr><td>11</td><td>EXPIRED</td></tr><tr><td>4</td><td>DRUG INTERACTIONS</td></tr><tr><td>5</td><td>SUSPENDED</td></tr><tr><td>10</td><td>DONE</td></tr><tr><td>15</td><td>DISCONTINUED (EDIT)</td></tr><tr><td>12</td><td>DISCONTINUED</td></tr><tr><td>13</td><td>DELETED</td></tr><tr><td>0</td><td>ACTIVE</td></tr></table></li></ul></div></text><url value="http://va.gov/fhir/us/vha-ampl-ig/ValueSet/pharmacy-finished-outpatient-order-status"/><version value="0.0.64"/><name value="pharmacy-finished-outpatient-order-status"/><status value="draft"/><date value="2021-03-12T16:05:11.288Z"/><publisher value="JPSys"/><contact><telecom><system value="other"/><value value="https://jpsys.com"/></telecom></contact><jurisdiction><coding><system value="http://unstats.un.org/unsd/methods/m49/m49.htm"/><code value="840"/></coding></jurisdiction><compose><include><system value="http://va.gov/Terminology/VistaDefinedTerms/"/><concept><code value="16"/><display value="PROVIDER HOLD"/></concept><concept><code value="1"/><display value="NON-VERIFIED"/></concept><concept><code value="3"/><display value="HOLD"/></concept><concept><code value="11"/><display value="EXPIRED"/></concept><concept><code value="4"/><display value="DRUG INTERACTIONS"/></concept><concept><code value="5"/><display value="SUSPENDED"/></concept><concept><code value="10"/><display value="DONE"/></concept><concept><code value="15"/><display value="DISCONTINUED (EDIT)"/></concept><concept><code value="12"/><display value="DISCONTINUED"/></concept><concept><code value="13"/><display value="DELETED"/></concept><concept><code value="0"/><display value="ACTIVE"/></concept></include></compose></ValueSet>