{"resourceType":"StructureDefinition","id":"VAProgressNoteOrganization","meta":{"lastUpdated":"2021-03-12T16:05:11.288Z"},"text":{"status":"extensions","div":"<div xmlns=\"http://www.w3.org/1999/xhtml\"><table border=\"0\" cellpadding=\"0\" cellspacing=\"0\" style=\"border: 0px #F0F0F0 solid; font-size: 11px; font-family: verdana; vertical-align: top;\"><tr style=\"border: 1px #F0F0F0 solid; font-size: 11px; font-family: verdana; vertical-align: top\"><th style=\"vertical-align: top; text-align : left; background-color: white; border: 0px #F0F0F0 solid; padding:0px 4px 0px 4px\" class=\"hierarchy\"><a href=\"http://hl7.org/fhir/STU3/formats.html#table\" title=\"The logical name of the element\">Name</a></th><th style=\"vertical-align: top; text-align : left; background-color: white; border: 0px #F0F0F0 solid; padding:0px 4px 0px 4px\" class=\"hierarchy\"><a href=\"http://hl7.org/fhir/STU3/formats.html#table\" title=\"Information about the use of the element\">Flags</a></th><th style=\"vertical-align: top; text-align : left; background-color: white; border: 0px #F0F0F0 solid; padding:0px 4px 0px 4px\" class=\"hierarchy\"><a href=\"http://hl7.org/fhir/STU3/formats.html#table\" title=\"Minimum and Maximum # of times the the element can appear in the instance\">Card.</a></th><th style=\"width: 100px\" class=\"hierarchy\"><a href=\"http://hl7.org/fhir/STU3/formats.html#table\" title=\"Reference to the type of the element\">Type</a></th><th style=\"vertical-align: top; text-align : left; background-color: white; border: 0px #F0F0F0 solid; padding:0px 4px 0px 4px\" class=\"hierarchy\"><a href=\"http://hl7.org/fhir/STU3/formats.html#table\" title=\"Additional information about the element\">Description &amp; Constraints</a><span style=\"float: right\"><a href=\"http://hl7.org/fhir/STU3/formats.html#table\" title=\"Legend for this format\"><img src=\"http://hl7.org/fhir/STU3/help16.png\" alt=\"doco\" style=\"background-color: inherit\"/></a></span></th></tr><tr style=\"border: 0px #F0F0F0 solid; padding:0px; vertical-align: top; background-color: white\"><td style=\"vertical-align: top; text-align : left; background-color: white; border: 0px #F0F0F0 solid; padding:0px 4px 0px 4px; white-space: nowrap; background-image: url(tbl_bck1.png)\" class=\"hierarchy\"><img src=\"tbl_spacer.png\" alt=\".\" style=\"background-color: inherit\" class=\"hierarchy\"/><img src=\"icon_resource.png\" alt=\".\" style=\"background-color: white; background-color: inherit\" title=\"Resource\" class=\"hierarchy\"/> <a href=\"StructureDefinition-VAProgressNoteOrganization-definitions.html#Organization\">Organization</a><a name=\"Organization\"> </a></td><td style=\"vertical-align: top; text-align : left; background-color: white; border: 0px #F0F0F0 solid; padding:0px 4px 0px 4px\" class=\"hierarchy\"/><td style=\"vertical-align: top; text-align : left; background-color: white; border: 0px #F0F0F0 solid; padding:0px 4px 0px 4px\" class=\"hierarchy\"><span style=\"opacity: 0.5\">0</span><span style=\"opacity: 0.5\">..</span><span style=\"opacity: 0.5\">*</span></td><td style=\"vertical-align: top; text-align : left; background-color: white; border: 0px #F0F0F0 solid; padding:0px 4px 0px 4px\" class=\"hierarchy\"><a href=\"http://hl7.org/fhir/STU3/organization.html\">Organization</a></td><td style=\"vertical-align: top; text-align : left; background-color: white; border: 0px #F0F0F0 solid; padding:0px 4px 0px 4px\" class=\"hierarchy\"><span style=\"opacity: 0.5\">A grouping of people or organizations with a common purpose</span></td></tr>\r\n<tr style=\"border: 0px #F0F0F0 solid; padding:0px; vertical-align: top; background-color: #F7F7F7\"><td style=\"vertical-align: top; text-align : left; background-color: #F7F7F7; border: 0px #F0F0F0 solid; padding:0px 4px 0px 4px; white-space: nowrap; background-image: url(tbl_bck12.png)\" class=\"hierarchy\"><img src=\"tbl_spacer.png\" alt=\".\" style=\"background-color: inherit\" class=\"hierarchy\"/><img src=\"tbl_vjoin.png\" alt=\".\" style=\"background-color: inherit\" class=\"hierarchy\"/><img src=\"icon_extension_simple.png\" alt=\".\" style=\"background-color: #F7F7F7; background-color: inherit\" title=\"Simple Extension\" class=\"hierarchy\"/> <a href=\"StructureDefinition-VAProgressNoteOrganization-definitions.html#Organization.extension\">extension</a><a name=\"Organization.extension\"> </a></td><td style=\"vertical-align: top; text-align : left; background-color: #F7F7F7; border: 0px #F0F0F0 solid; padding:0px 4px 0px 4px\" class=\"hierarchy\"/><td style=\"vertical-align: top; text-align : left; background-color: #F7F7F7; border: 0px #F0F0F0 solid; padding:0px 4px 0px 4px\" class=\"hierarchy\"><span style=\"opacity: 0.5\">0</span><span style=\"opacity: 0.5\">..</span><span style=\"opacity: 0.5\">*</span></td><td style=\"vertical-align: top; text-align : left; background-color: #F7F7F7; border: 0px #F0F0F0 solid; padding:0px 4px 0px 4px\" class=\"hierarchy\"><a style=\"opacity: 0.5\" href=\"http://hl7.org/fhir/STU3/extensibility.html#Extension\">Extension</a></td><td style=\"vertical-align: top; text-align : left; background-color: #F7F7F7; border: 0px #F0F0F0 solid; padding:0px 4px 0px 4px\" class=\"hierarchy\"><span style=\"opacity: 0.5\">Extension</span><br/><span style=\"font-weight:bold\">Slice: </span>Unordered, Open by value:url</td></tr>\r\n<tr style=\"border: 0px #F0F0F0 solid; padding:0px; vertical-align: top; background-color: white\"><td style=\"vertical-align: top; text-align : left; background-color: white; border: 0px #F0F0F0 solid; padding:0px 4px 0px 4px; white-space: nowrap; background-image: url(tbl_bck10.png)\" class=\"hierarchy\"><img src=\"tbl_spacer.png\" alt=\".\" style=\"background-color: inherit\" class=\"hierarchy\"/><img src=\"tbl_vjoin.png\" alt=\".\" style=\"background-color: inherit\" class=\"hierarchy\"/><img src=\"icon_element.gif\" alt=\".\" style=\"background-color: white; background-color: inherit\" title=\"Element\" class=\"hierarchy\"/> <a href=\"StructureDefinition-VAProgressNoteOrganization-definitions.html#Organization.name\" title=\"This is the location (WARD or CLINIC) associated with the document.\">name</a><a name=\"Organization.name\"> </a></td><td style=\"vertical-align: top; text-align : left; background-color: white; border: 0px #F0F0F0 solid; padding:0px 4px 0px 4px\" class=\"hierarchy\"><span style=\"padding-left: 3px; padding-right: 3px; color: white; background-color: red\" title=\"This element must be supported\">S</span></td><td style=\"vertical-align: top; text-align : left; background-color: white; border: 0px #F0F0F0 solid; padding:0px 4px 0px 4px\" class=\"hierarchy\"><span style=\"opacity: 0.5\">0</span><span style=\"opacity: 0.5\">..</span><span style=\"opacity: 0.5\">1</span></td><td style=\"vertical-align: top; text-align : left; background-color: white; border: 0px #F0F0F0 solid; padding:0px 4px 0px 4px\" class=\"hierarchy\"><a style=\"opacity: 0.5\" href=\"http://hl7.org/fhir/STU3/datatypes.html#string\">string</a></td><td style=\"vertical-align: top; text-align : left; background-color: white; border: 0px #F0F0F0 solid; padding:0px 4px 0px 4px\" class=\"hierarchy\"><span style=\"opacity: 0.5\">Name used for the organization</span></td></tr>\r\n<tr style=\"border: 0px #F0F0F0 solid; padding:0px; vertical-align: top; background-color: #F7F7F7\"><td style=\"vertical-align: top; text-align : left; background-color: #F7F7F7; border: 0px #F0F0F0 solid; padding:0px 4px 0px 4px; white-space: nowrap; background-image: url(tbl_bck00.png)\" class=\"hierarchy\"><img src=\"tbl_spacer.png\" alt=\".\" style=\"background-color: inherit\" class=\"hierarchy\"/><img src=\"tbl_vjoin_end.png\" alt=\".\" style=\"background-color: inherit\" class=\"hierarchy\"/><img src=\"icon_element.gif\" alt=\".\" style=\"background-color: #F7F7F7; background-color: inherit\" title=\"Element\" class=\"hierarchy\"/> <a href=\"StructureDefinition-VAProgressNoteOrganization-definitions.html#Organization.partOf\" title=\"This field contains the institution associated with the document. It is  extracted from the document's hospital location if known; otherwise it is  extracted from the user's log-on division.\">partOf</a><a name=\"Organization.partOf\"> </a></td><td style=\"vertical-align: top; text-align : left; background-color: #F7F7F7; border: 0px #F0F0F0 solid; padding:0px 4px 0px 4px\" class=\"hierarchy\"><span style=\"padding-left: 3px; padding-right: 3px; color: white; background-color: red\" title=\"This element must be supported\">S</span></td><td style=\"vertical-align: top; text-align : left; background-color: #F7F7F7; border: 0px #F0F0F0 solid; padding:0px 4px 0px 4px\" class=\"hierarchy\"><span style=\"opacity: 0.5\">0</span><span style=\"opacity: 0.5\">..</span><span style=\"opacity: 0.5\">1</span></td><td style=\"vertical-align: top; text-align : left; background-color: #F7F7F7; border: 0px #F0F0F0 solid; padding:0px 4px 0px 4px\" class=\"hierarchy\"><a href=\"http://hl7.org/fhir/STU3/references.html\">Reference</a>(<a style=\"opacity: 0.5\" href=\"http://hl7.org/fhir/STU3/organization.html\">Organization</a>)</td><td style=\"vertical-align: top; text-align : left; background-color: #F7F7F7; border: 0px #F0F0F0 solid; padding:0px 4px 0px 4px\" class=\"hierarchy\"><span style=\"opacity: 0.5\">The organization of which this organization forms a part</span></td></tr>\r\n<tr><td colspan=\"5\" class=\"hierarchy\"><br/><a href=\"http://hl7.org/fhir/STU3/formats.html#table\" title=\"Legend for this format\"><img src=\"http://hl7.org/fhir/STU3/help16.png\" alt=\"doco\" style=\"background-color: inherit\"/> Documentation for this format</a></td></tr></table></div>"},"url":"http://va.gov/fhir/us/vha-ampl-ig/StructureDefinition/VAProgressNoteOrganization","version":"0.0.64","name":"VAProgressNoteOrganization","status":"draft","date":"2021-03-12T16:05:11.288Z","publisher":"JPSys","contact":[{"telecom":[{"system":"other","value":"https://jpsys.com"}]}],"jurisdiction":[{"coding":[{"system":"http://unstats.un.org/unsd/methods/m49/m49.htm","code":"840"}]}],"fhirVersion":"3.0.2","mapping":[{"identity":"vista","uri":"http://va.gov/vista/","name":"VistA"},{"identity":"v2","uri":"http://hl7.org/v2","name":"HL7 v2 Mapping"},{"identity":"rim","uri":"http://hl7.org/v3","name":"RIM Mapping"},{"identity":"servd","uri":"http://www.omg.org/spec/ServD/1.0/","name":"ServD"},{"identity":"w5","uri":"http://hl7.org/fhir/w5","name":"W5 Mapping"}],"kind":"resource","abstract":false,"type":"Organization","baseDefinition":"http://hl7.org/fhir/StructureDefinition/Organization","derivation":"constraint","snapshot":{"element":[{"id":"Organization","path":"Organization","short":"A grouping of people or organizations with a common purpose","definition":"A formally or informally recognized grouping of people or organizations formed for the purpose of achieving some form of collective action.  Includes companies, institutions, corporations, departments, community groups, healthcare practice groups, etc.","min":0,"max":"*","base":{"path":"Organization","min":0,"max":"*"},"constraint":[{"key":"dom-2","severity":"error","human":"If the resource is contained in another resource, it SHALL NOT contain nested Resources","expression":"contained.contained.empty()","xpath":"not(parent::f:contained and f:contained)","source":"http://hl7.org/fhir/StructureDefinition/DomainResource"},{"key":"dom-1","severity":"error","human":"If the resource is contained in another resource, it SHALL NOT contain any narrative","expression":"contained.text.empty()","xpath":"not(parent::f:contained and f:text)","source":"http://hl7.org/fhir/StructureDefinition/DomainResource"},{"key":"dom-4","severity":"error","human":"If a resource is contained in another resource, it SHALL NOT have a meta.versionId or a meta.lastUpdated","expression":"contained.meta.versionId.empty() and contained.meta.lastUpdated.empty()","xpath":"not(exists(f:contained/*/f:meta/f:versionId)) and not(exists(f:contained/*/f:meta/f:lastUpdated))","source":"http://hl7.org/fhir/StructureDefinition/DomainResource"},{"key":"dom-3","severity":"error","human":"If the resource is contained in another resource, it SHALL be referred to from elsewhere in the resource","expression":"contained.where(('#'+id in %resource.descendants().reference).not()).empty()","xpath":"not(exists(for $id in f:contained/*/@id return $id[not(ancestor::f:contained/parent::*/descendant::f:reference/@value=concat('#', $id))]))","source":"http://hl7.org/fhir/StructureDefinition/DomainResource"},{"key":"org-1","severity":"error","human":"The organization SHALL at least have a name or an id, and possibly more than one","expression":"(identifier.count() + name.count()) > 0","xpath":"count(f:identifier | f:name) > 0","source":"http://hl7.org/fhir/StructureDefinition/Organization"}],"mapping":[{"identity":"rim","map":"Entity. Role, or Act"},{"identity":"v2","map":"(also see master files messages)"},{"identity":"rim","map":"Organization(classCode=ORG, determinerCode=INST)"},{"identity":"servd","map":"Organization"},{"identity":"w5","map":"administrative.group"}]},{"id":"Organization.id","path":"Organization.id","short":"Logical id of this artifact","definition":"The logical id of the resource, as used in the URL for the resource. Once assigned, this value never changes.","comment":"The only time that a resource does not have an id is when it is being submitted to the server using a create operation.","min":0,"max":"1","base":{"path":"Resource.id","min":0,"max":"1"},"type":[{"code":"id"}],"isSummary":true},{"id":"Organization.meta","path":"Organization.meta","short":"Metadata about the resource","definition":"The metadata about the resource. This is content that is maintained by the infrastructure. Changes to the content may not always be associated with version changes to the resource.","min":0,"max":"1","base":{"path":"Resource.meta","min":0,"max":"1"},"type":[{"code":"Meta"}],"isSummary":true},{"id":"Organization.implicitRules","path":"Organization.implicitRules","short":"A set of rules under which this content was created","definition":"A reference to a set of rules that were followed when the resource was constructed, and which must be understood when processing the content.","comment":"Asserting this rule set restricts the content to be only understood by a limited set of trading partners. This inherently limits the usefulness of the data in the long term. However, the existing health eco-system is highly fractured, and not yet ready to define, collect, and exchange data in a generally computable sense. Wherever possible, implementers and/or specification writers should avoid using this element. \n\nThis element is labelled as a modifier because the implicit rules may provide additional knowledge about the resource that modifies it's meaning or interpretation.","min":0,"max":"1","base":{"path":"Resource.implicitRules","min":0,"max":"1"},"type":[{"code":"uri"}],"isModifier":true,"isSummary":true},{"id":"Organization.language","path":"Organization.language","short":"Language of the resource content","definition":"The base language in which the resource is written.","comment":"Language is provided to support indexing and accessibility (typically, services such as text to speech use the language tag). The html language tag in the narrative applies  to the narrative. The language tag on the resource may be used to specify the language of other presentations generated from the data in the resource  Not all the content has to be in the base language. The Resource.language should not be assumed to apply to the narrative automatically. If a language is specified, it should it also be specified on the div element in the html (see rules in HTML5 for information about the relationship between xml:lang and the html lang attribute).","min":0,"max":"1","base":{"path":"Resource.language","min":0,"max":"1"},"type":[{"code":"code"}],"binding":{"extension":[{"url":"http://hl7.org/fhir/StructureDefinition/elementdefinition-maxValueSet","valueReference":{"reference":"http://hl7.org/fhir/ValueSet/all-languages"}},{"url":"http://hl7.org/fhir/StructureDefinition/elementdefinition-bindingName","valueString":"Language"},{"url":"http://hl7.org/fhir/StructureDefinition/elementdefinition-isCommonBinding","valueBoolean":true}],"strength":"extensible","description":"A human language.","valueSetReference":{"reference":"http://hl7.org/fhir/ValueSet/languages"}}},{"id":"Organization.text","path":"Organization.text","short":"Text summary of the resource, for human interpretation","definition":"A human-readable narrative that contains a summary of the resource, and may be used to represent the content of the resource to a human. The narrative need not encode all the structured data, but is required to contain sufficient detail to make it \"clinically safe\" for a human to just read the narrative. Resource definitions may define what content should be represented in the narrative to ensure clinical safety.","comment":"Contained resources do not have narrative. Resources that are not contained SHOULD have a narrative. In some cases, a resource may only have text with little or no additional discrete data (as long as all minOccurs=1 elements are satisfied).  This may be necessary for data from legacy systems where information is captured as a \"text blob\" or where text is additionally entered raw or narrated and encoded in formation is added later.","alias":["narrative","html","xhtml","display"],"min":0,"max":"1","base":{"path":"DomainResource.text","min":0,"max":"1"},"type":[{"code":"Narrative"}],"condition":["dom-1"],"mapping":[{"identity":"rim","map":"Act.text?"}]},{"id":"Organization.contained","path":"Organization.contained","short":"Contained, inline Resources","definition":"These resources do not have an independent existence apart from the resource that contains them - they cannot be identified independently, and nor can they have their own independent transaction scope.","comment":"This should never be done when the content can be identified properly, as once identification is lost, it is extremely difficult (and context dependent) to restore it again.","alias":["inline resources","anonymous resources","contained resources"],"min":0,"max":"*","base":{"path":"DomainResource.contained","min":0,"max":"*"},"type":[{"code":"Resource"}],"mapping":[{"identity":"rim","map":"N/A"}]},{"id":"Organization.extension","path":"Organization.extension","slicing":{"discriminator":[{"type":"value","path":"url"}],"ordered":false,"rules":"open"},"short":"Extension","definition":"An Extension","min":0,"max":"*","base":{"path":"DomainResource.extension","min":0,"max":"*"},"type":[{"code":"Extension"}]},{"id":"Organization.modifierExtension","path":"Organization.modifierExtension","short":"Extensions that cannot be ignored","definition":"May be used to represent additional information that is not part of the basic definition of the resource, and that modifies the understanding of the element that contains it. Usually modifier elements provide negation or qualification. In order to make the use of extensions safe and manageable, there is a strict set of governance applied to the definition and use of extensions. Though any implementer is allowed to define an extension, there is a set of requirements that SHALL be met as part of the definition of the extension. Applications processing a resource are required to check for modifier extensions.","comment":"There can be no stigma associated with the use of extensions by any application, project, or standard - regardless of the institution or jurisdiction that uses or defines the extensions.  The use of extensions is what allows the FHIR specification to retain a core level of simplicity for everyone.","alias":["extensions","user content"],"min":0,"max":"*","base":{"path":"DomainResource.modifierExtension","min":0,"max":"*"},"type":[{"code":"Extension"}],"isModifier":true,"mapping":[{"identity":"rim","map":"N/A"}]},{"id":"Organization.identifier","path":"Organization.identifier","short":"Identifies this organization  across multiple systems","definition":"Identifier for the organization that is used to identify the organization across multiple disparate systems.","requirements":"Organizations are known by a variety of ids. Some institutions maintain several, and most collect identifiers for exchange with other organizations concerning the organization.","min":0,"max":"*","base":{"path":"Organization.identifier","min":0,"max":"*"},"type":[{"code":"Identifier"}],"condition":["org-1"],"isSummary":true,"mapping":[{"identity":"v2","map":"XON.10 / XON.3"},{"identity":"rim","map":".scopes[Role](classCode=IDENT)"},{"identity":"servd","map":"./Identifiers"},{"identity":"w5","map":"id"}]},{"id":"Organization.active","path":"Organization.active","short":"Whether the organization's record is still in active use","definition":"Whether the organization's record is still in active use.","comment":"Default is true.\n\nThis active flag is not intended to be used to mark an organizations as temporarily closed or under construction. Instead the Location(s) within the Organization should have the suspended status. If further details of the reason for the suspension are required, then an extension on this element should be used.\n\nThis element is labeled as a modifier because it may be used to mark that the resource was created in error.","requirements":"Need a flag to indicate a record is no longer to be used and should generally be hidden for the user in the UI.","min":0,"max":"1","base":{"path":"Organization.active","min":0,"max":"1"},"type":[{"code":"boolean"}],"defaultValueBoolean":true,"isModifier":true,"isSummary":true,"mapping":[{"identity":"v2","map":"No equivalent in HL7 v2"},{"identity":"rim","map":".status"},{"identity":"servd","map":"./Status (however this concept in ServD more covers why the organization is active or not, could be delisted, deregistered, not operational yet) this could alternatively be derived from ./StartDate and ./EndDate and given a context date."},{"identity":"w5","map":"status"}]},{"id":"Organization.type","path":"Organization.type","short":"Kind of organization","definition":"The kind(s) of organization that this is.","comment":"Organizations can be corporations, wards, sections, clinical teams, government departments, etc. Note that code is generally a classifier of the type of organization; in many applications, codes are used to identity a particular organization (say, ward) as opposed to another of the same type - these are identifiers, not codes\n\nWhen considering if multiple types are appropriate, you should evaluate if child organizations would be a more appropriate use of the concept, as different types likely are in different sub-areas of the organization. This is most likely to be used where type values have orthogonal values, such as a religious, academic and medical center.\n\nWe expect that some jurisdictions will profile this optionality to be a single cardinality.","requirements":"Need to be able to track the kind of organization that this is - different organization types have different uses.","min":0,"max":"*","base":{"path":"Organization.type","min":0,"max":"*"},"type":[{"code":"CodeableConcept"}],"isSummary":true,"binding":{"extension":[{"url":"http://hl7.org/fhir/StructureDefinition/elementdefinition-bindingName","valueString":"OrganizationType"}],"strength":"example","description":"Used to categorize the organization","valueSetReference":{"reference":"http://hl7.org/fhir/ValueSet/organization-type"}},"mapping":[{"identity":"v2","map":"No equivalent in v2"},{"identity":"rim","map":".code"},{"identity":"servd","map":"n/a"},{"identity":"w5","map":"class"}]},{"id":"Organization.name","path":"Organization.name","label":"HOSPITAL LOCATION","short":"Name used for the organization","definition":"This is the location (WARD or CLINIC) associated with the document.","comment":"If the name of an organization changes, consider putting the old name in the alias column so that it can still be located through searches.","requirements":"Need to use the name as the label of the organization.","min":0,"max":"1","base":{"path":"Organization.name","min":0,"max":"1"},"type":[{"code":"string"}],"condition":["org-1"],"mustSupport":true,"isSummary":true,"mapping":[{"identity":"v2","map":"XON.1"},{"identity":"rim","map":".name"},{"identity":"servd","map":".PreferredName/Name"},{"identity":"vista","map":"TIU DOCUMENT @HOSPITAL LOCATION 8925-1205a"}]},{"id":"Organization.alias","path":"Organization.alias","short":"A list of alternate names that the organization is known as, or was known as in the past","definition":"A list of alternate names that the organization is known as, or was known as in the past.","comment":"There are no dates associated with the alias/historic names, as this is not intended to track when names were used, but to assist in searching so that older names can still result in identifying the organization.","requirements":"Over time locations and organizations go through many changes and can be known by different names.\n\nFor searching knowing previous names that the organization was known by can be very useful.","min":0,"max":"*","base":{"path":"Organization.alias","min":0,"max":"*"},"type":[{"code":"string"}],"mapping":[{"identity":"rim","map":".name"}]},{"id":"Organization.telecom","path":"Organization.telecom","short":"A contact detail for the organization","definition":"A contact detail for the organization.","comment":"The use code home is not to be used. Note that these contacts are not the contact details of people who are employed by or represent the organization, but official contacts for the organization itself.","requirements":"Human contact for the organization.","min":0,"max":"*","base":{"path":"Organization.telecom","min":0,"max":"*"},"type":[{"code":"ContactPoint"}],"condition":["org-3"],"constraint":[{"key":"org-3","severity":"error","human":"The telecom of an organization can never be of use 'home'","expression":"where(use = 'home').empty()","xpath":"count(f:use[@value='home']) = 0"}],"mapping":[{"identity":"v2","map":"ORC-22?"},{"identity":"rim","map":".telecom"},{"identity":"servd","map":"./ContactPoints"}]},{"id":"Organization.address","path":"Organization.address","short":"An address for the organization","definition":"An address for the organization.","comment":"Organization may have multiple addresses with different uses or applicable periods. The use code home is not to be used.","requirements":"May need to keep track of the organization's addresses for contacting, billing or reporting requirements.","min":0,"max":"*","base":{"path":"Organization.address","min":0,"max":"*"},"type":[{"code":"Address"}],"condition":["org-2"],"constraint":[{"key":"org-2","severity":"error","human":"An address of an organization can never be of use 'home'","expression":"where(use = 'home').empty()","xpath":"count(f:use[@value='home']) = 0"}],"mapping":[{"identity":"v2","map":"ORC-23?"},{"identity":"rim","map":".address"},{"identity":"servd","map":"./PrimaryAddress and ./OtherAddresses"}]},{"id":"Organization.partOf","path":"Organization.partOf","label":"DIVISION","short":"The organization of which this organization forms a part","definition":"This field contains the institution associated with the document. It is  extracted from the document's hospital location if known; otherwise it is  extracted from the user's log-on division.","requirements":"Need to be able to track the hierarchy of organizations within an organization.","min":0,"max":"1","base":{"path":"Organization.partOf","min":0,"max":"1"},"type":[{"code":"Reference","targetProfile":"http://hl7.org/fhir/StructureDefinition/Organization"}],"mustSupport":true,"isSummary":true,"mapping":[{"identity":"v2","map":"No equivalent in HL7 v2"},{"identity":"rim","map":".playedBy[classCode=Part].scoper"},{"identity":"servd","map":"n/a"},{"identity":"vista","map":"TIU DOCUMENT @DIVISION 8925-1212"}]},{"id":"Organization.contact","path":"Organization.contact","short":"Contact for the organization for a certain purpose","definition":"Contact for the organization for a certain purpose.","comment":"Where multiple contacts for the same purpose are provided there is a standard extension that can be used to determine which one is the preferred contact to use.","requirements":"Need to keep track of assigned contact points within bigger organization.","min":0,"max":"*","base":{"path":"Organization.contact","min":0,"max":"*"},"type":[{"code":"BackboneElement"}],"constraint":[{"key":"ele-1","severity":"error","human":"All FHIR elements must have a @value or children","expression":"hasValue() | (children().count() > id.count())","xpath":"@value|f:*|h:div","source":"http://hl7.org/fhir/StructureDefinition/Element"}],"mapping":[{"identity":"rim","map":".contactParty"}]},{"id":"Organization.contact.id","path":"Organization.contact.id","representation":["xmlAttr"],"short":"xml:id (or equivalent in JSON)","definition":"unique id for the element within a resource (for internal references). This may be any string value that does not contain spaces.","min":0,"max":"1","base":{"path":"Element.id","min":0,"max":"1"},"type":[{"code":"string"}],"mapping":[{"identity":"rim","map":"n/a"}]},{"id":"Organization.contact.extension","path":"Organization.contact.extension","short":"Additional Content defined by implementations","definition":"May be used to represent additional information that is not part of the basic definition of the element. In order to make the use of extensions safe and manageable, there is a strict set of governance  applied to the definition and use of extensions. Though any implementer is allowed to define an extension, there is a set of requirements that SHALL be met as part of the definition of the extension.","comment":"There can be no stigma associated with the use of extensions by any application, project, or standard - regardless of the institution or jurisdiction that uses or defines the extensions.  The use of extensions is what allows the FHIR specification to retain a core level of simplicity for everyone.","alias":["extensions","user content"],"min":0,"max":"*","base":{"path":"Element.extension","min":0,"max":"*"},"type":[{"code":"Extension"}],"mapping":[{"identity":"rim","map":"n/a"}]},{"id":"Organization.contact.modifierExtension","path":"Organization.contact.modifierExtension","short":"Extensions that cannot be ignored","definition":"May be used to represent additional information that is not part of the basic definition of the element, and that modifies the understanding of the element that contains it. Usually modifier elements provide negation or qualification. In order to make the use of extensions safe and manageable, there is a strict set of governance applied to the definition and use of extensions. Though any implementer is allowed to define an extension, there is a set of requirements that SHALL be met as part of the definition of the extension. Applications processing a resource are required to check for modifier extensions.","comment":"There can be no stigma associated with the use of extensions by any application, project, or standard - regardless of the institution or jurisdiction that uses or defines the extensions.  The use of extensions is what allows the FHIR specification to retain a core level of simplicity for everyone.","alias":["extensions","user content","modifiers"],"min":0,"max":"*","base":{"path":"BackboneElement.modifierExtension","min":0,"max":"*"},"type":[{"code":"Extension"}],"isModifier":true,"isSummary":true,"mapping":[{"identity":"rim","map":"N/A"}]},{"id":"Organization.contact.purpose","path":"Organization.contact.purpose","short":"The type of contact","definition":"Indicates a purpose for which the contact can be reached.","requirements":"Need to distinguish between multiple contact persons.","min":0,"max":"1","base":{"path":"Organization.contact.purpose","min":0,"max":"1"},"type":[{"code":"CodeableConcept"}],"binding":{"extension":[{"url":"http://hl7.org/fhir/StructureDefinition/elementdefinition-bindingName","valueString":"ContactPartyType"}],"strength":"extensible","description":"The purpose for which you would contact a contact party","valueSetReference":{"reference":"http://hl7.org/fhir/ValueSet/contactentity-type"}},"mapping":[{"identity":"rim","map":"./type"}]},{"id":"Organization.contact.name","path":"Organization.contact.name","short":"A name associated with the contact","definition":"A name associated with the contact.","requirements":"Need to be able to track the person by name.","min":0,"max":"1","base":{"path":"Organization.contact.name","min":0,"max":"1"},"type":[{"code":"HumanName"}],"mapping":[{"identity":"v2","map":"PID-5, PID-9"},{"identity":"rim","map":"./name"}]},{"id":"Organization.contact.telecom","path":"Organization.contact.telecom","short":"Contact details (telephone, email, etc.)  for a contact","definition":"A contact detail (e.g. a telephone number or an email address) by which the party may be contacted.","requirements":"People have (primary) ways to contact them in some way such as phone, email.","min":0,"max":"*","base":{"path":"Organization.contact.telecom","min":0,"max":"*"},"type":[{"code":"ContactPoint"}],"mapping":[{"identity":"v2","map":"PID-13, PID-14"},{"identity":"rim","map":"./telecom"}]},{"id":"Organization.contact.address","path":"Organization.contact.address","short":"Visiting or postal addresses for the contact","definition":"Visiting or postal addresses for the contact.","requirements":"May need to keep track of a contact party's address for contacting, billing or reporting requirements.","min":0,"max":"1","base":{"path":"Organization.contact.address","min":0,"max":"1"},"type":[{"code":"Address"}],"mapping":[{"identity":"v2","map":"PID-11"},{"identity":"rim","map":"./addr"}]},{"id":"Organization.endpoint","path":"Organization.endpoint","short":"Technical endpoints providing access to services operated for the organization","definition":"Technical endpoints providing access to services operated for the organization.","requirements":"Organizations have multiple systems that provide various services and need to be able to define the technical connection details for how to connect to them, and for what purpose.","min":0,"max":"*","base":{"path":"Organization.endpoint","min":0,"max":"*"},"type":[{"code":"Reference","targetProfile":"http://hl7.org/fhir/StructureDefinition/Endpoint"}],"mapping":[{"identity":"rim","map":"n/a"}]}]},"differential":{"element":[{"id":"Organization","path":"Organization"},{"id":"Organization.extension","path":"Organization.extension","slicing":{"discriminator":[{"type":"value","path":"url"}],"ordered":false,"rules":"open"}},{"id":"Organization.name","path":"Organization.name","label":"HOSPITAL LOCATION","definition":"This is the location (WARD or CLINIC) associated with the document.","mustSupport":true,"mapping":[{"identity":"vista","map":"TIU DOCUMENT @HOSPITAL LOCATION 8925-1205a"}]},{"id":"Organization.partOf","path":"Organization.partOf","label":"DIVISION","definition":"This field contains the institution associated with the document. It is  extracted from the document's hospital location if known; otherwise it is  extracted from the user's log-on division.","mustSupport":true,"mapping":[{"identity":"vista","map":"TIU DOCUMENT @DIVISION 8925-1212"}]}]}}