{"resourceType":"ValueSet","id":"unit-dose-medication-order-type","text":{"status":"generated","div":"<div xmlns=\"http://www.w3.org/1999/xhtml\"><ul><li>Include these codes as defined in <code>http://va.gov/Terminology/VistaDefinedTerms/</code><table class=\"none\"><tr><td style=\"white-space:nowrap\"><b>Code</b></td><td><b>Display</b></td></tr><tr><td>A</td><td>ADMIXTURE</td></tr><tr><td>C</td><td>CHEMOTHERAPY</td></tr><tr><td>P</td><td>PIGGYBACK</td></tr><tr><td>U</td><td>UNIT DOSE</td></tr><tr><td>T</td><td>TPN</td></tr></table></li></ul></div>"},"url":"http://va.gov/fhir/us/vha-ampl-ig/ValueSet/unit-dose-medication-order-type","version":"0.0.64","name":"unit-dose-medication-order-type","status":"draft","date":"2021-03-12T16:05:11.288Z","publisher":"JPSys","contact":[{"telecom":[{"system":"other","value":"https://jpsys.com"}]}],"jurisdiction":[{"coding":[{"system":"http://unstats.un.org/unsd/methods/m49/m49.htm","code":"840"}]}],"compose":{"include":[{"system":"http://va.gov/Terminology/VistaDefinedTerms/","concept":[{"code":"A","display":"ADMIXTURE"},{"code":"C","display":"CHEMOTHERAPY"},{"code":"P","display":"PIGGYBACK"},{"code":"U","display":"UNIT DOSE"},{"code":"T","display":"TPN"}]}]}}