{"resourceType":"ValueSet","id":"pharmacy-unit-dose-order-status","text":{"status":"generated","div":"<div xmlns=\"http://www.w3.org/1999/xhtml\"><ul><li>Include these codes as defined in <code>http://va.gov/Terminology/VistaDefinedTerms/</code><table class=\"none\"><tr><td style=\"white-space:nowrap\"><b>Code</b></td><td><b>Display</b></td></tr><tr><td>H</td><td>HOLD</td></tr><tr><td>RE</td><td>REINSTATED</td></tr><tr><td>D</td><td>DISCONTINUED</td></tr><tr><td>A</td><td>ACTIVE</td></tr><tr><td>E</td><td>EXPIRED</td></tr><tr><td>DR</td><td>DISCONTINUED (RENEWAL)</td></tr><tr><td>DE</td><td>DISCONTINUED (EDIT)</td></tr><tr><td>DE</td><td>DISCONTINUED (EDIT)</td></tr><tr><td>R</td><td>RENEWED</td></tr></table></li></ul></div>"},"url":"http://va.gov/fhir/us/vha-ampl-ig/ValueSet/pharmacy-unit-dose-order-status","version":"0.0.64","name":"pharmacy-unit-dose-order-status","status":"draft","date":"2021-03-12T16:05:11.288Z","publisher":"JPSys","contact":[{"telecom":[{"system":"other","value":"https://jpsys.com"}]}],"jurisdiction":[{"coding":[{"system":"http://unstats.un.org/unsd/methods/m49/m49.htm","code":"840"}]}],"compose":{"include":[{"system":"http://va.gov/Terminology/VistaDefinedTerms/","concept":[{"code":"H","display":"HOLD"},{"code":"RE","display":"REINSTATED"},{"code":"D","display":"DISCONTINUED"},{"code":"A","display":"ACTIVE"},{"code":"E","display":"EXPIRED"},{"code":"DR","display":"DISCONTINUED (RENEWAL)"},{"code":"DE","display":"DISCONTINUED (EDIT)"},{"code":"DE","display":"DISCONTINUED (EDIT)"},{"code":"R","display":"RENEWED"}]}]}}