<?xml version="1.0" encoding="UTF-8"?>

<StructureDefinition xmlns="http://hl7.org/fhir">
  <id value="VAReferralOrganization"/>
  <meta>
    <lastUpdated value="2021-05-17T15:52:07.695Z"/>
  </meta>
  <text>
    <status value="extensions"/><div xmlns="http://www.w3.org/1999/xhtml"><table border="0" cellpadding="0" cellspacing="0" style="border: 0px #F0F0F0 solid; font-size: 11px; font-family: verdana; vertical-align: top;"><tr style="border: 1px #F0F0F0 solid; font-size: 11px; font-family: verdana; vertical-align: top"><th style="vertical-align: top; text-align : left; background-color: white; border: 0px #F0F0F0 solid; padding:0px 4px 0px 4px" class="hierarchy"><a href="http://hl7.org/fhir/STU3/formats.html#table" title="The logical name of the element">Name</a></th><th style="vertical-align: top; text-align : left; background-color: white; border: 0px #F0F0F0 solid; padding:0px 4px 0px 4px" class="hierarchy"><a href="http://hl7.org/fhir/STU3/formats.html#table" title="Information about the use of the element">Flags</a></th><th style="vertical-align: top; text-align : left; background-color: white; border: 0px #F0F0F0 solid; padding:0px 4px 0px 4px" class="hierarchy"><a href="http://hl7.org/fhir/STU3/formats.html#table" title="Minimum and Maximum # of times the the element can appear in the instance">Card.</a></th><th style="width: 100px" class="hierarchy"><a href="http://hl7.org/fhir/STU3/formats.html#table" title="Reference to the type of the element">Type</a></th><th style="vertical-align: top; text-align : left; background-color: white; border: 0px #F0F0F0 solid; padding:0px 4px 0px 4px" class="hierarchy"><a href="http://hl7.org/fhir/STU3/formats.html#table" title="Additional information about the element">Description &amp; Constraints</a><span style="float: right"><a href="http://hl7.org/fhir/STU3/formats.html#table" title="Legend for this format"><img src="http://hl7.org/fhir/STU3/help16.png" alt="doco" style="background-color: inherit"/></a></span></th></tr><tr style="border: 0px #F0F0F0 solid; padding:0px; vertical-align: top; background-color: white"><td style="vertical-align: top; text-align : left; background-color: white; border: 0px #F0F0F0 solid; padding:0px 4px 0px 4px; white-space: nowrap; background-image: url(tbl_bck1.png)" class="hierarchy"><img src="tbl_spacer.png" alt="." style="background-color: inherit" class="hierarchy"/><img src="icon_resource.png" alt="." style="background-color: white; background-color: inherit" title="Resource" class="hierarchy"/> <a href="StructureDefinition-VAReferralOrganization-definitions.html#Organization">Organization</a><a name="Organization"> </a></td><td style="vertical-align: top; text-align : left; background-color: white; border: 0px #F0F0F0 solid; padding:0px 4px 0px 4px" class="hierarchy"/><td style="vertical-align: top; text-align : left; background-color: white; border: 0px #F0F0F0 solid; padding:0px 4px 0px 4px" class="hierarchy"><span style="opacity: 0.5">0</span><span style="opacity: 0.5">..</span><span style="opacity: 0.5">*</span></td><td style="vertical-align: top; text-align : left; background-color: white; border: 0px #F0F0F0 solid; padding:0px 4px 0px 4px" class="hierarchy"><a href="http://hl7.org/fhir/STU3/organization.html">Organization</a></td><td style="vertical-align: top; text-align : left; background-color: white; border: 0px #F0F0F0 solid; padding:0px 4px 0px 4px" class="hierarchy"><span style="opacity: 0.5">A grouping of people or organizations with a common purpose</span></td></tr>
<tr style="border: 0px #F0F0F0 solid; padding:0px; vertical-align: top; background-color: #F7F7F7"><td style="vertical-align: top; text-align : left; background-color: #F7F7F7; border: 0px #F0F0F0 solid; padding:0px 4px 0px 4px; white-space: nowrap; background-image: url(tbl_bck10.png)" class="hierarchy"><img src="tbl_spacer.png" alt="." style="background-color: inherit" class="hierarchy"/><img src="tbl_vjoin.png" alt="." style="background-color: inherit" class="hierarchy"/><img src="icon_element.gif" alt="." style="background-color: #F7F7F7; background-color: inherit" title="Element" class="hierarchy"/> <a href="StructureDefinition-VAReferralOrganization-definitions.html#Organization.name" title="This field represents the location that sent the order to the receiving  location.">name</a><a name="Organization.name"> </a></td><td style="vertical-align: top; text-align : left; background-color: #F7F7F7; border: 0px #F0F0F0 solid; padding:0px 4px 0px 4px" class="hierarchy"><span style="padding-left: 3px; padding-right: 3px; color: white; background-color: red" title="This element must be supported">S</span></td><td style="vertical-align: top; text-align : left; background-color: #F7F7F7; border: 0px #F0F0F0 solid; padding:0px 4px 0px 4px" class="hierarchy"><span style="opacity: 0.5">0</span><span style="opacity: 0.5">..</span><span style="opacity: 0.5">1</span></td><td style="vertical-align: top; text-align : left; background-color: #F7F7F7; border: 0px #F0F0F0 solid; padding:0px 4px 0px 4px" class="hierarchy"><a style="opacity: 0.5" href="http://hl7.org/fhir/STU3/datatypes.html#string">string</a></td><td style="vertical-align: top; text-align : left; background-color: #F7F7F7; border: 0px #F0F0F0 solid; padding:0px 4px 0px 4px" class="hierarchy"><span style="opacity: 0.5">Name used for the organization</span></td></tr>
<tr style="border: 0px #F0F0F0 solid; padding:0px; vertical-align: top; background-color: white"><td style="vertical-align: top; text-align : left; background-color: white; border: 0px #F0F0F0 solid; padding:0px 4px 0px 4px; white-space: nowrap; background-image: url(tbl_bck00.png)" class="hierarchy"><img src="tbl_spacer.png" alt="." style="background-color: inherit" class="hierarchy"/><img src="tbl_vjoin_end.png" alt="." style="background-color: inherit" class="hierarchy"/><img src="icon_reference.png" alt="." style="background-color: white; background-color: inherit" title="Reference to another Resource" class="hierarchy"/> <a href="StructureDefinition-VAReferralOrganization-definitions.html#Organization.partOf" title="This field contains the number, from file 4, of the institution/hospital that is requesting the consult.  This field is mandatory if the consult/ request is being sent to another hospital/institution, so that routing information can be obtained in order to return the results to the sending hospital/institution.">partOf</a><a name="Organization.partOf"> </a></td><td style="vertical-align: top; text-align : left; background-color: white; border: 0px #F0F0F0 solid; padding:0px 4px 0px 4px" class="hierarchy"><span style="padding-left: 3px; padding-right: 3px; color: white; background-color: red" title="This element must be supported">S</span></td><td style="vertical-align: top; text-align : left; background-color: white; border: 0px #F0F0F0 solid; padding:0px 4px 0px 4px" class="hierarchy"><span style="opacity: 0.5">0</span><span style="opacity: 0.5">..</span><span style="opacity: 0.5">1</span></td><td style="vertical-align: top; text-align : left; background-color: white; border: 0px #F0F0F0 solid; padding:0px 4px 0px 4px" class="hierarchy"><a href="http://hl7.org/fhir/STU3/references.html">Reference</a>(<a href="StructureDefinition-VAReferralOrganization2.html">VAReferralOrganization2</a>)</td><td style="vertical-align: top; text-align : left; background-color: white; border: 0px #F0F0F0 solid; padding:0px 4px 0px 4px" class="hierarchy">Ordering Facility</td></tr>
<tr><td colspan="5" class="hierarchy"><br/><a href="http://hl7.org/fhir/STU3/formats.html#table" title="Legend for this format"><img src="http://hl7.org/fhir/STU3/help16.png" alt="doco" style="background-color: inherit"/> Documentation for this format</a></td></tr></table></div>
  </text>
  <url value="http://va.gov/fhir/us/vha-ampl-ig/StructureDefinition/VAReferralOrganization"/>
  <version value="0.0.74"/>
  <name value="VAReferralOrganization"/>
  <status value="draft"/>
  <date value="2021-05-17T15:52:07.695Z"/>
  <publisher value="JPSys"/>
  <contact>
    <telecom>
      <system value="other"/>
      <value value="https://jpsys.com"/>
    </telecom>
  </contact>
  <jurisdiction>
    <coding>
      <system value="http://unstats.un.org/unsd/methods/m49/m49.htm"/>
      <code value="840"/>
    </coding>
  </jurisdiction>
  <fhirVersion value="3.0.2"/>
  <mapping>
    <identity value="vista"/>
    <uri value="http://va.gov/vista/"/>
    <name value="VistA"/>
  </mapping>
  <mapping>
    <identity value="v2"/>
    <uri value="http://hl7.org/v2"/>
    <name value="HL7 v2 Mapping"/>
  </mapping>
  <mapping>
    <identity value="rim"/>
    <uri value="http://hl7.org/v3"/>
    <name value="RIM Mapping"/>
  </mapping>
  <mapping>
    <identity value="servd"/>
    <uri value="http://www.omg.org/spec/ServD/1.0/"/>
    <name value="ServD"/>
  </mapping>
  <mapping>
    <identity value="w5"/>
    <uri value="http://hl7.org/fhir/w5"/>
    <name value="W5 Mapping"/>
  </mapping>
  <kind value="resource"/>
  <abstract value="false"/>
  <type value="Organization"/>
  <baseDefinition value="http://hl7.org/fhir/StructureDefinition/Organization"/>
  <derivation value="constraint"/>
  <snapshot>
    <element id="Organization">
      <path value="Organization"/>
      <short value="A grouping of people or organizations with a common purpose"/>
      <definition value="A formally or informally recognized grouping of people or organizations formed for the purpose of achieving some form of collective action.  Includes companies, institutions, corporations, departments, community groups, healthcare practice groups, etc."/>
      <min value="0"/>
      <max value="*"/>
      <base>
        <path value="Organization"/>
        <min value="0"/>
        <max value="*"/>
      </base>
      <constraint>
        <key value="dom-2"/>
        <severity value="error"/>
        <human value="If the resource is contained in another resource, it SHALL NOT contain nested Resources"/>
        <expression value="contained.contained.empty()"/>
        <xpath value="not(parent::f:contained and f:contained)"/>
        <source value="http://hl7.org/fhir/StructureDefinition/DomainResource"/>
      </constraint>
      <constraint>
        <key value="dom-1"/>
        <severity value="error"/>
        <human value="If the resource is contained in another resource, it SHALL NOT contain any narrative"/>
        <expression value="contained.text.empty()"/>
        <xpath value="not(parent::f:contained and f:text)"/>
        <source value="http://hl7.org/fhir/StructureDefinition/DomainResource"/>
      </constraint>
      <constraint>
        <key value="dom-4"/>
        <severity value="error"/>
        <human value="If a resource is contained in another resource, it SHALL NOT have a meta.versionId or a meta.lastUpdated"/>
        <expression value="contained.meta.versionId.empty() and contained.meta.lastUpdated.empty()"/>
        <xpath value="not(exists(f:contained/*/f:meta/f:versionId)) and not(exists(f:contained/*/f:meta/f:lastUpdated))"/>
        <source value="http://hl7.org/fhir/StructureDefinition/DomainResource"/>
      </constraint>
      <constraint>
        <key value="dom-3"/>
        <severity value="error"/>
        <human value="If the resource is contained in another resource, it SHALL be referred to from elsewhere in the resource"/>
        <expression value="contained.where((&#39;#&#39;+id in %resource.descendants().reference).not()).empty()"/>
        <xpath value="not(exists(for $id in f:contained/*/@id return $id[not(ancestor::f:contained/parent::*/descendant::f:reference/@value=concat(&#39;#&#39;, $id))]))"/>
        <source value="http://hl7.org/fhir/StructureDefinition/DomainResource"/>
      </constraint>
      <constraint>
        <key value="org-1"/>
        <severity value="error"/>
        <human value="The organization SHALL at least have a name or an id, and possibly more than one"/>
        <expression value="(identifier.count() + name.count()) &gt; 0"/>
        <xpath value="count(f:identifier | f:name) &gt; 0"/>
        <source value="http://hl7.org/fhir/StructureDefinition/Organization"/>
      </constraint>
      <mapping>
        <identity value="rim"/>
        <map value="Entity. Role, or Act"/>
      </mapping>
      <mapping>
        <identity value="v2"/>
        <map value="(also see master files messages)"/>
      </mapping>
      <mapping>
        <identity value="rim"/>
        <map value="Organization(classCode=ORG, determinerCode=INST)"/>
      </mapping>
      <mapping>
        <identity value="servd"/>
        <map value="Organization"/>
      </mapping>
      <mapping>
        <identity value="w5"/>
        <map value="administrative.group"/>
      </mapping>
    </element>
    <element id="Organization.id">
      <path value="Organization.id"/>
      <short value="Logical id of this artifact"/>
      <definition value="The logical id of the resource, as used in the URL for the resource. Once assigned, this value never changes."/>
      <comment value="The only time that a resource does not have an id is when it is being submitted to the server using a create operation."/>
      <min value="0"/>
      <max value="1"/>
      <base>
        <path value="Resource.id"/>
        <min value="0"/>
        <max value="1"/>
      </base>
      <type>
        <code value="id"/>
      </type>
      <isSummary value="true"/>
    </element>
    <element id="Organization.meta">
      <path value="Organization.meta"/>
      <short value="Metadata about the resource"/>
      <definition value="The metadata about the resource. This is content that is maintained by the infrastructure. Changes to the content may not always be associated with version changes to the resource."/>
      <min value="0"/>
      <max value="1"/>
      <base>
        <path value="Resource.meta"/>
        <min value="0"/>
        <max value="1"/>
      </base>
      <type>
        <code value="Meta"/>
      </type>
      <isSummary value="true"/>
    </element>
    <element id="Organization.implicitRules">
      <path value="Organization.implicitRules"/>
      <short value="A set of rules under which this content was created"/>
      <definition value="A reference to a set of rules that were followed when the resource was constructed, and which must be understood when processing the content."/>
      <comment value="Asserting this rule set restricts the content to be only understood by a limited set of trading partners. This inherently limits the usefulness of the data in the long term. However, the existing health eco-system is highly fractured, and not yet ready to define, collect, and exchange data in a generally computable sense. Wherever possible, implementers and/or specification writers should avoid using this element. &#xA;&#xA;This element is labelled as a modifier because the implicit rules may provide additional knowledge about the resource that modifies it&#39;s meaning or interpretation."/>
      <min value="0"/>
      <max value="1"/>
      <base>
        <path value="Resource.implicitRules"/>
        <min value="0"/>
        <max value="1"/>
      </base>
      <type>
        <code value="uri"/>
      </type>
      <isModifier value="true"/>
      <isSummary value="true"/>
    </element>
    <element id="Organization.language">
      <path value="Organization.language"/>
      <short value="Language of the resource content"/>
      <definition value="The base language in which the resource is written."/>
      <comment value="Language is provided to support indexing and accessibility (typically, services such as text to speech use the language tag). The html language tag in the narrative applies  to the narrative. The language tag on the resource may be used to specify the language of other presentations generated from the data in the resource  Not all the content has to be in the base language. The Resource.language should not be assumed to apply to the narrative automatically. If a language is specified, it should it also be specified on the div element in the html (see rules in HTML5 for information about the relationship between xml:lang and the html lang attribute)."/>
      <min value="0"/>
      <max value="1"/>
      <base>
        <path value="Resource.language"/>
        <min value="0"/>
        <max value="1"/>
      </base>
      <type>
        <code value="code"/>
      </type>
      <binding>
        <extension url="http://hl7.org/fhir/StructureDefinition/elementdefinition-maxValueSet">
          <valueReference>
            <reference value="http://hl7.org/fhir/ValueSet/all-languages"/>
          </valueReference>
        </extension>
        <extension url="http://hl7.org/fhir/StructureDefinition/elementdefinition-bindingName">
          <valueString value="Language"/>
        </extension>
        <extension url="http://hl7.org/fhir/StructureDefinition/elementdefinition-isCommonBinding">
          <valueBoolean value="true"/>
        </extension>
        <strength value="extensible"/>
        <description value="A human language."/>
        <valueSetReference>
          <reference value="http://hl7.org/fhir/ValueSet/languages"/>
        </valueSetReference>
      </binding>
    </element>
    <element id="Organization.text">
      <path value="Organization.text"/>
      <short value="Text summary of the resource, for human interpretation"/>
      <definition value="A human-readable narrative that contains a summary of the resource, and may be used to represent the content of the resource to a human. The narrative need not encode all the structured data, but is required to contain sufficient detail to make it &quot;clinically safe&quot; for a human to just read the narrative. Resource definitions may define what content should be represented in the narrative to ensure clinical safety."/>
      <comment value="Contained resources do not have narrative. Resources that are not contained SHOULD have a narrative. In some cases, a resource may only have text with little or no additional discrete data (as long as all minOccurs=1 elements are satisfied).  This may be necessary for data from legacy systems where information is captured as a &quot;text blob&quot; or where text is additionally entered raw or narrated and encoded in formation is added later."/>
      <alias value="narrative"/>
      <alias value="html"/>
      <alias value="xhtml"/>
      <alias value="display"/>
      <min value="0"/>
      <max value="1"/>
      <base>
        <path value="DomainResource.text"/>
        <min value="0"/>
        <max value="1"/>
      </base>
      <type>
        <code value="Narrative"/>
      </type>
      <condition value="dom-1"/>
      <mapping>
        <identity value="rim"/>
        <map value="Act.text?"/>
      </mapping>
    </element>
    <element id="Organization.contained">
      <path value="Organization.contained"/>
      <short value="Contained, inline Resources"/>
      <definition value="These resources do not have an independent existence apart from the resource that contains them - they cannot be identified independently, and nor can they have their own independent transaction scope."/>
      <comment value="This should never be done when the content can be identified properly, as once identification is lost, it is extremely difficult (and context dependent) to restore it again."/>
      <alias value="inline resources"/>
      <alias value="anonymous resources"/>
      <alias value="contained resources"/>
      <min value="0"/>
      <max value="*"/>
      <base>
        <path value="DomainResource.contained"/>
        <min value="0"/>
        <max value="*"/>
      </base>
      <type>
        <code value="Resource"/>
      </type>
      <mapping>
        <identity value="rim"/>
        <map value="N/A"/>
      </mapping>
    </element>
    <element id="Organization.extension">
      <path value="Organization.extension"/>
      <short value="Additional Content defined by implementations"/>
      <definition value="May be used to represent additional information that is not part of the basic definition of the resource. In order to make the use of extensions safe and manageable, there is a strict set of governance  applied to the definition and use of extensions. Though any implementer is allowed to define an extension, there is a set of requirements that SHALL be met as part of the definition of the extension."/>
      <comment value="There can be no stigma associated with the use of extensions by any application, project, or standard - regardless of the institution or jurisdiction that uses or defines the extensions.  The use of extensions is what allows the FHIR specification to retain a core level of simplicity for everyone."/>
      <alias value="extensions"/>
      <alias value="user content"/>
      <min value="0"/>
      <max value="*"/>
      <base>
        <path value="DomainResource.extension"/>
        <min value="0"/>
        <max value="*"/>
      </base>
      <type>
        <code value="Extension"/>
      </type>
      <mapping>
        <identity value="rim"/>
        <map value="N/A"/>
      </mapping>
    </element>
    <element id="Organization.modifierExtension">
      <path value="Organization.modifierExtension"/>
      <short value="Extensions that cannot be ignored"/>
      <definition value="May be used to represent additional information that is not part of the basic definition of the resource, and that modifies the understanding of the element that contains it. Usually modifier elements provide negation or qualification. In order to make the use of extensions safe and manageable, there is a strict set of governance applied to the definition and use of extensions. Though any implementer is allowed to define an extension, there is a set of requirements that SHALL be met as part of the definition of the extension. Applications processing a resource are required to check for modifier extensions."/>
      <comment value="There can be no stigma associated with the use of extensions by any application, project, or standard - regardless of the institution or jurisdiction that uses or defines the extensions.  The use of extensions is what allows the FHIR specification to retain a core level of simplicity for everyone."/>
      <alias value="extensions"/>
      <alias value="user content"/>
      <min value="0"/>
      <max value="*"/>
      <base>
        <path value="DomainResource.modifierExtension"/>
        <min value="0"/>
        <max value="*"/>
      </base>
      <type>
        <code value="Extension"/>
      </type>
      <isModifier value="true"/>
      <mapping>
        <identity value="rim"/>
        <map value="N/A"/>
      </mapping>
    </element>
    <element id="Organization.identifier">
      <path value="Organization.identifier"/>
      <short value="Identifies this organization  across multiple systems"/>
      <definition value="Identifier for the organization that is used to identify the organization across multiple disparate systems."/>
      <requirements value="Organizations are known by a variety of ids. Some institutions maintain several, and most collect identifiers for exchange with other organizations concerning the organization."/>
      <min value="0"/>
      <max value="*"/>
      <base>
        <path value="Organization.identifier"/>
        <min value="0"/>
        <max value="*"/>
      </base>
      <type>
        <code value="Identifier"/>
      </type>
      <condition value="org-1"/>
      <isSummary value="true"/>
      <mapping>
        <identity value="v2"/>
        <map value="XON.10 / XON.3"/>
      </mapping>
      <mapping>
        <identity value="rim"/>
        <map value=".scopes[Role](classCode=IDENT)"/>
      </mapping>
      <mapping>
        <identity value="servd"/>
        <map value="./Identifiers"/>
      </mapping>
      <mapping>
        <identity value="w5"/>
        <map value="id"/>
      </mapping>
    </element>
    <element id="Organization.active">
      <path value="Organization.active"/>
      <short value="Whether the organization&#39;s record is still in active use"/>
      <definition value="Whether the organization&#39;s record is still in active use."/>
      <comment value="Default is true.&#xA;&#xA;This active flag is not intended to be used to mark an organizations as temporarily closed or under construction. Instead the Location(s) within the Organization should have the suspended status. If further details of the reason for the suspension are required, then an extension on this element should be used.&#xA;&#xA;This element is labeled as a modifier because it may be used to mark that the resource was created in error."/>
      <requirements value="Need a flag to indicate a record is no longer to be used and should generally be hidden for the user in the UI."/>
      <min value="0"/>
      <max value="1"/>
      <base>
        <path value="Organization.active"/>
        <min value="0"/>
        <max value="1"/>
      </base>
      <type>
        <code value="boolean"/>
      </type>
      <defaultValueBoolean value="true"/>
      <isModifier value="true"/>
      <isSummary value="true"/>
      <mapping>
        <identity value="v2"/>
        <map value="No equivalent in HL7 v2"/>
      </mapping>
      <mapping>
        <identity value="rim"/>
        <map value=".status"/>
      </mapping>
      <mapping>
        <identity value="servd"/>
        <map value="./Status (however this concept in ServD more covers why the organization is active or not, could be delisted, deregistered, not operational yet) this could alternatively be derived from ./StartDate and ./EndDate and given a context date."/>
      </mapping>
      <mapping>
        <identity value="w5"/>
        <map value="status"/>
      </mapping>
    </element>
    <element id="Organization.type">
      <path value="Organization.type"/>
      <short value="Kind of organization"/>
      <definition value="The kind(s) of organization that this is."/>
      <comment value="Organizations can be corporations, wards, sections, clinical teams, government departments, etc. Note that code is generally a classifier of the type of organization; in many applications, codes are used to identity a particular organization (say, ward) as opposed to another of the same type - these are identifiers, not codes&#xA;&#xA;When considering if multiple types are appropriate, you should evaluate if child organizations would be a more appropriate use of the concept, as different types likely are in different sub-areas of the organization. This is most likely to be used where type values have orthogonal values, such as a religious, academic and medical center.&#xA;&#xA;We expect that some jurisdictions will profile this optionality to be a single cardinality."/>
      <requirements value="Need to be able to track the kind of organization that this is - different organization types have different uses."/>
      <min value="0"/>
      <max value="*"/>
      <base>
        <path value="Organization.type"/>
        <min value="0"/>
        <max value="*"/>
      </base>
      <type>
        <code value="CodeableConcept"/>
      </type>
      <isSummary value="true"/>
      <binding>
        <extension url="http://hl7.org/fhir/StructureDefinition/elementdefinition-bindingName">
          <valueString value="OrganizationType"/>
        </extension>
        <strength value="example"/>
        <description value="Used to categorize the organization"/>
        <valueSetReference>
          <reference value="http://hl7.org/fhir/ValueSet/organization-type"/>
        </valueSetReference>
      </binding>
      <mapping>
        <identity value="v2"/>
        <map value="No equivalent in v2"/>
      </mapping>
      <mapping>
        <identity value="rim"/>
        <map value=".code"/>
      </mapping>
      <mapping>
        <identity value="servd"/>
        <map value="n/a"/>
      </mapping>
      <mapping>
        <identity value="w5"/>
        <map value="class"/>
      </mapping>
    </element>
    <element id="Organization.name">
      <path value="Organization.name"/>
      <label value="FROM"/>
      <short value="Name used for the organization"/>
      <definition value="This field represents the location that sent the order to the receiving  location."/>
      <comment value="If the name of an organization changes, consider putting the old name in the alias column so that it can still be located through searches."/>
      <requirements value="Need to use the name as the label of the organization."/>
      <min value="0"/>
      <max value="1"/>
      <base>
        <path value="Organization.name"/>
        <min value="0"/>
        <max value="1"/>
      </base>
      <type>
        <code value="string"/>
      </type>
      <condition value="org-1"/>
      <mustSupport value="true"/>
      <isSummary value="true"/>
      <mapping>
        <identity value="v2"/>
        <map value="XON.1"/>
      </mapping>
      <mapping>
        <identity value="rim"/>
        <map value=".name"/>
      </mapping>
      <mapping>
        <identity value="servd"/>
        <map value=".PreferredName/Name"/>
      </mapping>
      <mapping>
        <identity value="vista"/>
        <map value="REQUEST/CONSULTATION @FROM 123-2b"/>
      </mapping>
    </element>
    <element id="Organization.alias">
      <path value="Organization.alias"/>
      <short value="A list of&#xA0;alternate names that the organization is known as, or was known as in the past"/>
      <definition value="A list of&#xA0;alternate names that the organization is known as, or was known as in the past."/>
      <comment value="There are no dates associated with the alias/historic names, as this is not intended to track when names were used, but to assist in searching so that older names can still result in identifying the organization."/>
      <requirements value="Over time locations and organizations go through many changes and can be known by different names.&#xA;&#xA;For searching knowing previous names that the organization was known by can be very useful."/>
      <min value="0"/>
      <max value="*"/>
      <base>
        <path value="Organization.alias"/>
        <min value="0"/>
        <max value="*"/>
      </base>
      <type>
        <code value="string"/>
      </type>
      <mapping>
        <identity value="rim"/>
        <map value=".name"/>
      </mapping>
    </element>
    <element id="Organization.telecom">
      <path value="Organization.telecom"/>
      <short value="A contact detail for the organization"/>
      <definition value="A contact detail for the organization."/>
      <comment value="The use code home is not to be used. Note that these contacts are not the contact details of people who are employed by or represent the organization, but official contacts for the organization itself."/>
      <requirements value="Human contact for the organization."/>
      <min value="0"/>
      <max value="*"/>
      <base>
        <path value="Organization.telecom"/>
        <min value="0"/>
        <max value="*"/>
      </base>
      <type>
        <code value="ContactPoint"/>
      </type>
      <condition value="org-3"/>
      <constraint>
        <key value="org-3"/>
        <severity value="error"/>
        <human value="The telecom of an organization can never be of use &#39;home&#39;"/>
        <expression value="where(use = &#39;home&#39;).empty()"/>
        <xpath value="count(f:use[@value=&#39;home&#39;]) = 0"/>
      </constraint>
      <mapping>
        <identity value="v2"/>
        <map value="ORC-22?"/>
      </mapping>
      <mapping>
        <identity value="rim"/>
        <map value=".telecom"/>
      </mapping>
      <mapping>
        <identity value="servd"/>
        <map value="./ContactPoints"/>
      </mapping>
    </element>
    <element id="Organization.address">
      <path value="Organization.address"/>
      <short value="An address for the organization"/>
      <definition value="An address for the organization."/>
      <comment value="Organization may have multiple addresses with different uses or applicable periods. The use code home is not to be used."/>
      <requirements value="May need to keep track of the organization&#39;s addresses for contacting, billing or reporting requirements."/>
      <min value="0"/>
      <max value="*"/>
      <base>
        <path value="Organization.address"/>
        <min value="0"/>
        <max value="*"/>
      </base>
      <type>
        <code value="Address"/>
      </type>
      <condition value="org-2"/>
      <constraint>
        <key value="org-2"/>
        <severity value="error"/>
        <human value="An address of an organization can never be of use &#39;home&#39;"/>
        <expression value="where(use = &#39;home&#39;).empty()"/>
        <xpath value="count(f:use[@value=&#39;home&#39;]) = 0"/>
      </constraint>
      <mapping>
        <identity value="v2"/>
        <map value="ORC-23?"/>
      </mapping>
      <mapping>
        <identity value="rim"/>
        <map value=".address"/>
      </mapping>
      <mapping>
        <identity value="servd"/>
        <map value="./PrimaryAddress and ./OtherAddresses"/>
      </mapping>
    </element>
    <element id="Organization.partOf">
      <path value="Organization.partOf"/>
      <label value="ORDERING FACILITY"/>
      <short value="Ordering Facility"/>
      <definition value="This field contains the number, from file 4, of the institution/hospital that is requesting the consult.  This field is mandatory if the consult/ request is being sent to another hospital/institution, so that routing information can be obtained in order to return the results to the sending hospital/institution."/>
      <requirements value="Need to be able to track the hierarchy of organizations within an organization."/>
      <min value="0"/>
      <max value="1"/>
      <base>
        <path value="Organization.partOf"/>
        <min value="0"/>
        <max value="1"/>
      </base>
      <type>
        <code value="Reference"/>
        <targetProfile value="http://va.gov/fhir/us/vha-ampl-ig/StructureDefinition/VAReferralOrganization2"/>
      </type>
      <mustSupport value="true"/>
      <isSummary value="true"/>
      <mapping>
        <identity value="v2"/>
        <map value="No equivalent in HL7 v2"/>
      </mapping>
      <mapping>
        <identity value="rim"/>
        <map value=".playedBy[classCode=Part].scoper"/>
      </mapping>
      <mapping>
        <identity value="servd"/>
        <map value="n/a"/>
      </mapping>
      <mapping>
        <identity value="vista"/>
        <map value="REQUEST/CONSULTATION @ORDERING FACILITY 123-.05"/>
      </mapping>
    </element>
    <element id="Organization.contact">
      <path value="Organization.contact"/>
      <short value="Contact for the organization for a certain purpose"/>
      <definition value="Contact for the organization for a certain purpose."/>
      <comment value="Where multiple contacts for the same purpose are provided there is a standard extension that can be used to determine which one is the preferred contact to use."/>
      <requirements value="Need to keep track of assigned contact points within bigger organization."/>
      <min value="0"/>
      <max value="*"/>
      <base>
        <path value="Organization.contact"/>
        <min value="0"/>
        <max value="*"/>
      </base>
      <type>
        <code value="BackboneElement"/>
      </type>
      <constraint>
        <key value="ele-1"/>
        <severity value="error"/>
        <human value="All FHIR elements must have a @value or children"/>
        <expression value="hasValue() | (children().count() &gt; id.count())"/>
        <xpath value="@value|f:*|h:div"/>
        <source value="http://hl7.org/fhir/StructureDefinition/Element"/>
      </constraint>
      <mapping>
        <identity value="rim"/>
        <map value=".contactParty"/>
      </mapping>
    </element>
    <element id="Organization.contact.id">
      <path value="Organization.contact.id"/>
      <representation value="xmlAttr"/>
      <short value="xml:id (or equivalent in JSON)"/>
      <definition value="unique id for the element within a resource (for internal references). This may be any string value that does not contain spaces."/>
      <min value="0"/>
      <max value="1"/>
      <base>
        <path value="Element.id"/>
        <min value="0"/>
        <max value="1"/>
      </base>
      <type>
        <code value="string"/>
      </type>
      <mapping>
        <identity value="rim"/>
        <map value="n/a"/>
      </mapping>
    </element>
    <element id="Organization.contact.extension">
      <path value="Organization.contact.extension"/>
      <short value="Additional Content defined by implementations"/>
      <definition value="May be used to represent additional information that is not part of the basic definition of the element. In order to make the use of extensions safe and manageable, there is a strict set of governance  applied to the definition and use of extensions. Though any implementer is allowed to define an extension, there is a set of requirements that SHALL be met as part of the definition of the extension."/>
      <comment value="There can be no stigma associated with the use of extensions by any application, project, or standard - regardless of the institution or jurisdiction that uses or defines the extensions.  The use of extensions is what allows the FHIR specification to retain a core level of simplicity for everyone."/>
      <alias value="extensions"/>
      <alias value="user content"/>
      <min value="0"/>
      <max value="*"/>
      <base>
        <path value="Element.extension"/>
        <min value="0"/>
        <max value="*"/>
      </base>
      <type>
        <code value="Extension"/>
      </type>
      <mapping>
        <identity value="rim"/>
        <map value="n/a"/>
      </mapping>
    </element>
    <element id="Organization.contact.modifierExtension">
      <path value="Organization.contact.modifierExtension"/>
      <short value="Extensions that cannot be ignored"/>
      <definition value="May be used to represent additional information that is not part of the basic definition of the element, and that modifies the understanding of the element that contains it. Usually modifier elements provide negation or qualification. In order to make the use of extensions safe and manageable, there is a strict set of governance applied to the definition and use of extensions. Though any implementer is allowed to define an extension, there is a set of requirements that SHALL be met as part of the definition of the extension. Applications processing a resource are required to check for modifier extensions."/>
      <comment value="There can be no stigma associated with the use of extensions by any application, project, or standard - regardless of the institution or jurisdiction that uses or defines the extensions.  The use of extensions is what allows the FHIR specification to retain a core level of simplicity for everyone."/>
      <alias value="extensions"/>
      <alias value="user content"/>
      <alias value="modifiers"/>
      <min value="0"/>
      <max value="*"/>
      <base>
        <path value="BackboneElement.modifierExtension"/>
        <min value="0"/>
        <max value="*"/>
      </base>
      <type>
        <code value="Extension"/>
      </type>
      <isModifier value="true"/>
      <isSummary value="true"/>
      <mapping>
        <identity value="rim"/>
        <map value="N/A"/>
      </mapping>
    </element>
    <element id="Organization.contact.purpose">
      <path value="Organization.contact.purpose"/>
      <short value="The type of contact"/>
      <definition value="Indicates a purpose for which the contact can be reached."/>
      <requirements value="Need to distinguish between multiple contact persons."/>
      <min value="0"/>
      <max value="1"/>
      <base>
        <path value="Organization.contact.purpose"/>
        <min value="0"/>
        <max value="1"/>
      </base>
      <type>
        <code value="CodeableConcept"/>
      </type>
      <binding>
        <extension url="http://hl7.org/fhir/StructureDefinition/elementdefinition-bindingName">
          <valueString value="ContactPartyType"/>
        </extension>
        <strength value="extensible"/>
        <description value="The purpose for which you would contact a contact party"/>
        <valueSetReference>
          <reference value="http://hl7.org/fhir/ValueSet/contactentity-type"/>
        </valueSetReference>
      </binding>
      <mapping>
        <identity value="rim"/>
        <map value="./type"/>
      </mapping>
    </element>
    <element id="Organization.contact.name">
      <path value="Organization.contact.name"/>
      <short value="A name associated with the contact"/>
      <definition value="A name associated with the contact."/>
      <requirements value="Need to be able to track the person by name."/>
      <min value="0"/>
      <max value="1"/>
      <base>
        <path value="Organization.contact.name"/>
        <min value="0"/>
        <max value="1"/>
      </base>
      <type>
        <code value="HumanName"/>
      </type>
      <mapping>
        <identity value="v2"/>
        <map value="PID-5, PID-9"/>
      </mapping>
      <mapping>
        <identity value="rim"/>
        <map value="./name"/>
      </mapping>
    </element>
    <element id="Organization.contact.telecom">
      <path value="Organization.contact.telecom"/>
      <short value="Contact details (telephone, email, etc.)  for a contact"/>
      <definition value="A contact detail (e.g. a telephone number or an email address) by which the party may be contacted."/>
      <requirements value="People have (primary) ways to contact them in some way such as phone, email."/>
      <min value="0"/>
      <max value="*"/>
      <base>
        <path value="Organization.contact.telecom"/>
        <min value="0"/>
        <max value="*"/>
      </base>
      <type>
        <code value="ContactPoint"/>
      </type>
      <mapping>
        <identity value="v2"/>
        <map value="PID-13, PID-14"/>
      </mapping>
      <mapping>
        <identity value="rim"/>
        <map value="./telecom"/>
      </mapping>
    </element>
    <element id="Organization.contact.address">
      <path value="Organization.contact.address"/>
      <short value="Visiting or postal addresses for the contact"/>
      <definition value="Visiting or postal addresses for the contact."/>
      <requirements value="May need to keep track of a contact party&#39;s address for contacting, billing or reporting requirements."/>
      <min value="0"/>
      <max value="1"/>
      <base>
        <path value="Organization.contact.address"/>
        <min value="0"/>
        <max value="1"/>
      </base>
      <type>
        <code value="Address"/>
      </type>
      <mapping>
        <identity value="v2"/>
        <map value="PID-11"/>
      </mapping>
      <mapping>
        <identity value="rim"/>
        <map value="./addr"/>
      </mapping>
    </element>
    <element id="Organization.endpoint">
      <path value="Organization.endpoint"/>
      <short value="Technical endpoints providing access to services operated for the organization"/>
      <definition value="Technical endpoints providing access to services operated for the organization."/>
      <requirements value="Organizations have multiple systems that provide various services and need to be able to define the technical connection details for how to connect to them, and for what purpose."/>
      <min value="0"/>
      <max value="*"/>
      <base>
        <path value="Organization.endpoint"/>
        <min value="0"/>
        <max value="*"/>
      </base>
      <type>
        <code value="Reference"/>
        <targetProfile value="http://hl7.org/fhir/StructureDefinition/Endpoint"/>
      </type>
      <mapping>
        <identity value="rim"/>
        <map value="n/a"/>
      </mapping>
    </element>
  </snapshot>
  <differential>
    <element id="Organization">
      <path value="Organization"/>
    </element>
    <element id="Organization.name">
      <path value="Organization.name"/>
      <label value="FROM"/>
      <definition value="This field represents the location that sent the order to the receiving  location."/>
      <mustSupport value="true"/>
      <mapping>
        <identity value="vista"/>
        <map value="REQUEST/CONSULTATION @FROM 123-2b"/>
      </mapping>
    </element>
    <element id="Organization.partOf">
      <path value="Organization.partOf"/>
      <label value="ORDERING FACILITY"/>
      <short value="Ordering Facility"/>
      <definition value="This field contains the number, from file 4, of the institution/hospital that is requesting the consult.  This field is mandatory if the consult/ request is being sent to another hospital/institution, so that routing information can be obtained in order to return the results to the sending hospital/institution."/>
      <type>
        <code value="Reference"/>
        <targetProfile value="http://va.gov/fhir/us/vha-ampl-ig/StructureDefinition/VAReferralOrganization2"/>
      </type>
      <mustSupport value="true"/>
      <mapping>
        <identity value="vista"/>
        <map value="REQUEST/CONSULTATION @ORDERING FACILITY 123-.05"/>
      </mapping>
    </element>
  </differential>
</StructureDefinition>