"Path","Slice Name","Alias(s)","Label","Min","Max","Must Support?","Is Modifier?","Is Summary?","Type(s)","Short","Definition","Comments","Requirements","Default Value","Meaning When Missing","Fixed Value","Pattern","Example","Minimum Value","Maximum Value","Maximum Length","Binding Strength","Binding Description","Binding Value Set","Code","Slicing Discriminator","Slicing Description","Slicing Ordered","Slicing Rules","Base Path","Base Min","Base Max","Condition(s)","Constraint(s)","Mapping: VistA","Mapping: W5 Mapping","Mapping: HL7 v2 Mapping","Mapping: RIM Mapping"
"ReferralRequest","","ReferralRequest TransferOfCare Request
","",0,*,"","","","","A request for referral or transfer of care","Used to record and send details about a request for referral service or transfer of a patient to the care of another provider or provider organization.","","","","","","","","","",,,,,"",,,,"ReferralRequest",0,*,"","dom-2:If the resource is contained in another resource, it SHALL NOT contain nested Resources {contained.contained.empty()}
dom-1:If the resource is contained in another resource, it SHALL NOT contain any narrative {contained.text.empty()}dom-4:If a resource is contained in another resource, it SHALL NOT have a meta.versionId or a meta.lastUpdated {contained.meta.versionId.empty() and contained.meta.lastUpdated.empty()}dom-3:If the resource is contained in another resource, it SHALL be referred to from elsewhere in the resource {contained.where(('#'+id in %resource.descendants().reference).not()).empty()}","clinical.careprovision","Entity. Role, or Act"
"ReferralRequest.id","","","",0,1,"","","Y","id {[]} {[]}
","Logical id of this artifact","The logical id of the resource, as used in the URL for the resource. Once assigned, this value never changes.","The only time that a resource does not have an id is when it is being submitted to the server using a create operation.","","","","","","","","",,,,,"",,,,"Resource.id",0,1,"",""
"ReferralRequest.meta","","","",0,1,"","","Y","Meta {[]} {[]}
","Metadata about the resource","The metadata about the resource. This is content that is maintained by the infrastructure. Changes to the content may not always be associated with version changes to the resource.","","","","","","","","","",,,,,"",,,,"Resource.meta",0,1,"",""
"ReferralRequest.implicitRules","","","",0,1,"","Y","Y","uri {[]} {[]}
","A set of rules under which this content was created","A reference to a set of rules that were followed when the resource was constructed, and which must be understood when processing the content.","Asserting this rule set restricts the content to be only understood by a limited set of trading partners. This inherently limits the usefulness of the data in the long term. However, the existing health eco-system is highly fractured, and not yet ready to define, collect, and exchange data in a generally computable sense. Wherever possible, implementers and/or specification writers should avoid using this element. 

This element is labelled as a modifier because the implicit rules may provide additional knowledge about the resource that modifies it's meaning or interpretation.","","","","","","","","",,,,,"",,,,"Resource.implicitRules",0,1,"",""
"ReferralRequest.language","","","",0,1,"","","","code {[]} {[]}
","Language of the resource content","The base language in which the resource is written.","Language is provided to support indexing and accessibility (typically, services such as text to speech use the language tag). The html language tag in the narrative applies  to the narrative. The language tag on the resource may be used to specify the language of other presentations generated from the data in the resource  Not all the content has to be in the base language. The Resource.language should not be assumed to apply to the narrative automatically. If a language is specified, it should it also be specified on the div element in the html (see rules in HTML5 for information about the relationship between xml:lang and the html lang attribute).","","","","","","","","",,"extensible","A human language.","http://hl7.org/fhir/ValueSet/languages","",,,,"Resource.language",0,1,"",""
"ReferralRequest.text","","narrative
htmlxhtmldisplay","",0,1,"","","","Narrative {[]} {[]}
","Text summary of the resource, for human interpretation","A human-readable narrative that contains a summary of the resource, and may be used to represent the content of the resource to a human. The narrative need not encode all the structured data, but is required to contain sufficient detail to make it ""clinically safe"" for a human to just read the narrative. Resource definitions may define what content should be represented in the narrative to ensure clinical safety.","Contained resources do not have narrative. Resources that are not contained SHOULD have a narrative. In some cases, a resource may only have text with little or no additional discrete data (as long as all minOccurs=1 elements are satisfied).  This may be necessary for data from legacy systems where information is captured as a ""text blob"" or where text is additionally entered raw or narrated and encoded in formation is added later.","","","","","","","","",,,,,"",,,,"DomainResource.text",0,1,"dom-1
","","Act.text?"
"ReferralRequest.contained","","inline resources
anonymous resourcescontained resources","",0,*,"","","","Resource {[]} {[]}
","Contained, inline Resources","These resources do not have an independent existence apart from the resource that contains them - they cannot be identified independently, and nor can they have their own independent transaction scope.","This should never be done when the content can be identified properly, as once identification is lost, it is extremely difficult (and context dependent) to restore it again.","","","","","","","","",,,,,"",,,,"DomainResource.contained",0,*,"","","N/A"
"ReferralRequest.extension","","","",0,*,"","","","Extension {[]} {[]}
","Extension","An Extension","","","","","","","","","",,,,,"","value:url}
","",,"open","DomainResource.extension",0,*,"",""
"ReferralRequest.extension","servicerequest-encounterType","","SERVICE RENDERED AS IN OR OUT",0,*,"Y","","","Extension {[CanonicalType[http://va.gov/fhir/us/vha-ampl-ig/StructureDefinition/servicerequest-encounterType]]} {[]}
","Patient will be seen as IP or OP","This field allows the ordering person to indicate if the service is to be rendered on an outpatient or inpatient basis.  This is to alleviate the confusion if patient is currently an inpatient/outpatient but is just about to be discharged/admitted and become a outpatient/inpatient.","","","","","","","","","",,,,,"",,,,"DomainResource.extension",0,*,"ele-1
","ele-1:All FHIR elements must have a @value or children {hasValue() | (children().count() > id.count())}
ext-1:Must have either extensions or value[x], not both {extension.exists() != value.exists()}","REQUEST/CONSULTATION @SERVICE RENDERED AS IN OR OUT 123-14","n/a","N/A"
"ReferralRequest.extension","lastAction","","LAST ACTION TAKEN",0,*,"Y","","","Extension {[CanonicalType[http://va.gov/fhir/us/vha-ampl-ig/StructureDefinition/lastAction]]} {[]}
","Last Action","This is the last Action Type taken that updated the activity tracking audit trail.","","","","","","","","","",,,,,"",,,,"DomainResource.extension",0,*,"ele-1
","ele-1:All FHIR elements must have a @value or children {hasValue() | (children().count() > id.count())}
ext-1:Must have either extensions or value[x], not both {extension.exists() != value.exists()}","REQUEST/CONSULTATION @LAST ACTION TAKEN 123-9","n/a","N/A"
"ReferralRequest.extension","referralrequest-significantFindings","","SIGNIFICANT FINDING",0,*,"Y","","","Extension {[CanonicalType[http://va.gov/fhir/us/vha-ampl-ig/StructureDefinition/referralrequest-significantFindings]]} {[]}
","Significant Findings","If significant findings are noted in the consult results, then this field may be marked ""Yes"", and appropriate comments may be entered in the ""Comment"" field. ""Unknown"" is the default. ""No"" may also be specified to indicate the results do not include significant findings.","","","","","","","","","",,,,,"",,,,"DomainResource.extension",0,*,"ele-1
","ele-1:All FHIR elements must have a @value or children {hasValue() | (children().count() > id.count())}
ext-1:Must have either extensions or value[x], not both {extension.exists() != value.exists()}","REQUEST/CONSULTATION @SIGNIFICANT FINDING 123-15","n/a","N/A"
"ReferralRequest.extension","servicerequest-vaStatus","","CPRS STATUS",0,*,"Y","","","Extension {[CanonicalType[http://va.gov/fhir/us/vha-ampl-ig/StructureDefinition/servicerequest-vaStatus]]} {[]}
","Optional Extensions Element","Optional Extension Element - found in all resources.","","","","","","","","","",,,,,"",,,,"DomainResource.extension",0,*,"ele-1
","ele-1:All FHIR elements must have a @value or children {hasValue() | (children().count() > id.count())}
ext-1:Must have either extensions or value[x], not both {extension.exists() != value.exists()}","REQUEST/CONSULTATION @CPRS STATUS 123-8b","n/a","N/A"
"ReferralRequest.modifierExtension","","extensions
user content","",0,*,"","Y","","Extension {[]} {[]}
","Extensions that cannot be ignored","May be used to represent additional information that is not part of the basic definition of the resource, and that modifies the understanding of the element that contains it. Usually modifier elements provide negation or qualification. In order to make the use of extensions safe and manageable, there is a strict set of governance applied to the definition and use of extensions. Though any implementer is allowed to define an extension, there is a set of requirements that SHALL be met as part of the definition of the extension. Applications processing a resource are required to check for modifier extensions.","There can be no stigma associated with the use of extensions by any application, project, or standard - regardless of the institution or jurisdiction that uses or defines the extensions.  The use of extensions is what allows the FHIR specification to retain a core level of simplicity for everyone.","","","","","","","","",,,,,"",,,,"DomainResource.modifierExtension",0,*,"","","N/A"
"ReferralRequest.identifier","","","",0,*,"","","Y","Identifier {[]} {[]}
","Business identifier","Business identifier that uniquely identifies the referral/care transfer request instance.","","","","","","","","","",,,,,"",,,,"ReferralRequest.identifier",0,*,"","","id","RF1-6 / RF1-11"
"ReferralRequest.definition","","","",0,*,"","","Y","Reference {[]} {[CanonicalType[http://hl7.org/fhir/StructureDefinition/ActivityDefinition], CanonicalType[http://hl7.org/fhir/StructureDefinition/PlanDefinition]]}
","Instantiates protocol or definition","A protocol, guideline, orderset or other definition that is adhered to in whole or in part by this request.","","","","","","","","","",,,,,"",,,,"ReferralRequest.definition",0,*,"","",".outboundRelationship[typeCode=DEFN].target"
"ReferralRequest.basedOn","","fulfills
","",0,*,"","","Y","Reference {[]} {[CanonicalType[http://hl7.org/fhir/StructureDefinition/ReferralRequest], CanonicalType[http://hl7.org/fhir/StructureDefinition/CarePlan], CanonicalType[http://hl7.org/fhir/StructureDefinition/ProcedureRequest]]}
","Request fulfilled by this request","Indicates any plans, proposals or orders that this request is intended to satisfy - in whole or in part.","","","","","","","","","",,,,,"",,,,"ReferralRequest.basedOn",0,*,"",""
"ReferralRequest.replaces","","supersedes
priorrenewed order","",0,*,"","","Y","Reference {[]} {[CanonicalType[http://hl7.org/fhir/StructureDefinition/ReferralRequest]]}
","Request(s) replaced by this request","Completed or terminated request(s) whose function is taken by this new request.","The replacement could be because the initial request was immediately rejected (due to an issue) or because the previous request was completed, but the need for the action described by the request remains ongoing.","Allows tracing the continuation of a therapy or administrative process instantiated through multiple requests.","","","","","","","",,,,,"",,,,"ReferralRequest.replaces",0,*,"","",".outboundRelationship[typeCode=RPLC].target"
"ReferralRequest.groupIdentifier","","grouperId
requisition","",0,1,"","","Y","Identifier {[]} {[]}
","Composite request this is part of","The business identifier of the logical ""grouping"" request/order that this referral is a part of.","","Allows multiple orders to be collected as part of a single requisition.","","","","","","","",,,,,"",,,,"ReferralRequest.groupIdentifier",0,1,"",""
"ReferralRequest.status","","","CPRS STATUS",1,1,"Y","Y","Y","code {[]} {[]}
","Status","This is the current CPRS status of the consult or request order. The Action Types which may be taken from the ""Select Action: "" prompt update the status in this file as well as in the Orders File (100).","This element is labeled as a modifier because the status contains codes that mark the resource as not currently valid.","Workflow status is handled by the Task resource.","","","","","","","",,"required","The status of the referral.","http://hl7.org/fhir/ValueSet/request-status","",,,,"ReferralRequest.status",1,1,"","","REQUEST/CONSULTATION @CPRS STATUS 123-8","status","RF1-1"
"ReferralRequest.intent","","category
","",1,1,"","Y","Y","code {[]} {[]}
","proposal | plan | order","Distinguishes the ""level"" of authorization/demand implicit in this request.","","The same resource structure is used when capturing proposals/recommendations, plans and actual requests.","","","","","","","",,"required","Codes identifying the stage lifecycle stage of a request","http://hl7.org/fhir/ValueSet/request-intent","",,,,"ReferralRequest.intent",1,1,"","","class"
"ReferralRequest.type","","","",0,1,"","","Y","CodeableConcept {[]} {[]}
","Referral/Transition of care request type","An indication of the type of referral (or where applicable the type of transfer of care) request.","","","","","","","","","",,"example","Codes for types of referral; e.g. consult, transfer, temporary transfer.","http://hl7.org/fhir/ValueSet/referral-type","",,,,"ReferralRequest.type",0,1,"","","class","RF1-10"
"ReferralRequest.type.id","","","",0,1,"","","","string {[]} {[]}
","xml:id (or equivalent in JSON)","unique id for the element within a resource (for internal references). This may be any string value that does not contain spaces.","","","","","","","","","",,,,,"",,,,"Element.id",0,1,"","","n/a"
"ReferralRequest.type.extension","","extensions
user content","",0,*,"","","","Extension {[]} {[]}
","Additional Content defined by implementations","May be used to represent additional information that is not part of the basic definition of the element. In order to make the use of extensions safe and manageable, there is a strict set of governance  applied to the definition and use of extensions. Though any implementer is allowed to define an extension, there is a set of requirements that SHALL be met as part of the definition of the extension.","There can be no stigma associated with the use of extensions by any application, project, or standard - regardless of the institution or jurisdiction that uses or defines the extensions.  The use of extensions is what allows the FHIR specification to retain a core level of simplicity for everyone.","","","","","","","","",,,,,"","value:url}
","Extensions are always sliced by (at least) url",,"open","Element.extension",0,*,"","","n/a"
"ReferralRequest.type.coding","","","",0,*,"","","Y","Coding {[]} {[]}
","Code defined by a terminology system","A reference to a code defined by a terminology system.","Codes may be defined very casually in enumerations, or code lists, up to very formal definitions such as SNOMED CT - see the HL7 v3 Core Principles for more information.  Ordering of codings is undefined and SHALL NOT be used to infer meaning. Generally, at most only one of the coding values will be labeled as UserSelected = true.","Allows for translations and alternate encodings within a code system.  Also supports communication of the same instance to systems requiring different encodings.","","","","","","","",,,,,"",,,,"CodeableConcept.coding",0,*,"","","C*E.1-8, C*E.10-22","union(., ./translation)"
"ReferralRequest.type.coding.id","","","",0,1,"","","","string {[]} {[]}
","xml:id (or equivalent in JSON)","unique id for the element within a resource (for internal references). This may be any string value that does not contain spaces.","","","","","","","","","",,,,,"",,,,"Element.id",0,1,"","","n/a"
"ReferralRequest.type.coding.extension","","extensions
user content","",0,*,"","","","Extension {[]} {[]}
","Additional Content defined by implementations","May be used to represent additional information that is not part of the basic definition of the element. In order to make the use of extensions safe and manageable, there is a strict set of governance  applied to the definition and use of extensions. Though any implementer is allowed to define an extension, there is a set of requirements that SHALL be met as part of the definition of the extension.","There can be no stigma associated with the use of extensions by any application, project, or standard - regardless of the institution or jurisdiction that uses or defines the extensions.  The use of extensions is what allows the FHIR specification to retain a core level of simplicity for everyone.","","","","","","","","",,,,,"","value:url}
","Extensions are always sliced by (at least) url",,"open","Element.extension",0,*,"","","n/a"
"ReferralRequest.type.coding.system","","","",0,1,"","","Y","uri {[]} {[]}
","Identity of the terminology system","The identification of the code system that defines the meaning of the symbol in the code.","The URI may be an OID (urn:oid:...) or a UUID (urn:uuid:...).  OIDs and UUIDs SHALL be references to the HL7 OID registry. Otherwise, the URI should come from HL7's list of FHIR defined special URIs or it should de-reference to some definition that establish the system clearly and unambiguously.","Need to be unambiguous about the source of the definition of the symbol.","","","","","","","",,,,,"",,,,"Coding.system",0,1,"","","C*E.3","./codeSystem"
"ReferralRequest.type.coding.version","","","",0,1,"","","Y","string {[]} {[]}
","Version of the system - if relevant","The version of the code system which was used when choosing this code. Note that a well-maintained code system does not need the version reported, because the meaning of codes is consistent across versions. However this cannot consistently be assured. and when the meaning is not guaranteed to be consistent, the version SHOULD be exchanged.","Where the terminology does not clearly define what string should be used to identify code system versions, the recommendation is to use the date (expressed in FHIR date format) on which that version was officially published as the version date.","","","","","","","","",,,,,"",,,,"Coding.version",0,1,"","","C*E.7","./codeSystemVersion"
"ReferralRequest.type.coding.code","","","REQUEST TYPE",0,1,"Y","","Y","code {[]} {[]}
","Symbol in syntax defined by the system","This field will indicate whether the order is a consult or procedure request order.  Based on this fields value, the Consultation Body Header alters to indicate ""Consult Type: "" or ""Procedure Request: "".","","Need to refer to a particular code in the system.","","","","","","","",,,,,"",,,,"Coding.code",0,1,"","","undefined @REQUEST TYPE 123-13","C*E.1","./code"
"ReferralRequest.type.coding.display","","","",0,1,"","","Y","string {[]} {[]}
","Representation defined by the system","A representation of the meaning of the code in the system, following the rules of the system.","","Need to be able to carry a human-readable meaning of the code for readers that do not know  the system.","","","","","","","",,,,,"",,,,"Coding.display",0,1,"","","C*E.2 - but note this is not well followed","CV.displayName"
"ReferralRequest.type.coding.userSelected","","","",0,1,"","","Y","boolean {[]} {[]}
","If this coding was chosen directly by the user","Indicates that this coding was chosen by a user directly - i.e. off a pick list of available items (codes or displays).","Amongst a set of alternatives, a directly chosen code is the most appropriate starting point for new translations. There is some ambiguity about what exactly 'directly chosen' implies, and trading partner agreement may be needed to clarify the use of this element and its consequences more completely.","This has been identified as a clinical safety criterium - that this exact system/code pair was chosen explicitly, rather than inferred by the system based on some rules or language processing.","","","","","","","",,,,,"",,,,"Coding.userSelected",0,1,"","","Sometimes implied by being first","CD.codingRationale"
"ReferralRequest.type.text","","","",0,1,"","","Y","string {[]} {[]}
","Plain text representation of the concept","A human language representation of the concept as seen/selected/uttered by the user who entered the data and/or which represents the intended meaning of the user.","Very often the text is the same as a displayName of one of the codings.","The codes from the terminologies do not always capture the correct meaning with all the nuances of the human using them, or sometimes there is no appropriate code at all. In these cases, the text is used to capture the full meaning of the source.","","","","","","","",,,,,"",,,,"CodeableConcept.text",0,1,"","","C*E.9. But note many systems use C*E.2 for this","./originalText[mediaType/code=""text/plain""]/data"
"ReferralRequest.priority","","","URGENCY",0,1,"Y","","Y","code {[]} {[]}
","Urgency","This field describes the urgency of the consult. Urgencies are sent in the PROTOCOL File (#101) as: STAT, EMERGENCY, INPATIENT, NEXT AVAILABLE, NOW, ROUTINE, TODAY, WITHIN 24 HOURS, WITHIN 48 HOURS, WITHIN 72 HOURS, WITHIN 1 WEEK, WITHIN 1 MONTH.","","","","","","","","","",,"required","Codes indicating the relative priority of the referral.","http://hl7.org/fhir/ValueSet/request-priority","",,,,"ReferralRequest.priority",0,1,"","","REQUEST/CONSULTATION @URGENCY 123-5","grade","RF1-2"
"ReferralRequest.serviceRequested","","","ORDRABLE ITEM",0,*,"Y","","Y","CodeableConcept {[]} {[]}
","Actions requested as part of the referral","This is the name of this item that will be used for displaying and searching.","","","","","","","","","",,"example","Codes indicating the types of services that might be requested as part of a referral.","http://hl7.org/fhir/ValueSet/c80-practice-codes","",,,,"ReferralRequest.serviceRequested",0,*,"","","ORDERABLE ITEMS  @ORDRABLE ITEM  101.43-.01","what","PR1-3 / OBR-4"
"ReferralRequest.subject","","","",1,1,"","","Y","Reference {[]} {[CanonicalType[http://hl7.org/fhir/StructureDefinition/Patient], CanonicalType[http://hl7.org/fhir/StructureDefinition/Group]]}
","Patient referred to care or transfer","The patient who is the subject of a referral or transfer of care request.","Referral of family, group or community is to be catered for by profiles.","","","","","","","","",,,,,"",,,,"ReferralRequest.subject",1,1,"","","who.focus","PID-3"
"ReferralRequest.context","","encounter
","PATIENT LOCATION",0,1,"Y","","Y","Reference {[]} {[CanonicalType[http://va.gov/fhir/us/vha-ampl-ig/StructureDefinition/VAReferralEncounter]]}
","Patient Location","This is the location of the patient when the consult/request order was placed.","","","","","","","","","",,,,,"",,,,"ReferralRequest.context",0,1,"","","REQUEST/CONSULTATION @PATIENT LOCATION 123-.04","context","PV1-19"
"ReferralRequest.occurrence[x]","","timing
","",0,1,"","","Y","dateTime {[]} {[]}
","When the service(s) requested in the referral should occur","The period of time within which the services identified in the referral/transfer of care is specified or required to occur.","When the occurrenceDateTime is used, then it is indicating that the requested service must happen before the specified date.","Use cases: (1) to indicate that the requested service is not to happen before a specified date, and saving the start date in Period.start; (2) to indicate that the requested service must happen before a specified date, and saving the end date in Period.end; (3) to indicate that the requested service must happen during the specified dates (""start"" and ""end"" values).","","","","","","","",,,,,"","type:$this}
","",,"closed","ReferralRequest.occurrence[x]",0,1,"","","when.planned","OBR-7/OBR-8"
"ReferralRequest.occurrence[x]","occurrenceDateTime","timing
","CLINICALLY INDICATED DATE",0,1,"Y","","Y","dateTime {[]} {[]}
","Clinically indicate date","The period of time within which the services identified in the referral/transfer of care is specified or required to occur.","When the occurrenceDateTime is used, then it is indicating that the requested service must happen before the specified date.","Use cases: (1) to indicate that the requested service is not to happen before a specified date, and saving the start date in Period.start; (2) to indicate that the requested service must happen before a specified date, and saving the end date in Period.end; (3) to indicate that the requested service must happen during the specified dates (""start"" and ""end"" values).","","","","","","","",,,,,"",,,,"ReferralRequest.occurrence[x]",0,1,"","","REQUEST/CONSULTATION @CLINICALLY INDICATED DATE 123-17","when.planned","OBR-7/OBR-8"
"ReferralRequest.authoredOn","","createdOn
","DATE OF REQUEST",0,1,"Y","","Y","dateTime {[]} {[]}
","Date/Time","This is the date and time the order was released from OE/RR. If the TO service entered the order stub through the Add Order (AD) action, this is the service-specified request date.","","","","","","","","","",,,,,"",,,,"ReferralRequest.authoredOn",0,1,"","","REQUEST/CONSULTATION @DATE OF REQUEST 123-3","when.recorded","RF1-7 / RF1-9?"
"ReferralRequest.requester","","author
","",0,1,"","","Y","BackboneElement {[]} {[]}
","Who/what is requesting service","The individual who initiated the request and has responsibility for its activation.","","","","","","","","","",,,,,"",,,,"ReferralRequest.requester",0,1,"","ele-1:All FHIR elements must have a @value or children {hasValue() | (children().count() > id.count())}
rfr-1:onBehalfOf can only be specified if agent is practitioner or device {(agent.resolve() is Device) or (agent.resolve() is Practitioner) or onBehalfOf.exists().not()}",".participation[typeCode=AUT].role"
"ReferralRequest.requester.id","","","",0,1,"","","","string {[]} {[]}
","xml:id (or equivalent in JSON)","unique id for the element within a resource (for internal references). This may be any string value that does not contain spaces.","","","","","","","","","",,,,,"",,,,"Element.id",0,1,"","","n/a"
"ReferralRequest.requester.extension","","extensions
user content","",0,*,"","","","Extension {[]} {[]}
","Additional Content defined by implementations","May be used to represent additional information that is not part of the basic definition of the element. In order to make the use of extensions safe and manageable, there is a strict set of governance  applied to the definition and use of extensions. Though any implementer is allowed to define an extension, there is a set of requirements that SHALL be met as part of the definition of the extension.","There can be no stigma associated with the use of extensions by any application, project, or standard - regardless of the institution or jurisdiction that uses or defines the extensions.  The use of extensions is what allows the FHIR specification to retain a core level of simplicity for everyone.","","","","","","","","",,,,,"",,,,"Element.extension",0,*,"","","n/a"
"ReferralRequest.requester.modifierExtension","","extensions
user contentmodifiers","",0,*,"","Y","Y","Extension {[]} {[]}
","Extensions that cannot be ignored","May be used to represent additional information that is not part of the basic definition of the element, and that modifies the understanding of the element that contains it. Usually modifier elements provide negation or qualification. In order to make the use of extensions safe and manageable, there is a strict set of governance applied to the definition and use of extensions. Though any implementer is allowed to define an extension, there is a set of requirements that SHALL be met as part of the definition of the extension. Applications processing a resource are required to check for modifier extensions.","There can be no stigma associated with the use of extensions by any application, project, or standard - regardless of the institution or jurisdiction that uses or defines the extensions.  The use of extensions is what allows the FHIR specification to retain a core level of simplicity for everyone.","","","","","","","","",,,,,"",,,,"BackboneElement.modifierExtension",0,*,"","","N/A"
"ReferralRequest.requester.agent","","","",1,1,"","","Y","Reference {[]} {[CanonicalType[http://hl7.org/fhir/StructureDefinition/Practitioner], CanonicalType[http://hl7.org/fhir/StructureDefinition/Organization], CanonicalType[http://hl7.org/fhir/StructureDefinition/Patient], CanonicalType[http://hl7.org/fhir/StructureDefinition/RelatedPerson], CanonicalType[http://hl7.org/fhir/StructureDefinition/Device]]}
","Individual making the request","The device, practitioner, etc. who initiated the request.","","","","","","","","","",,,,,"",,,,"ReferralRequest.requester.agent",1,1,"","","who.author",".player"
"ReferralRequest.requester.agent.id","","","",0,1,"","","","string {[]} {[]}
","xml:id (or equivalent in JSON)","unique id for the element within a resource (for internal references). This may be any string value that does not contain spaces.","","","","","","","","","",,,,,"",,,,"Element.id",0,1,"","","n/a"
"ReferralRequest.requester.agent.extension","","extensions
user content","",0,*,"","","","Extension {[]} {[]}
","Additional Content defined by implementations","May be used to represent additional information that is not part of the basic definition of the element. In order to make the use of extensions safe and manageable, there is a strict set of governance  applied to the definition and use of extensions. Though any implementer is allowed to define an extension, there is a set of requirements that SHALL be met as part of the definition of the extension.","There can be no stigma associated with the use of extensions by any application, project, or standard - regardless of the institution or jurisdiction that uses or defines the extensions.  The use of extensions is what allows the FHIR specification to retain a core level of simplicity for everyone.","","","","","","","","",,,,,"","value:url}
","Extensions are always sliced by (at least) url",,"open","Element.extension",0,*,"","","n/a"
"ReferralRequest.requester.agent.reference","","","",0,1,"","","Y","string {[]} {[]}
","Literal reference, Relative, internal or absolute URL","A reference to a location at which the other resource is found. The reference may be a relative reference, in which case it is relative to the service base URL, or an absolute URL that resolves to the location where the resource is found. The reference may be version specific or not. If the reference is not to a FHIR RESTful server, then it should be assumed to be version specific. Internal fragment references (start with '#') refer to contained resources.","Using absolute URLs provides a stable scalable approach suitable for a cloud/web context, while using relative/logical references provides a flexible approach suitable for use when trading across closed eco-system boundaries.   Absolute URLs do not need to point to a FHIR RESTful server, though this is the preferred approach. If the URL conforms to the structure ""/[type]/[id]"" then it should be assumed that the reference is to a FHIR RESTful server.","","","","","","","","",,,,,"",,,,"Reference.reference",0,1,"ref-1
","","N/A"
"ReferralRequest.requester.agent.identifier","","","",0,1,"","","Y","Identifier {[]} {[]}
","Logical reference, when literal reference is not known","An identifier for the other resource. This is used when there is no way to reference the other resource directly, either because the entity is not available through a FHIR server, or because there is no way for the author of the resource to convert a known identifier to an actual location. There is no requirement that a Reference.identifier point to something that is actually exposed as a FHIR instance, but it SHALL point to a business concept that would be expected to be exposed as a FHIR instance, and that instance would need to be of a FHIR resource type allowed by the reference.","When an identifier is provided in place of a reference, any system processing the reference will only be able to resolve the identifier to a reference if it understands the business context in which the identifier is used. Sometimes this is global (e.g. a national identifier) but often it is not. For this reason, none of the useful mechanisms described for working with references (e.g. chaining, includes) are possible, nor should servers be expected to be able resolve the reference. Servers may accept an identifier based reference untouched, resolve it, and/or reject it - see CapabilityStatement.rest.resource.referencePolicy. 

When both an identifier and a literal reference are provided, the literal reference is preferred. Applications processing the resource are allowed - but not required - to check that the identifier matches the literal reference

Applications converting a logical reference to a literal reference may choose to leave the logical reference present, or remove it.","","","","","","","","",,,,,"",,,,"Reference.identifier",0,1,"","",".identifier"
"ReferralRequest.requester.agent.display","","","",0,1,"","","Y","string {[]} {[]}
","Text alternative for the resource","Plain text narrative that identifies the resource in addition to the resource reference.","This is generally not the same as the Resource.text of the referenced resource.  The purpose is to identify what's being referenced, not to fully describe it.","","","","","","","","",,,,,"",,,,"Reference.display",0,1,"","","N/A"
"ReferralRequest.requester.onBehalfOf","","","FROM",0,1,"Y","","Y","Reference {[]} {[CanonicalType[http://va.gov/fhir/us/vha-ampl-ig/StructureDefinition/VAReferralOrganization]]}
","From Service","This field represents the location that sent the order to the receiving  location.","","Practitioners and Devices can be associated with multiple organizations.  This element indicates which organization they were acting on behalf of when authoring the request.","","","","","","","",,,,,"",,,,"ReferralRequest.requester.onBehalfOf",0,1,"rfr-1
","","REQUEST/CONSULTATION @FROM 123-2",".scoper"
"ReferralRequest.specialty","","","",0,1,"","","","CodeableConcept {[]} {[]}
","The clinical specialty (discipline) that the referral is requested for","Indication of the clinical domain or discipline to which the referral or transfer of care request is sent.  For example: Cardiology Gastroenterology Diabetology.","","","","","","","","","",,"example","Codes indicating the types of capability the referred to service provider must have.","http://hl7.org/fhir/ValueSet/practitioner-specialty","",,,,"ReferralRequest.specialty",0,1,"","","RF1-3"
"ReferralRequest.recipient","","","",0,*,"","","Y","Reference {[]} {[CanonicalType[http://hl7.org/fhir/StructureDefinition/Practitioner], CanonicalType[http://hl7.org/fhir/StructureDefinition/Organization], CanonicalType[http://hl7.org/fhir/StructureDefinition/HealthcareService]]}
","Receiver of referral / transfer of care request","The healthcare provider(s) or provider organization(s) who/which is to receive the referral/transfer of care request.","There will be a primary receiver. But the request can be received by any number of ""copied to"" providers or organizations.","","","","","","","","",,,,,"",,,,"ReferralRequest.recipient",0,*,"","","who.actor","Practitioner: PRD-2/PRD-7 where PRD-3 = RT; Organization: PRD-10 where PRD-3 = RT"
"ReferralRequest.recipient.id","","","",0,1,"","","","string {[]} {[]}
","xml:id (or equivalent in JSON)","unique id for the element within a resource (for internal references). This may be any string value that does not contain spaces.","","","","","","","","","",,,,,"",,,,"Element.id",0,1,"","","n/a"
"ReferralRequest.recipient.extension","","extensions
user content","",0,*,"","","","Extension {[]} {[]}
","Additional Content defined by implementations","May be used to represent additional information that is not part of the basic definition of the element. In order to make the use of extensions safe and manageable, there is a strict set of governance  applied to the definition and use of extensions. Though any implementer is allowed to define an extension, there is a set of requirements that SHALL be met as part of the definition of the extension.","There can be no stigma associated with the use of extensions by any application, project, or standard - regardless of the institution or jurisdiction that uses or defines the extensions.  The use of extensions is what allows the FHIR specification to retain a core level of simplicity for everyone.","","","","","","","","",,,,,"","value:url}
","Extensions are always sliced by (at least) url",,"open","Element.extension",0,*,"","","n/a"
"ReferralRequest.recipient.reference","","","",0,1,"","","Y","string {[]} {[]}
","Literal reference, Relative, internal or absolute URL","A reference to a location at which the other resource is found. The reference may be a relative reference, in which case it is relative to the service base URL, or an absolute URL that resolves to the location where the resource is found. The reference may be version specific or not. If the reference is not to a FHIR RESTful server, then it should be assumed to be version specific. Internal fragment references (start with '#') refer to contained resources.","Using absolute URLs provides a stable scalable approach suitable for a cloud/web context, while using relative/logical references provides a flexible approach suitable for use when trading across closed eco-system boundaries.   Absolute URLs do not need to point to a FHIR RESTful server, though this is the preferred approach. If the URL conforms to the structure ""/[type]/[id]"" then it should be assumed that the reference is to a FHIR RESTful server.","","","","","","","","",,,,,"",,,,"Reference.reference",0,1,"ref-1
","","N/A"
"ReferralRequest.recipient.identifier","","","",0,1,"","","Y","Identifier {[]} {[]}
","Logical reference, when literal reference is not known","An identifier for the other resource. This is used when there is no way to reference the other resource directly, either because the entity is not available through a FHIR server, or because there is no way for the author of the resource to convert a known identifier to an actual location. There is no requirement that a Reference.identifier point to something that is actually exposed as a FHIR instance, but it SHALL point to a business concept that would be expected to be exposed as a FHIR instance, and that instance would need to be of a FHIR resource type allowed by the reference.","When an identifier is provided in place of a reference, any system processing the reference will only be able to resolve the identifier to a reference if it understands the business context in which the identifier is used. Sometimes this is global (e.g. a national identifier) but often it is not. For this reason, none of the useful mechanisms described for working with references (e.g. chaining, includes) are possible, nor should servers be expected to be able resolve the reference. Servers may accept an identifier based reference untouched, resolve it, and/or reject it - see CapabilityStatement.rest.resource.referencePolicy. 

When both an identifier and a literal reference are provided, the literal reference is preferred. Applications processing the resource are allowed - but not required - to check that the identifier matches the literal reference

Applications converting a logical reference to a literal reference may choose to leave the logical reference present, or remove it.","","","","","","","","",,,,,"",,,,"Reference.identifier",0,1,"","",".identifier"
"ReferralRequest.recipient.display","","","",0,1,"","","Y","string {[]} {[]}
","Text alternative for the resource","Plain text narrative that identifies the resource in addition to the resource reference.","This is generally not the same as the Resource.text of the referenced resource.  The purpose is to identify what's being referenced, not to fully describe it.","","","","","","","","",,,,,"",,,,"Reference.display",0,1,"","","N/A"
"ReferralRequest.reasonCode","","","",0,*,"","","Y","CodeableConcept {[]} {[]}
","Reason for referral / transfer of care request","Description of clinical condition indicating why referral/transfer of care is requested.  For example:  Pathological Anomalies, Disabled (physical or mental),  Behavioral Management.","","","","","","","","","",,"example","Codes indicating why the referral is being requested.","http://hl7.org/fhir/ValueSet/clinical-findings","",,,,"ReferralRequest.reasonCode",0,*,"","","why","RF1-10"
"ReferralRequest.reasonReference","","","",0,*,"","","Y","Reference {[]} {[CanonicalType[http://hl7.org/fhir/StructureDefinition/Condition], CanonicalType[http://hl7.org/fhir/StructureDefinition/Observation]]}
","Why is service needed?","Indicates another resource whose existence justifies this request.","","","","","","","","","",,,,,"",,,,"ReferralRequest.reasonReference",0,*,"","","why",".outboundRelationship[typeCode=RSON].target"
"ReferralRequest.description","","","",0,1,"","","","string {[]} {[]}
","A textual description of the referral","The reason element gives a short description of why the referral is being made, the description expands on this to support a more complete clinical summary.","","","","","","","","","",,,,,"",,,,"ReferralRequest.description",0,1,"",""
"ReferralRequest.supportingInfo","","","",0,*,"","","","Reference {[]} {[CanonicalType[http://hl7.org/fhir/StructureDefinition/Resource]]}
","Additonal information to support referral or transfer of care request","Any additional (administrative, financial or clinical) information required to support request for referral or transfer of care.  For example: Presenting problems/chief complaints Medical History Family History Alerts Allergy/Intolerance and Adverse Reactions Medications Observations/Assessments (may include cognitive and fundtional assessments) Diagnostic Reports Care Plan.","","","","","","","","","",,,,,"",,,,"ReferralRequest.supportingInfo",0,*,"",""
"ReferralRequest.note","","","",0,*,"","","","Annotation {[]} {[]}
","Comments made about referral request","Comments made about the referral request by any of the participants.","","","","","","","","","",,,,,"",,,,"ReferralRequest.note",0,*,"",""
"ReferralRequest.relevantHistory","","eventHistory
","",0,*,"","","","Reference {[]} {[CanonicalType[http://hl7.org/fhir/StructureDefinition/Provenance]]}
","Key events in history of request","Links to Provenance records for past versions of this resource or fulfilling request or event resources that identify key state transitions or updates that are likely to be relevant to a user looking at the current version of the resource.","This element does not point to the Provenance associated with the *current* version of the resource - as it would be created after this version existed.  The Provenance for the current version can be retrieved with a _revinclude.","","","","","","","","",,,,,"",,,,"ReferralRequest.relevantHistory",0,*,"","",".inboundRelationship(typeCode=SUBJ].source[classCode=CACT, moodCode=EVN]"
