<?xml version="1.0" encoding="UTF-8"?>

<StructureDefinition xmlns="http://hl7.org/fhir">
  <id value="VACoverage"/>
  <meta>
    <lastUpdated value="2021-03-12T16:05:11.288Z"/>
  </meta>
  <text>
    <status value="extensions"/><div xmlns="http://www.w3.org/1999/xhtml"><table border="0" cellpadding="0" cellspacing="0" style="border: 0px #F0F0F0 solid; font-size: 11px; font-family: verdana; vertical-align: top;"><tr style="border: 1px #F0F0F0 solid; font-size: 11px; font-family: verdana; vertical-align: top"><th style="vertical-align: top; text-align : left; background-color: white; border: 0px #F0F0F0 solid; padding:0px 4px 0px 4px" class="hierarchy"><a href="http://hl7.org/fhir/STU3/formats.html#table" title="The logical name of the element">Name</a></th><th style="vertical-align: top; text-align : left; background-color: white; border: 0px #F0F0F0 solid; padding:0px 4px 0px 4px" class="hierarchy"><a href="http://hl7.org/fhir/STU3/formats.html#table" title="Information about the use of the element">Flags</a></th><th style="vertical-align: top; text-align : left; background-color: white; border: 0px #F0F0F0 solid; padding:0px 4px 0px 4px" class="hierarchy"><a href="http://hl7.org/fhir/STU3/formats.html#table" title="Minimum and Maximum # of times the the element can appear in the instance">Card.</a></th><th style="width: 100px" class="hierarchy"><a href="http://hl7.org/fhir/STU3/formats.html#table" title="Reference to the type of the element">Type</a></th><th style="vertical-align: top; text-align : left; background-color: white; border: 0px #F0F0F0 solid; padding:0px 4px 0px 4px" class="hierarchy"><a href="http://hl7.org/fhir/STU3/formats.html#table" title="Additional information about the element">Description &amp; Constraints</a><span style="float: right"><a href="http://hl7.org/fhir/STU3/formats.html#table" title="Legend for this format"><img src="http://hl7.org/fhir/STU3/help16.png" alt="doco" style="background-color: inherit"/></a></span></th></tr><tr style="border: 0px #F0F0F0 solid; padding:0px; vertical-align: top; background-color: white"><td style="vertical-align: top; text-align : left; background-color: white; border: 0px #F0F0F0 solid; padding:0px 4px 0px 4px; white-space: nowrap; background-image: url(tbl_bck1.png)" class="hierarchy"><img src="tbl_spacer.png" alt="." style="background-color: inherit" class="hierarchy"/><img src="icon_resource.png" alt="." style="background-color: white; background-color: inherit" title="Resource" class="hierarchy"/> <a href="StructureDefinition-VACoverage-definitions.html#Coverage">Coverage</a><a name="Coverage"> </a></td><td style="vertical-align: top; text-align : left; background-color: white; border: 0px #F0F0F0 solid; padding:0px 4px 0px 4px" class="hierarchy"/><td style="vertical-align: top; text-align : left; background-color: white; border: 0px #F0F0F0 solid; padding:0px 4px 0px 4px" class="hierarchy"><span style="opacity: 0.5">0</span><span style="opacity: 0.5">..</span><span style="opacity: 0.5">*</span></td><td style="vertical-align: top; text-align : left; background-color: white; border: 0px #F0F0F0 solid; padding:0px 4px 0px 4px" class="hierarchy"><a href="http://hl7.org/fhir/STU3/coverage.html">Coverage</a></td><td style="vertical-align: top; text-align : left; background-color: white; border: 0px #F0F0F0 solid; padding:0px 4px 0px 4px" class="hierarchy"><span style="opacity: 0.5">Insurance or medical plan or a payment agreement</span></td></tr>
<tr style="border: 0px #F0F0F0 solid; padding:0px; vertical-align: top; background-color: #F7F7F7"><td style="vertical-align: top; text-align : left; background-color: #F7F7F7; border: 0px #F0F0F0 solid; padding:0px 4px 0px 4px; white-space: nowrap; background-image: url(tbl_bck12.png)" class="hierarchy"><img src="tbl_spacer.png" alt="." style="background-color: inherit" class="hierarchy"/><img src="tbl_vjoin.png" alt="." style="background-color: inherit" class="hierarchy"/><img src="icon_extension_simple.png" alt="." style="background-color: #F7F7F7; background-color: inherit" title="Simple Extension" class="hierarchy"/> <a href="StructureDefinition-VACoverage-definitions.html#Coverage.extension">extension</a><a name="Coverage.extension"> </a></td><td style="vertical-align: top; text-align : left; background-color: #F7F7F7; border: 0px #F0F0F0 solid; padding:0px 4px 0px 4px" class="hierarchy"/><td style="vertical-align: top; text-align : left; background-color: #F7F7F7; border: 0px #F0F0F0 solid; padding:0px 4px 0px 4px" class="hierarchy"><span style="opacity: 0.5">0</span><span style="opacity: 0.5">..</span><span style="opacity: 0.5">*</span></td><td style="vertical-align: top; text-align : left; background-color: #F7F7F7; border: 0px #F0F0F0 solid; padding:0px 4px 0px 4px" class="hierarchy"><a style="opacity: 0.5" href="http://hl7.org/fhir/STU3/extensibility.html#Extension">Extension</a></td><td style="vertical-align: top; text-align : left; background-color: #F7F7F7; border: 0px #F0F0F0 solid; padding:0px 4px 0px 4px" class="hierarchy"><span style="opacity: 0.5">Extension</span><br/><span style="font-weight:bold">Slice: </span>Unordered, Open by value:url</td></tr>
<tr style="border: 0px #F0F0F0 solid; padding:0px; vertical-align: top; background-color: white"><td style="vertical-align: top; text-align : left; background-color: white; border: 0px #F0F0F0 solid; padding:0px 4px 0px 4px; white-space: nowrap; background-image: url(tbl_bck10.png)" class="hierarchy"><img src="tbl_spacer.png" alt="." style="background-color: inherit" class="hierarchy"/><img src="tbl_vjoin.png" alt="." style="background-color: inherit" class="hierarchy"/><img src="icon_element.gif" alt="." style="background-color: white; background-color: inherit" title="Element" class="hierarchy"/> <a href="StructureDefinition-VACoverage-definitions.html#Coverage.subscriberId" title="Enter the Subscriber's Primary ID number.  This number is assigned by the payer and can be found on the subscriber's insurance card.   This field is scheduled for deletion in May 2015.">subscriberId</a><a name="Coverage.subscriberId"> </a></td><td style="vertical-align: top; text-align : left; background-color: white; border: 0px #F0F0F0 solid; padding:0px 4px 0px 4px" class="hierarchy"><span style="padding-left: 3px; padding-right: 3px; color: white; background-color: red" title="This element must be supported">S</span></td><td style="vertical-align: top; text-align : left; background-color: white; border: 0px #F0F0F0 solid; padding:0px 4px 0px 4px" class="hierarchy"><span style="opacity: 0.5">0</span><span style="opacity: 0.5">..</span><span style="opacity: 0.5">1</span></td><td style="vertical-align: top; text-align : left; background-color: white; border: 0px #F0F0F0 solid; padding:0px 4px 0px 4px" class="hierarchy"><a style="opacity: 0.5" href="http://hl7.org/fhir/STU3/datatypes.html#string">string</a></td><td style="vertical-align: top; text-align : left; background-color: white; border: 0px #F0F0F0 solid; padding:0px 4px 0px 4px" class="hierarchy">Health Plans and Insurance</td></tr>
<tr style="border: 0px #F0F0F0 solid; padding:0px; vertical-align: top; background-color: #F7F7F7"><td style="vertical-align: top; text-align : left; background-color: #F7F7F7; border: 0px #F0F0F0 solid; padding:0px 4px 0px 4px; white-space: nowrap; background-image: url(tbl_bck11.png)" class="hierarchy"><img src="tbl_spacer.png" alt="." style="background-color: inherit" class="hierarchy"/><img src="tbl_vjoin.png" alt="." style="background-color: inherit" class="hierarchy"/><img src="icon_element.gif" alt="." style="background-color: #F7F7F7; background-color: inherit" title="Element" class="hierarchy"/> <a href="StructureDefinition-VACoverage-definitions.html#Coverage.relationship">relationship</a><a name="Coverage.relationship"> </a></td><td style="vertical-align: top; text-align : left; background-color: #F7F7F7; border: 0px #F0F0F0 solid; padding:0px 4px 0px 4px" class="hierarchy"/><td style="vertical-align: top; text-align : left; background-color: #F7F7F7; border: 0px #F0F0F0 solid; padding:0px 4px 0px 4px" class="hierarchy"/><td style="vertical-align: top; text-align : left; background-color: #F7F7F7; border: 0px #F0F0F0 solid; padding:0px 4px 0px 4px" class="hierarchy"/><td style="vertical-align: top; text-align : left; background-color: #F7F7F7; border: 0px #F0F0F0 solid; padding:0px 4px 0px 4px" class="hierarchy"/></tr>
<tr style="border: 0px #F0F0F0 solid; padding:0px; vertical-align: top; background-color: white"><td style="vertical-align: top; text-align : left; background-color: white; border: 0px #F0F0F0 solid; padding:0px 4px 0px 4px; white-space: nowrap; background-image: url(tbl_bck101.png)" class="hierarchy"><img src="tbl_spacer.png" alt="." style="background-color: inherit" class="hierarchy"/><img src="tbl_vline.png" alt="." style="background-color: inherit" class="hierarchy"/><img src="tbl_vjoin_end.png" alt="." style="background-color: inherit" class="hierarchy"/><img src="icon_element.gif" alt="." style="background-color: white; background-color: inherit" title="Element" class="hierarchy"/> <a href="StructureDefinition-VACoverage-definitions.html#Coverage.relationship.coding">coding</a><a name="Coverage.relationship.coding"> </a></td><td style="vertical-align: top; text-align : left; background-color: white; border: 0px #F0F0F0 solid; padding:0px 4px 0px 4px" class="hierarchy"/><td style="vertical-align: top; text-align : left; background-color: white; border: 0px #F0F0F0 solid; padding:0px 4px 0px 4px" class="hierarchy"/><td style="vertical-align: top; text-align : left; background-color: white; border: 0px #F0F0F0 solid; padding:0px 4px 0px 4px" class="hierarchy"/><td style="vertical-align: top; text-align : left; background-color: white; border: 0px #F0F0F0 solid; padding:0px 4px 0px 4px" class="hierarchy"/></tr>
<tr style="border: 0px #F0F0F0 solid; padding:0px; vertical-align: top; background-color: #F7F7F7"><td style="vertical-align: top; text-align : left; background-color: #F7F7F7; border: 0px #F0F0F0 solid; padding:0px 4px 0px 4px; white-space: nowrap; background-image: url(tbl_bck1010.png)" class="hierarchy"><img src="tbl_spacer.png" alt="." style="background-color: inherit" class="hierarchy"/><img src="tbl_vline.png" alt="." style="background-color: inherit" class="hierarchy"/><img src="tbl_blank.png" alt="." style="background-color: inherit" class="hierarchy"/><img src="tbl_vjoin.png" alt="." style="background-color: inherit" class="hierarchy"/><img src="icon_element.gif" alt="." style="background-color: #F7F7F7; background-color: inherit" title="Element" class="hierarchy"/> <a href="StructureDefinition-VACoverage-definitions.html#Coverage.relationship.coding.system">system</a><a name="Coverage.relationship.coding.system"> </a></td><td style="vertical-align: top; text-align : left; background-color: #F7F7F7; border: 0px #F0F0F0 solid; padding:0px 4px 0px 4px" class="hierarchy"><span style="padding-left: 3px; padding-right: 3px; color: white; background-color: red" title="This element must be supported">S</span></td><td style="vertical-align: top; text-align : left; background-color: #F7F7F7; border: 0px #F0F0F0 solid; padding:0px 4px 0px 4px" class="hierarchy"><span style="opacity: 0.5">0</span><span style="opacity: 0.5">..</span><span style="opacity: 0.5">1</span></td><td style="vertical-align: top; text-align : left; background-color: #F7F7F7; border: 0px #F0F0F0 solid; padding:0px 4px 0px 4px" class="hierarchy"><a style="opacity: 0.5" href="http://hl7.org/fhir/STU3/datatypes.html#uri">uri</a></td><td style="vertical-align: top; text-align : left; background-color: #F7F7F7; border: 0px #F0F0F0 solid; padding:0px 4px 0px 4px" class="hierarchy"><span style="opacity: 0.5">Identity of the terminology system</span><br/><span style="font-weight:bold">Fixed Value: </span><span style="color: darkgreen">http://va.gov/Terminology/VistaDefinedTerms/2.312-6</span></td></tr>
<tr style="border: 0px #F0F0F0 solid; padding:0px; vertical-align: top; background-color: white"><td style="vertical-align: top; text-align : left; background-color: white; border: 0px #F0F0F0 solid; padding:0px 4px 0px 4px; white-space: nowrap; background-image: url(tbl_bck1000.png)" class="hierarchy"><img src="tbl_spacer.png" alt="." style="background-color: inherit" class="hierarchy"/><img src="tbl_vline.png" alt="." style="background-color: inherit" class="hierarchy"/><img src="tbl_blank.png" alt="." style="background-color: inherit" class="hierarchy"/><img src="tbl_vjoin_end.png" alt="." style="background-color: inherit" class="hierarchy"/><img src="icon_element.gif" alt="." style="background-color: white; background-color: inherit" title="Element" class="hierarchy"/> <a href="StructureDefinition-VACoverage-definitions.html#Coverage.relationship.coding.code" title="Enter 'v' if this insurance policy is held by the veteran (applicant), 's' if the veteran is married and the spouse holds the policy, or 'o' if someone other than the veteran or his/her spouse hold the policy, i.e., employer.">code</a><a name="Coverage.relationship.coding.code"> </a></td><td style="vertical-align: top; text-align : left; background-color: white; border: 0px #F0F0F0 solid; padding:0px 4px 0px 4px" class="hierarchy"><span style="padding-left: 3px; padding-right: 3px; color: white; background-color: red" title="This element must be supported">S</span></td><td style="vertical-align: top; text-align : left; background-color: white; border: 0px #F0F0F0 solid; padding:0px 4px 0px 4px" class="hierarchy"><span style="opacity: 0.5">0</span><span style="opacity: 0.5">..</span><span style="opacity: 0.5">1</span></td><td style="vertical-align: top; text-align : left; background-color: white; border: 0px #F0F0F0 solid; padding:0px 4px 0px 4px" class="hierarchy"><a style="opacity: 0.5" href="http://hl7.org/fhir/STU3/datatypes.html#code">code</a></td><td style="vertical-align: top; text-align : left; background-color: white; border: 0px #F0F0F0 solid; padding:0px 4px 0px 4px" class="hierarchy">Health Plans and Insurance</td></tr>
<tr style="border: 0px #F0F0F0 solid; padding:0px; vertical-align: top; background-color: #F7F7F7"><td style="vertical-align: top; text-align : left; background-color: #F7F7F7; border: 0px #F0F0F0 solid; padding:0px 4px 0px 4px; white-space: nowrap; background-image: url(tbl_bck11.png)" class="hierarchy"><img src="tbl_spacer.png" alt="." style="background-color: inherit" class="hierarchy"/><img src="tbl_vjoin.png" alt="." style="background-color: inherit" class="hierarchy"/><img src="icon_element.gif" alt="." style="background-color: #F7F7F7; background-color: inherit" title="Element" class="hierarchy"/> <a href="StructureDefinition-VACoverage-definitions.html#Coverage.period">period</a><a name="Coverage.period"> </a></td><td style="vertical-align: top; text-align : left; background-color: #F7F7F7; border: 0px #F0F0F0 solid; padding:0px 4px 0px 4px" class="hierarchy"/><td style="vertical-align: top; text-align : left; background-color: #F7F7F7; border: 0px #F0F0F0 solid; padding:0px 4px 0px 4px" class="hierarchy"/><td style="vertical-align: top; text-align : left; background-color: #F7F7F7; border: 0px #F0F0F0 solid; padding:0px 4px 0px 4px" class="hierarchy"/><td style="vertical-align: top; text-align : left; background-color: #F7F7F7; border: 0px #F0F0F0 solid; padding:0px 4px 0px 4px" class="hierarchy"/></tr>
<tr style="border: 0px #F0F0F0 solid; padding:0px; vertical-align: top; background-color: white"><td style="vertical-align: top; text-align : left; background-color: white; border: 0px #F0F0F0 solid; padding:0px 4px 0px 4px; white-space: nowrap; background-image: url(tbl_bck110.png)" class="hierarchy"><img src="tbl_spacer.png" alt="." style="background-color: inherit" class="hierarchy"/><img src="tbl_vline.png" alt="." style="background-color: inherit" class="hierarchy"/><img src="tbl_vjoin.png" alt="." style="background-color: inherit" class="hierarchy"/><img src="icon_element.gif" alt="." style="background-color: white; background-color: inherit" title="Element" class="hierarchy"/> <a href="StructureDefinition-VACoverage-definitions.html#Coverage.period.start" title="Enter the date that this insurance policy initially went into effect (the date the patient acquired this policy).">start</a><a name="Coverage.period.start"> </a></td><td style="vertical-align: top; text-align : left; background-color: white; border: 0px #F0F0F0 solid; padding:0px 4px 0px 4px" class="hierarchy"><span style="padding-left: 3px; padding-right: 3px; color: white; background-color: red" title="This element must be supported">S</span></td><td style="vertical-align: top; text-align : left; background-color: white; border: 0px #F0F0F0 solid; padding:0px 4px 0px 4px" class="hierarchy"><span style="opacity: 0.5">0</span><span style="opacity: 0.5">..</span><span style="opacity: 0.5">1</span></td><td style="vertical-align: top; text-align : left; background-color: white; border: 0px #F0F0F0 solid; padding:0px 4px 0px 4px" class="hierarchy"><a style="opacity: 0.5" href="http://hl7.org/fhir/STU3/datatypes.html#dateTime">dateTime</a></td><td style="vertical-align: top; text-align : left; background-color: white; border: 0px #F0F0F0 solid; padding:0px 4px 0px 4px" class="hierarchy">Health Plans and Insurance</td></tr>
<tr style="border: 0px #F0F0F0 solid; padding:0px; vertical-align: top; background-color: #F7F7F7"><td style="vertical-align: top; text-align : left; background-color: #F7F7F7; border: 0px #F0F0F0 solid; padding:0px 4px 0px 4px; white-space: nowrap; background-image: url(tbl_bck100.png)" class="hierarchy"><img src="tbl_spacer.png" alt="." style="background-color: inherit" class="hierarchy"/><img src="tbl_vline.png" alt="." style="background-color: inherit" class="hierarchy"/><img src="tbl_vjoin_end.png" alt="." style="background-color: inherit" class="hierarchy"/><img src="icon_element.gif" alt="." style="background-color: #F7F7F7; background-color: inherit" title="Element" class="hierarchy"/> <a href="StructureDefinition-VACoverage-definitions.html#Coverage.period.end" title="If this insurance policy under which this applicant is covered expires on a specified date enter that date, otherwise, leave this field blank.">end</a><a name="Coverage.period.end"> </a></td><td style="vertical-align: top; text-align : left; background-color: #F7F7F7; border: 0px #F0F0F0 solid; padding:0px 4px 0px 4px" class="hierarchy"><span style="padding-left: 3px; padding-right: 3px; color: white; background-color: red" title="This element must be supported">S</span></td><td style="vertical-align: top; text-align : left; background-color: #F7F7F7; border: 0px #F0F0F0 solid; padding:0px 4px 0px 4px" class="hierarchy"><span style="opacity: 0.5">0</span><span style="opacity: 0.5">..</span><span style="opacity: 0.5">1</span></td><td style="vertical-align: top; text-align : left; background-color: #F7F7F7; border: 0px #F0F0F0 solid; padding:0px 4px 0px 4px" class="hierarchy"><a style="opacity: 0.5" href="http://hl7.org/fhir/STU3/datatypes.html#dateTime">dateTime</a></td><td style="vertical-align: top; text-align : left; background-color: #F7F7F7; border: 0px #F0F0F0 solid; padding:0px 4px 0px 4px" class="hierarchy">Health Plans and Insurance</td></tr>
<tr style="border: 0px #F0F0F0 solid; padding:0px; vertical-align: top; background-color: white"><td style="vertical-align: top; text-align : left; background-color: white; border: 0px #F0F0F0 solid; padding:0px 4px 0px 4px; white-space: nowrap; background-image: url(tbl_bck10.png)" class="hierarchy"><img src="tbl_spacer.png" alt="." style="background-color: inherit" class="hierarchy"/><img src="tbl_vjoin.png" alt="." style="background-color: inherit" class="hierarchy"/><img src="icon_element.gif" alt="." style="background-color: white; background-color: inherit" title="Element" class="hierarchy"/> <a href="StructureDefinition-VACoverage-definitions.html#Coverage.payor" title="Choose from the available listing the name(s) of the insurance company(ies) under which this applicant is covered.">payor</a><a name="Coverage.payor"> </a></td><td style="vertical-align: top; text-align : left; background-color: white; border: 0px #F0F0F0 solid; padding:0px 4px 0px 4px" class="hierarchy"><span style="padding-left: 3px; padding-right: 3px; color: white; background-color: red" title="This element must be supported">S</span></td><td style="vertical-align: top; text-align : left; background-color: white; border: 0px #F0F0F0 solid; padding:0px 4px 0px 4px" class="hierarchy"><span style="opacity: 0.5">0</span><span style="opacity: 0.5">..</span><span style="opacity: 0.5">*</span></td><td style="vertical-align: top; text-align : left; background-color: white; border: 0px #F0F0F0 solid; padding:0px 4px 0px 4px" class="hierarchy"><a href="http://hl7.org/fhir/STU3/references.html">Reference</a>(<a style="opacity: 0.5" href="http://hl7.org/fhir/STU3/organization.html">Organization</a> | <a style="opacity: 0.5" href="http://hl7.org/fhir/STU3/patient.html">Patient</a> | <a style="opacity: 0.5" href="http://hl7.org/fhir/STU3/relatedperson.html">RelatedPerson</a>)</td><td style="vertical-align: top; text-align : left; background-color: white; border: 0px #F0F0F0 solid; padding:0px 4px 0px 4px" class="hierarchy">Health Plans and Insurance</td></tr>
<tr style="border: 0px #F0F0F0 solid; padding:0px; vertical-align: top; background-color: #F7F7F7"><td style="vertical-align: top; text-align : left; background-color: #F7F7F7; border: 0px #F0F0F0 solid; padding:0px 4px 0px 4px; white-space: nowrap; background-image: url(tbl_bck01.png)" class="hierarchy"><img src="tbl_spacer.png" alt="." style="background-color: inherit" class="hierarchy"/><img src="tbl_vjoin_end.png" alt="." style="background-color: inherit" class="hierarchy"/><img src="icon_element.gif" alt="." style="background-color: #F7F7F7; background-color: inherit" title="Element" class="hierarchy"/> <a href="StructureDefinition-VACoverage-definitions.html#Coverage.grouping">grouping</a><a name="Coverage.grouping"> </a></td><td style="vertical-align: top; text-align : left; background-color: #F7F7F7; border: 0px #F0F0F0 solid; padding:0px 4px 0px 4px" class="hierarchy"/><td style="vertical-align: top; text-align : left; background-color: #F7F7F7; border: 0px #F0F0F0 solid; padding:0px 4px 0px 4px" class="hierarchy"/><td style="vertical-align: top; text-align : left; background-color: #F7F7F7; border: 0px #F0F0F0 solid; padding:0px 4px 0px 4px" class="hierarchy"/><td style="vertical-align: top; text-align : left; background-color: #F7F7F7; border: 0px #F0F0F0 solid; padding:0px 4px 0px 4px" class="hierarchy"/></tr>
<tr style="border: 0px #F0F0F0 solid; padding:0px; vertical-align: top; background-color: white"><td style="vertical-align: top; text-align : left; background-color: white; border: 0px #F0F0F0 solid; padding:0px 4px 0px 4px; white-space: nowrap; background-image: url(tbl_bck010.png)" class="hierarchy"><img src="tbl_spacer.png" alt="." style="background-color: inherit" class="hierarchy"/><img src="tbl_blank.png" alt="." style="background-color: inherit" class="hierarchy"/><img src="tbl_vjoin.png" alt="." style="background-color: inherit" class="hierarchy"/><img src="icon_element.gif" alt="." style="background-color: white; background-color: inherit" title="Element" class="hierarchy"/> <a href="StructureDefinition-VACoverage-definitions.html#Coverage.grouping.plan" title="This field contains the Health Benefit Plan that is assigned to a patient.">plan</a><a name="Coverage.grouping.plan"> </a></td><td style="vertical-align: top; text-align : left; background-color: white; border: 0px #F0F0F0 solid; padding:0px 4px 0px 4px" class="hierarchy"><span style="padding-left: 3px; padding-right: 3px; color: white; background-color: red" title="This element must be supported">S</span></td><td style="vertical-align: top; text-align : left; background-color: white; border: 0px #F0F0F0 solid; padding:0px 4px 0px 4px" class="hierarchy"/><td style="vertical-align: top; text-align : left; background-color: white; border: 0px #F0F0F0 solid; padding:0px 4px 0px 4px" class="hierarchy"/><td style="vertical-align: top; text-align : left; background-color: white; border: 0px #F0F0F0 solid; padding:0px 4px 0px 4px" class="hierarchy">Health Plans and Insurance</td></tr>
<tr style="border: 0px #F0F0F0 solid; padding:0px; vertical-align: top; background-color: #F7F7F7"><td style="vertical-align: top; text-align : left; background-color: #F7F7F7; border: 0px #F0F0F0 solid; padding:0px 4px 0px 4px; white-space: nowrap; background-image: url(tbl_bck000.png)" class="hierarchy"><img src="tbl_spacer.png" alt="." style="background-color: inherit" class="hierarchy"/><img src="tbl_blank.png" alt="." style="background-color: inherit" class="hierarchy"/><img src="tbl_vjoin_end.png" alt="." style="background-color: inherit" class="hierarchy"/><img src="icon_element.gif" alt="." style="background-color: #F7F7F7; background-color: inherit" title="Element" class="hierarchy"/> <a href="StructureDefinition-VACoverage-definitions.html#Coverage.grouping.group" title="Enter any other appropriate number which identifies this policy, i.e., group number/code, under which this applicant is covered.  Answer must be between 1 and 17 characters.   This field is moved to the HEALTH INSURANCE POLICY file (355.3) beginning with IB v2.0.  It will be deleted with the first release 18 months after the release of IB V2.">group</a><a name="Coverage.grouping.group"> </a></td><td style="vertical-align: top; text-align : left; background-color: #F7F7F7; border: 0px #F0F0F0 solid; padding:0px 4px 0px 4px" class="hierarchy"><span style="padding-left: 3px; padding-right: 3px; color: white; background-color: red" title="This element must be supported">S</span></td><td style="vertical-align: top; text-align : left; background-color: #F7F7F7; border: 0px #F0F0F0 solid; padding:0px 4px 0px 4px" class="hierarchy"><span style="opacity: 0.5">0</span><span style="opacity: 0.5">..</span><span style="opacity: 0.5">1</span></td><td style="vertical-align: top; text-align : left; background-color: #F7F7F7; border: 0px #F0F0F0 solid; padding:0px 4px 0px 4px" class="hierarchy"><a style="opacity: 0.5" href="http://hl7.org/fhir/STU3/datatypes.html#string">string</a></td><td style="vertical-align: top; text-align : left; background-color: #F7F7F7; border: 0px #F0F0F0 solid; padding:0px 4px 0px 4px" class="hierarchy">Health Plans and Insurance</td></tr>
<tr><td colspan="5" class="hierarchy"><br/><a href="http://hl7.org/fhir/STU3/formats.html#table" title="Legend for this format"><img src="http://hl7.org/fhir/STU3/help16.png" alt="doco" style="background-color: inherit"/> Documentation for this format</a></td></tr></table></div>
  </text>
  <url value="http://va.gov/fhir/us/vha-ampl-ig/StructureDefinition/VACoverage"/>
  <version value="0.0.64"/>
  <name value="VACoverage"/>
  <status value="draft"/>
  <date value="2021-03-12T16:05:11.288Z"/>
  <publisher value="JPSys"/>
  <contact>
    <telecom>
      <system value="other"/>
      <value value="https://jpsys.com"/>
    </telecom>
  </contact>
  <jurisdiction>
    <coding>
      <system value="http://unstats.un.org/unsd/methods/m49/m49.htm"/>
      <code value="840"/>
    </coding>
  </jurisdiction>
  <fhirVersion value="3.0.2"/>
  <mapping>
    <identity value="vista"/>
    <uri value="http://va.gov/vista/"/>
    <name value="VistA"/>
  </mapping>
  <mapping>
    <identity value="workflow"/>
    <uri value="http://hl7.org/fhir/workflow"/>
    <name value="Workflow Mapping"/>
  </mapping>
  <mapping>
    <identity value="rim"/>
    <uri value="http://hl7.org/v3"/>
    <name value="RIM Mapping"/>
  </mapping>
  <mapping>
    <identity value="w5"/>
    <uri value="http://hl7.org/fhir/w5"/>
    <name value="W5 Mapping"/>
  </mapping>
  <mapping>
    <identity value="cdanetv4"/>
    <uri value="http://www.cda-adc.ca/en/services/cdanet/"/>
    <name value="Canadian Dental Association eclaims standard"/>
  </mapping>
  <mapping>
    <identity value="v2"/>
    <uri value="http://hl7.org/v2"/>
    <name value="HL7 v2 Mapping"/>
  </mapping>
  <mapping>
    <identity value="cpha3pharm"/>
    <uri value="http://www.pharmacists.ca/"/>
    <name value="Canadian Pharmacy Associaiton eclaims standard"/>
  </mapping>
  <kind value="resource"/>
  <abstract value="false"/>
  <type value="Coverage"/>
  <baseDefinition value="http://hl7.org/fhir/StructureDefinition/Coverage"/>
  <derivation value="constraint"/>
  <snapshot>
    <element id="Coverage">
      <path value="Coverage"/>
      <short value="Insurance or medical plan or a payment agreement"/>
      <definition value="Financial instrument which may be used to reimburse or pay for health care products and services."/>
      <min value="0"/>
      <max value="*"/>
      <base>
        <path value="Coverage"/>
        <min value="0"/>
        <max value="*"/>
      </base>
      <constraint>
        <key value="dom-2"/>
        <severity value="error"/>
        <human value="If the resource is contained in another resource, it SHALL NOT contain nested Resources"/>
        <expression value="contained.contained.empty()"/>
        <xpath value="not(parent::f:contained and f:contained)"/>
        <source value="http://hl7.org/fhir/StructureDefinition/DomainResource"/>
      </constraint>
      <constraint>
        <key value="dom-1"/>
        <severity value="error"/>
        <human value="If the resource is contained in another resource, it SHALL NOT contain any narrative"/>
        <expression value="contained.text.empty()"/>
        <xpath value="not(parent::f:contained and f:text)"/>
        <source value="http://hl7.org/fhir/StructureDefinition/DomainResource"/>
      </constraint>
      <constraint>
        <key value="dom-4"/>
        <severity value="error"/>
        <human value="If a resource is contained in another resource, it SHALL NOT have a meta.versionId or a meta.lastUpdated"/>
        <expression value="contained.meta.versionId.empty() and contained.meta.lastUpdated.empty()"/>
        <xpath value="not(exists(f:contained/*/f:meta/f:versionId)) and not(exists(f:contained/*/f:meta/f:lastUpdated))"/>
        <source value="http://hl7.org/fhir/StructureDefinition/DomainResource"/>
      </constraint>
      <constraint>
        <key value="dom-3"/>
        <severity value="error"/>
        <human value="If the resource is contained in another resource, it SHALL be referred to from elsewhere in the resource"/>
        <expression value="contained.where((&#39;#&#39;+id in %resource.descendants().reference).not()).empty()"/>
        <xpath value="not(exists(for $id in f:contained/*/@id return $id[not(ancestor::f:contained/parent::*/descendant::f:reference/@value=concat(&#39;#&#39;, $id))]))"/>
        <source value="http://hl7.org/fhir/StructureDefinition/DomainResource"/>
      </constraint>
      <mapping>
        <identity value="rim"/>
        <map value="Entity. Role, or Act"/>
      </mapping>
      <mapping>
        <identity value="workflow"/>
        <map value="Event"/>
      </mapping>
      <mapping>
        <identity value="rim"/>
        <map value="Coverage"/>
      </mapping>
      <mapping>
        <identity value="w5"/>
        <map value="financial.support"/>
      </mapping>
    </element>
    <element id="Coverage.id">
      <path value="Coverage.id"/>
      <short value="Logical id of this artifact"/>
      <definition value="The logical id of the resource, as used in the URL for the resource. Once assigned, this value never changes."/>
      <comment value="The only time that a resource does not have an id is when it is being submitted to the server using a create operation."/>
      <min value="0"/>
      <max value="1"/>
      <base>
        <path value="Resource.id"/>
        <min value="0"/>
        <max value="1"/>
      </base>
      <type>
        <code value="id"/>
      </type>
      <isSummary value="true"/>
    </element>
    <element id="Coverage.meta">
      <path value="Coverage.meta"/>
      <short value="Metadata about the resource"/>
      <definition value="The metadata about the resource. This is content that is maintained by the infrastructure. Changes to the content may not always be associated with version changes to the resource."/>
      <min value="0"/>
      <max value="1"/>
      <base>
        <path value="Resource.meta"/>
        <min value="0"/>
        <max value="1"/>
      </base>
      <type>
        <code value="Meta"/>
      </type>
      <isSummary value="true"/>
    </element>
    <element id="Coverage.implicitRules">
      <path value="Coverage.implicitRules"/>
      <short value="A set of rules under which this content was created"/>
      <definition value="A reference to a set of rules that were followed when the resource was constructed, and which must be understood when processing the content."/>
      <comment value="Asserting this rule set restricts the content to be only understood by a limited set of trading partners. This inherently limits the usefulness of the data in the long term. However, the existing health eco-system is highly fractured, and not yet ready to define, collect, and exchange data in a generally computable sense. Wherever possible, implementers and/or specification writers should avoid using this element. &#xA;&#xA;This element is labelled as a modifier because the implicit rules may provide additional knowledge about the resource that modifies it&#39;s meaning or interpretation."/>
      <min value="0"/>
      <max value="1"/>
      <base>
        <path value="Resource.implicitRules"/>
        <min value="0"/>
        <max value="1"/>
      </base>
      <type>
        <code value="uri"/>
      </type>
      <isModifier value="true"/>
      <isSummary value="true"/>
    </element>
    <element id="Coverage.language">
      <path value="Coverage.language"/>
      <short value="Language of the resource content"/>
      <definition value="The base language in which the resource is written."/>
      <comment value="Language is provided to support indexing and accessibility (typically, services such as text to speech use the language tag). The html language tag in the narrative applies  to the narrative. The language tag on the resource may be used to specify the language of other presentations generated from the data in the resource  Not all the content has to be in the base language. The Resource.language should not be assumed to apply to the narrative automatically. If a language is specified, it should it also be specified on the div element in the html (see rules in HTML5 for information about the relationship between xml:lang and the html lang attribute)."/>
      <min value="0"/>
      <max value="1"/>
      <base>
        <path value="Resource.language"/>
        <min value="0"/>
        <max value="1"/>
      </base>
      <type>
        <code value="code"/>
      </type>
      <binding>
        <extension url="http://hl7.org/fhir/StructureDefinition/elementdefinition-maxValueSet">
          <valueReference>
            <reference value="http://hl7.org/fhir/ValueSet/all-languages"/>
          </valueReference>
        </extension>
        <extension url="http://hl7.org/fhir/StructureDefinition/elementdefinition-bindingName">
          <valueString value="Language"/>
        </extension>
        <extension url="http://hl7.org/fhir/StructureDefinition/elementdefinition-isCommonBinding">
          <valueBoolean value="true"/>
        </extension>
        <strength value="extensible"/>
        <description value="A human language."/>
        <valueSetReference>
          <reference value="http://hl7.org/fhir/ValueSet/languages"/>
        </valueSetReference>
      </binding>
    </element>
    <element id="Coverage.text">
      <path value="Coverage.text"/>
      <short value="Text summary of the resource, for human interpretation"/>
      <definition value="A human-readable narrative that contains a summary of the resource, and may be used to represent the content of the resource to a human. The narrative need not encode all the structured data, but is required to contain sufficient detail to make it &quot;clinically safe&quot; for a human to just read the narrative. Resource definitions may define what content should be represented in the narrative to ensure clinical safety."/>
      <comment value="Contained resources do not have narrative. Resources that are not contained SHOULD have a narrative. In some cases, a resource may only have text with little or no additional discrete data (as long as all minOccurs=1 elements are satisfied).  This may be necessary for data from legacy systems where information is captured as a &quot;text blob&quot; or where text is additionally entered raw or narrated and encoded in formation is added later."/>
      <alias value="narrative"/>
      <alias value="html"/>
      <alias value="xhtml"/>
      <alias value="display"/>
      <min value="0"/>
      <max value="1"/>
      <base>
        <path value="DomainResource.text"/>
        <min value="0"/>
        <max value="1"/>
      </base>
      <type>
        <code value="Narrative"/>
      </type>
      <condition value="dom-1"/>
      <mapping>
        <identity value="rim"/>
        <map value="Act.text?"/>
      </mapping>
    </element>
    <element id="Coverage.contained">
      <path value="Coverage.contained"/>
      <short value="Contained, inline Resources"/>
      <definition value="These resources do not have an independent existence apart from the resource that contains them - they cannot be identified independently, and nor can they have their own independent transaction scope."/>
      <comment value="This should never be done when the content can be identified properly, as once identification is lost, it is extremely difficult (and context dependent) to restore it again."/>
      <alias value="inline resources"/>
      <alias value="anonymous resources"/>
      <alias value="contained resources"/>
      <min value="0"/>
      <max value="*"/>
      <base>
        <path value="DomainResource.contained"/>
        <min value="0"/>
        <max value="*"/>
      </base>
      <type>
        <code value="Resource"/>
      </type>
      <mapping>
        <identity value="rim"/>
        <map value="N/A"/>
      </mapping>
    </element>
    <element id="Coverage.extension">
      <path value="Coverage.extension"/>
      <slicing>
        <discriminator>
          <type value="value"/>
          <path value="url"/>
        </discriminator>
        <ordered value="false"/>
        <rules value="open"/>
      </slicing>
      <short value="Extension"/>
      <definition value="An Extension"/>
      <min value="0"/>
      <max value="*"/>
      <base>
        <path value="DomainResource.extension"/>
        <min value="0"/>
        <max value="*"/>
      </base>
      <type>
        <code value="Extension"/>
      </type>
    </element>
    <element id="Coverage.modifierExtension">
      <path value="Coverage.modifierExtension"/>
      <short value="Extensions that cannot be ignored"/>
      <definition value="May be used to represent additional information that is not part of the basic definition of the resource, and that modifies the understanding of the element that contains it. Usually modifier elements provide negation or qualification. In order to make the use of extensions safe and manageable, there is a strict set of governance applied to the definition and use of extensions. Though any implementer is allowed to define an extension, there is a set of requirements that SHALL be met as part of the definition of the extension. Applications processing a resource are required to check for modifier extensions."/>
      <comment value="There can be no stigma associated with the use of extensions by any application, project, or standard - regardless of the institution or jurisdiction that uses or defines the extensions.  The use of extensions is what allows the FHIR specification to retain a core level of simplicity for everyone."/>
      <alias value="extensions"/>
      <alias value="user content"/>
      <min value="0"/>
      <max value="*"/>
      <base>
        <path value="DomainResource.modifierExtension"/>
        <min value="0"/>
        <max value="*"/>
      </base>
      <type>
        <code value="Extension"/>
      </type>
      <isModifier value="true"/>
      <mapping>
        <identity value="rim"/>
        <map value="N/A"/>
      </mapping>
    </element>
    <element id="Coverage.identifier">
      <path value="Coverage.identifier"/>
      <short value="The primary coverage ID"/>
      <definition value="The main (and possibly only) identifier for the coverage - often referred to as a Member Id, Certificate number, Personal Health Number or Case ID. May be constructed as the concatination of the Coverage.SubscriberID and the Coverage.dependant."/>
      <requirements value="This value may uniquely identify the coverage or it may be used in conjunction with the additional identifiers below."/>
      <min value="0"/>
      <max value="*"/>
      <base>
        <path value="Coverage.identifier"/>
        <min value="0"/>
        <max value="*"/>
      </base>
      <type>
        <code value="Identifier"/>
      </type>
      <isSummary value="true"/>
      <mapping>
        <identity value="workflow"/>
        <map value="Event.identifier"/>
      </mapping>
      <mapping>
        <identity value="cdanetv4"/>
        <map value="C02"/>
      </mapping>
      <mapping>
        <identity value="v2"/>
        <map value="IN1-2"/>
      </mapping>
      <mapping>
        <identity value="cpha3pharm"/>
        <map value="C.32, C.33, C.39"/>
      </mapping>
      <mapping>
        <identity value="w5"/>
        <map value="id"/>
      </mapping>
    </element>
    <element id="Coverage.status">
      <path value="Coverage.status"/>
      <short value="active | cancelled | draft | entered-in-error"/>
      <definition value="The status of the resource instance."/>
      <comment value="This element is labeled as a modifier because the status contains the code entered-in-error that marks the coverage as not currently valid."/>
      <min value="0"/>
      <max value="1"/>
      <base>
        <path value="Coverage.status"/>
        <min value="0"/>
        <max value="1"/>
      </base>
      <type>
        <code value="code"/>
      </type>
      <isModifier value="true"/>
      <isSummary value="true"/>
      <binding>
        <extension url="http://hl7.org/fhir/StructureDefinition/elementdefinition-bindingName">
          <valueString value="CoverageStatus"/>
        </extension>
        <strength value="required"/>
        <description value="A code specifying the state of the resource instance."/>
        <valueSetReference>
          <reference value="http://hl7.org/fhir/ValueSet/fm-status"/>
        </valueSetReference>
      </binding>
      <mapping>
        <identity value="workflow"/>
        <map value="Event.status"/>
      </mapping>
      <mapping>
        <identity value="w5"/>
        <map value="status"/>
      </mapping>
    </element>
    <element id="Coverage.type">
      <path value="Coverage.type"/>
      <short value="Type of coverage such as medical or accident"/>
      <definition value="The type of coverage: social program, medical plan, accident coverage (workers compensation, auto), group health or payment by an individual or organization."/>
      <requirements value="The order of application of coverages is dependent on the types of coverage."/>
      <min value="0"/>
      <max value="1"/>
      <base>
        <path value="Coverage.type"/>
        <min value="0"/>
        <max value="1"/>
      </base>
      <type>
        <code value="CodeableConcept"/>
      </type>
      <isSummary value="true"/>
      <binding>
        <extension url="http://hl7.org/fhir/StructureDefinition/elementdefinition-bindingName">
          <valueString value="CoverageType"/>
        </extension>
        <strength value="preferred"/>
        <description value="The type of insurance: public health, worker compensation; private accident, auto, private health, etc.) or a direct payment by an individual or organization."/>
        <valueSetReference>
          <reference value="http://hl7.org/fhir/ValueSet/coverage-type"/>
        </valueSetReference>
      </binding>
      <mapping>
        <identity value="v2"/>
        <map value="IN1-15"/>
      </mapping>
      <mapping>
        <identity value="w5"/>
        <map value="class"/>
      </mapping>
    </element>
    <element id="Coverage.policyHolder">
      <path value="Coverage.policyHolder"/>
      <short value="Owner of the policy"/>
      <definition value="The party who &#39;owns&#39; the insurance policy,  may be an individual, corporation or the subscriber&#39;s employer."/>
      <min value="0"/>
      <max value="1"/>
      <base>
        <path value="Coverage.policyHolder"/>
        <min value="0"/>
        <max value="1"/>
      </base>
      <type>
        <code value="Reference"/>
        <targetProfile value="http://hl7.org/fhir/StructureDefinition/Patient"/>
      </type>
      <type>
        <code value="Reference"/>
        <targetProfile value="http://hl7.org/fhir/StructureDefinition/RelatedPerson"/>
      </type>
      <type>
        <code value="Reference"/>
        <targetProfile value="http://hl7.org/fhir/StructureDefinition/Organization"/>
      </type>
      <isSummary value="true"/>
      <mapping>
        <identity value="cdanetv4"/>
        <map value="D01 through D09"/>
      </mapping>
      <mapping>
        <identity value="v2"/>
        <map value="IN1-16, 18,  19-name of insured, address, date of birth"/>
      </mapping>
      <mapping>
        <identity value="cpha3pharm"/>
        <map value="C.35"/>
      </mapping>
      <mapping>
        <identity value="w5"/>
        <map value="who.focus"/>
      </mapping>
    </element>
    <element id="Coverage.subscriber">
      <path value="Coverage.subscriber"/>
      <short value="Subscriber to the policy"/>
      <definition value="The party who has signed-up for or &#39;owns&#39; the contractual relationship to the policy or to whom the benefit of the policy for services rendered to them or their family is due."/>
      <min value="0"/>
      <max value="1"/>
      <base>
        <path value="Coverage.subscriber"/>
        <min value="0"/>
        <max value="1"/>
      </base>
      <type>
        <code value="Reference"/>
        <targetProfile value="http://hl7.org/fhir/StructureDefinition/Patient"/>
      </type>
      <type>
        <code value="Reference"/>
        <targetProfile value="http://hl7.org/fhir/StructureDefinition/RelatedPerson"/>
      </type>
      <isSummary value="true"/>
      <mapping>
        <identity value="cdanetv4"/>
        <map value="D01 through D09"/>
      </mapping>
      <mapping>
        <identity value="v2"/>
        <map value="IN1-16, 18,  19-name of insured, address, date of birth"/>
      </mapping>
      <mapping>
        <identity value="cpha3pharm"/>
        <map value="C.35"/>
      </mapping>
      <mapping>
        <identity value="w5"/>
        <map value="who.focus"/>
      </mapping>
    </element>
    <element id="Coverage.subscriberId">
      <path value="Coverage.subscriberId"/>
      <label value="Subscriber ID"/>
      <short value="Health Plans and Insurance"/>
      <definition value="Enter the Subscriber&#39;s Primary ID number.  This number is assigned by the payer and can be found on the subscriber&#39;s insurance card.   This field is scheduled for deletion in May 2015."/>
      <min value="0"/>
      <max value="1"/>
      <base>
        <path value="Coverage.subscriberId"/>
        <min value="0"/>
        <max value="1"/>
      </base>
      <type>
        <code value="string"/>
      </type>
      <mustSupport value="true"/>
      <isSummary value="true"/>
      <mapping>
        <identity value="cdanetv4"/>
        <map value="D01 through D09"/>
      </mapping>
      <mapping>
        <identity value="v2"/>
        <map value="IN1-16, 18,  19-name of insured, address, date of birth"/>
      </mapping>
      <mapping>
        <identity value="cpha3pharm"/>
        <map value="C.35"/>
      </mapping>
      <mapping>
        <identity value="w5"/>
        <map value="who.focus"/>
      </mapping>
      <mapping>
        <identity value="vista"/>
        <map value="INSURANCE TYPE @Subscriber ID  2.312-1"/>
      </mapping>
    </element>
    <element id="Coverage.beneficiary">
      <path value="Coverage.beneficiary"/>
      <short value="Plan Beneficiary"/>
      <definition value="The party who benefits from the insurance coverage., the patient when services are provided."/>
      <min value="0"/>
      <max value="1"/>
      <base>
        <path value="Coverage.beneficiary"/>
        <min value="0"/>
        <max value="1"/>
      </base>
      <type>
        <code value="Reference"/>
        <targetProfile value="http://hl7.org/fhir/StructureDefinition/Patient"/>
      </type>
      <isSummary value="true"/>
      <mapping>
        <identity value="workflow"/>
        <map value="Event.subject"/>
      </mapping>
      <mapping>
        <identity value="cdanetv4"/>
        <map value="D01 through D09"/>
      </mapping>
      <mapping>
        <identity value="v2"/>
        <map value="IN1-16, 18,  19-name of insured, address, date of birth"/>
      </mapping>
      <mapping>
        <identity value="cpha3pharm"/>
        <map value="C.35"/>
      </mapping>
      <mapping>
        <identity value="w5"/>
        <map value="who.focus"/>
      </mapping>
    </element>
    <element id="Coverage.relationship">
      <path value="Coverage.relationship"/>
      <short value="Beneficiary relationship to the Subscriber"/>
      <definition value="The relationship of beneficiary (patient) to the subscriber."/>
      <requirements value="To determine relationship between the patient and the subscriber."/>
      <min value="0"/>
      <max value="1"/>
      <base>
        <path value="Coverage.relationship"/>
        <min value="0"/>
        <max value="1"/>
      </base>
      <type>
        <code value="CodeableConcept"/>
      </type>
      <binding>
        <extension url="http://hl7.org/fhir/StructureDefinition/elementdefinition-bindingName">
          <valueString value="Relationship"/>
        </extension>
        <strength value="example"/>
        <description value="The relationship between the Policyholder and the Beneficiary (insured/covered party/patient)."/>
        <valueSetReference>
          <reference value="http://hl7.org/fhir/ValueSet/policyholder-relationship"/>
        </valueSetReference>
      </binding>
      <mapping>
        <identity value="cdanetv4"/>
        <map value="C03"/>
      </mapping>
    </element>
    <element id="Coverage.relationship.id">
      <path value="Coverage.relationship.id"/>
      <representation value="xmlAttr"/>
      <short value="xml:id (or equivalent in JSON)"/>
      <definition value="unique id for the element within a resource (for internal references). This may be any string value that does not contain spaces."/>
      <min value="0"/>
      <max value="1"/>
      <base>
        <path value="Element.id"/>
        <min value="0"/>
        <max value="1"/>
      </base>
      <type>
        <code value="string"/>
      </type>
      <mapping>
        <identity value="rim"/>
        <map value="n/a"/>
      </mapping>
    </element>
    <element id="Coverage.relationship.extension">
      <path value="Coverage.relationship.extension"/>
      <slicing>
        <discriminator>
          <type value="value"/>
          <path value="url"/>
        </discriminator>
        <description value="Extensions are always sliced by (at least) url"/>
        <rules value="open"/>
      </slicing>
      <short value="Additional Content defined by implementations"/>
      <definition value="May be used to represent additional information that is not part of the basic definition of the element. In order to make the use of extensions safe and manageable, there is a strict set of governance  applied to the definition and use of extensions. Though any implementer is allowed to define an extension, there is a set of requirements that SHALL be met as part of the definition of the extension."/>
      <comment value="There can be no stigma associated with the use of extensions by any application, project, or standard - regardless of the institution or jurisdiction that uses or defines the extensions.  The use of extensions is what allows the FHIR specification to retain a core level of simplicity for everyone."/>
      <alias value="extensions"/>
      <alias value="user content"/>
      <min value="0"/>
      <max value="*"/>
      <base>
        <path value="Element.extension"/>
        <min value="0"/>
        <max value="*"/>
      </base>
      <type>
        <code value="Extension"/>
      </type>
      <mapping>
        <identity value="rim"/>
        <map value="n/a"/>
      </mapping>
    </element>
    <element id="Coverage.relationship.coding">
      <path value="Coverage.relationship.coding"/>
      <short value="Code defined by a terminology system"/>
      <definition value="A reference to a code defined by a terminology system."/>
      <comment value="Codes may be defined very casually in enumerations, or code lists, up to very formal definitions such as SNOMED CT - see the HL7 v3 Core Principles for more information.  Ordering of codings is undefined and SHALL NOT be used to infer meaning. Generally, at most only one of the coding values will be labeled as UserSelected = true."/>
      <requirements value="Allows for translations and alternate encodings within a code system.  Also supports communication of the same instance to systems requiring different encodings."/>
      <min value="0"/>
      <max value="*"/>
      <base>
        <path value="CodeableConcept.coding"/>
        <min value="0"/>
        <max value="*"/>
      </base>
      <type>
        <code value="Coding"/>
      </type>
      <isSummary value="true"/>
      <mapping>
        <identity value="v2"/>
        <map value="C*E.1-8, C*E.10-22"/>
      </mapping>
      <mapping>
        <identity value="rim"/>
        <map value="union(., ./translation)"/>
      </mapping>
      <mapping>
        <identity value="orim"/>
        <map value="fhir:CodeableConcept.coding rdfs:subPropertyOf dt:CD.coding"/>
      </mapping>
    </element>
    <element id="Coverage.relationship.coding.id">
      <path value="Coverage.relationship.coding.id"/>
      <representation value="xmlAttr"/>
      <short value="xml:id (or equivalent in JSON)"/>
      <definition value="unique id for the element within a resource (for internal references). This may be any string value that does not contain spaces."/>
      <min value="0"/>
      <max value="1"/>
      <base>
        <path value="Element.id"/>
        <min value="0"/>
        <max value="1"/>
      </base>
      <type>
        <code value="string"/>
      </type>
      <mapping>
        <identity value="rim"/>
        <map value="n/a"/>
      </mapping>
    </element>
    <element id="Coverage.relationship.coding.extension">
      <path value="Coverage.relationship.coding.extension"/>
      <slicing>
        <discriminator>
          <type value="value"/>
          <path value="url"/>
        </discriminator>
        <description value="Extensions are always sliced by (at least) url"/>
        <rules value="open"/>
      </slicing>
      <short value="Additional Content defined by implementations"/>
      <definition value="May be used to represent additional information that is not part of the basic definition of the element. In order to make the use of extensions safe and manageable, there is a strict set of governance  applied to the definition and use of extensions. Though any implementer is allowed to define an extension, there is a set of requirements that SHALL be met as part of the definition of the extension."/>
      <comment value="There can be no stigma associated with the use of extensions by any application, project, or standard - regardless of the institution or jurisdiction that uses or defines the extensions.  The use of extensions is what allows the FHIR specification to retain a core level of simplicity for everyone."/>
      <alias value="extensions"/>
      <alias value="user content"/>
      <min value="0"/>
      <max value="*"/>
      <base>
        <path value="Element.extension"/>
        <min value="0"/>
        <max value="*"/>
      </base>
      <type>
        <code value="Extension"/>
      </type>
      <mapping>
        <identity value="rim"/>
        <map value="n/a"/>
      </mapping>
    </element>
    <element id="Coverage.relationship.coding.system">
      <path value="Coverage.relationship.coding.system"/>
      <short value="Identity of the terminology system"/>
      <definition value="The identification of the code system that defines the meaning of the symbol in the code."/>
      <comment value="The URI may be an OID (urn:oid:...) or a UUID (urn:uuid:...).  OIDs and UUIDs SHALL be references to the HL7 OID registry. Otherwise, the URI should come from HL7&#39;s list of FHIR defined special URIs or it should de-reference to some definition that establish the system clearly and unambiguously."/>
      <requirements value="Need to be unambiguous about the source of the definition of the symbol."/>
      <min value="0"/>
      <max value="1"/>
      <base>
        <path value="Coding.system"/>
        <min value="0"/>
        <max value="1"/>
      </base>
      <type>
        <code value="uri"/>
      </type>
      <fixedUri value="http://va.gov/Terminology/VistaDefinedTerms/2.312-6"/>
      <mustSupport value="true"/>
      <isSummary value="true"/>
      <mapping>
        <identity value="v2"/>
        <map value="C*E.3"/>
      </mapping>
      <mapping>
        <identity value="rim"/>
        <map value="./codeSystem"/>
      </mapping>
      <mapping>
        <identity value="orim"/>
        <map value="fhir:Coding.system rdfs:subPropertyOf dt:CDCoding.codeSystem"/>
      </mapping>
    </element>
    <element id="Coverage.relationship.coding.version">
      <path value="Coverage.relationship.coding.version"/>
      <short value="Version of the system - if relevant"/>
      <definition value="The version of the code system which was used when choosing this code. Note that a well-maintained code system does not need the version reported, because the meaning of codes is consistent across versions. However this cannot consistently be assured. and when the meaning is not guaranteed to be consistent, the version SHOULD be exchanged."/>
      <comment value="Where the terminology does not clearly define what string should be used to identify code system versions, the recommendation is to use the date (expressed in FHIR date format) on which that version was officially published as the version date."/>
      <min value="0"/>
      <max value="1"/>
      <base>
        <path value="Coding.version"/>
        <min value="0"/>
        <max value="1"/>
      </base>
      <type>
        <code value="string"/>
      </type>
      <isSummary value="true"/>
      <mapping>
        <identity value="v2"/>
        <map value="C*E.7"/>
      </mapping>
      <mapping>
        <identity value="rim"/>
        <map value="./codeSystemVersion"/>
      </mapping>
      <mapping>
        <identity value="orim"/>
        <map value="fhir:Coding.version rdfs:subPropertyOf dt:CDCoding.codeSystemVersion"/>
      </mapping>
    </element>
    <element id="Coverage.relationship.coding.code">
      <path value="Coverage.relationship.coding.code"/>
      <label value="Whose Insurance"/>
      <short value="Health Plans and Insurance"/>
      <definition value="Enter &#39;v&#39; if this insurance policy is held by the veteran (applicant), &#39;s&#39; if the veteran is married and the spouse holds the policy, or &#39;o&#39; if someone other than the veteran or his/her spouse hold the policy, i.e., employer."/>
      <requirements value="Need to refer to a particular code in the system."/>
      <min value="0"/>
      <max value="1"/>
      <base>
        <path value="Coding.code"/>
        <min value="0"/>
        <max value="1"/>
      </base>
      <type>
        <code value="code"/>
      </type>
      <mustSupport value="true"/>
      <isSummary value="true"/>
      <mapping>
        <identity value="v2"/>
        <map value="C*E.1"/>
      </mapping>
      <mapping>
        <identity value="rim"/>
        <map value="./code"/>
      </mapping>
      <mapping>
        <identity value="orim"/>
        <map value="fhir:Coding.code rdfs:subPropertyOf dt:CDCoding.code"/>
      </mapping>
      <mapping>
        <identity value="vista"/>
        <map value="INSURANCE TYPE @Whose Insurance  2.312-6"/>
      </mapping>
    </element>
    <element id="Coverage.relationship.coding.display">
      <extension url="http://hl7.org/fhir/StructureDefinition/elementdefinition-translatable">
        <valueBoolean value="true"/>
      </extension>
      <path value="Coverage.relationship.coding.display"/>
      <short value="Representation defined by the system"/>
      <definition value="A representation of the meaning of the code in the system, following the rules of the system."/>
      <requirements value="Need to be able to carry a human-readable meaning of the code for readers that do not know  the system."/>
      <min value="0"/>
      <max value="1"/>
      <base>
        <path value="Coding.display"/>
        <min value="0"/>
        <max value="1"/>
      </base>
      <type>
        <code value="string"/>
      </type>
      <isSummary value="true"/>
      <mapping>
        <identity value="v2"/>
        <map value="C*E.2 - but note this is not well followed"/>
      </mapping>
      <mapping>
        <identity value="rim"/>
        <map value="CV.displayName"/>
      </mapping>
      <mapping>
        <identity value="orim"/>
        <map value="fhir:Coding.display rdfs:subPropertyOf dt:CDCoding.displayName"/>
      </mapping>
    </element>
    <element id="Coverage.relationship.coding.userSelected">
      <path value="Coverage.relationship.coding.userSelected"/>
      <short value="If this coding was chosen directly by the user"/>
      <definition value="Indicates that this coding was chosen by a user directly - i.e. off a pick list of available items (codes or displays)."/>
      <comment value="Amongst a set of alternatives, a directly chosen code is the most appropriate starting point for new translations. There is some ambiguity about what exactly &#39;directly chosen&#39; implies, and trading partner agreement may be needed to clarify the use of this element and its consequences more completely."/>
      <requirements value="This has been identified as a clinical safety criterium - that this exact system/code pair was chosen explicitly, rather than inferred by the system based on some rules or language processing."/>
      <min value="0"/>
      <max value="1"/>
      <base>
        <path value="Coding.userSelected"/>
        <min value="0"/>
        <max value="1"/>
      </base>
      <type>
        <code value="boolean"/>
      </type>
      <isSummary value="true"/>
      <mapping>
        <identity value="v2"/>
        <map value="Sometimes implied by being first"/>
      </mapping>
      <mapping>
        <identity value="rim"/>
        <map value="CD.codingRationale"/>
      </mapping>
      <mapping>
        <identity value="orim"/>
        <map value="fhir:Coding.userSelected fhir:mapsTo dt:CDCoding.codingRationale. fhir:Coding.userSelected fhir:hasMap fhir:Coding.userSelected.map. fhir:Coding.userSelected.map a fhir:Map;   fhir:target dt:CDCoding.codingRationale. fhir:Coding.userSelected\#true a [     fhir:source &quot;true&quot;;     fhir:target dt:CDCoding.codingRationale\#O   ]"/>
      </mapping>
    </element>
    <element id="Coverage.relationship.text">
      <extension url="http://hl7.org/fhir/StructureDefinition/elementdefinition-translatable">
        <valueBoolean value="true"/>
      </extension>
      <path value="Coverage.relationship.text"/>
      <short value="Plain text representation of the concept"/>
      <definition value="A human language representation of the concept as seen/selected/uttered by the user who entered the data and/or which represents the intended meaning of the user."/>
      <comment value="Very often the text is the same as a displayName of one of the codings."/>
      <requirements value="The codes from the terminologies do not always capture the correct meaning with all the nuances of the human using them, or sometimes there is no appropriate code at all. In these cases, the text is used to capture the full meaning of the source."/>
      <min value="0"/>
      <max value="1"/>
      <base>
        <path value="CodeableConcept.text"/>
        <min value="0"/>
        <max value="1"/>
      </base>
      <type>
        <code value="string"/>
      </type>
      <isSummary value="true"/>
      <mapping>
        <identity value="v2"/>
        <map value="C*E.9. But note many systems use C*E.2 for this"/>
      </mapping>
      <mapping>
        <identity value="rim"/>
        <map value="./originalText[mediaType/code=&quot;text/plain&quot;]/data"/>
      </mapping>
      <mapping>
        <identity value="orim"/>
        <map value="fhir:CodeableConcept.text rdfs:subPropertyOf dt:CD.originalText"/>
      </mapping>
    </element>
    <element id="Coverage.period">
      <path value="Coverage.period"/>
      <short value="Coverage start and end dates"/>
      <definition value="Time period during which the coverage is in force. A missing start date indicates the start date isn&#39;t known, a missing end date means the coverage is continuing to be in force."/>
      <min value="0"/>
      <max value="1"/>
      <base>
        <path value="Coverage.period"/>
        <min value="0"/>
        <max value="1"/>
      </base>
      <type>
        <code value="Period"/>
      </type>
      <isSummary value="true"/>
      <mapping>
        <identity value="workflow"/>
        <map value="Event.occurrence"/>
      </mapping>
      <mapping>
        <identity value="v2"/>
        <map value="IN1-12 / IN1-13"/>
      </mapping>
      <mapping>
        <identity value="w5"/>
        <map value="when.done"/>
      </mapping>
    </element>
    <element id="Coverage.period.id">
      <path value="Coverage.period.id"/>
      <representation value="xmlAttr"/>
      <short value="xml:id (or equivalent in JSON)"/>
      <definition value="unique id for the element within a resource (for internal references). This may be any string value that does not contain spaces."/>
      <min value="0"/>
      <max value="1"/>
      <base>
        <path value="Element.id"/>
        <min value="0"/>
        <max value="1"/>
      </base>
      <type>
        <code value="string"/>
      </type>
      <mapping>
        <identity value="rim"/>
        <map value="n/a"/>
      </mapping>
    </element>
    <element id="Coverage.period.extension">
      <path value="Coverage.period.extension"/>
      <slicing>
        <discriminator>
          <type value="value"/>
          <path value="url"/>
        </discriminator>
        <description value="Extensions are always sliced by (at least) url"/>
        <rules value="open"/>
      </slicing>
      <short value="Additional Content defined by implementations"/>
      <definition value="May be used to represent additional information that is not part of the basic definition of the element. In order to make the use of extensions safe and manageable, there is a strict set of governance  applied to the definition and use of extensions. Though any implementer is allowed to define an extension, there is a set of requirements that SHALL be met as part of the definition of the extension."/>
      <comment value="There can be no stigma associated with the use of extensions by any application, project, or standard - regardless of the institution or jurisdiction that uses or defines the extensions.  The use of extensions is what allows the FHIR specification to retain a core level of simplicity for everyone."/>
      <alias value="extensions"/>
      <alias value="user content"/>
      <min value="0"/>
      <max value="*"/>
      <base>
        <path value="Element.extension"/>
        <min value="0"/>
        <max value="*"/>
      </base>
      <type>
        <code value="Extension"/>
      </type>
      <mapping>
        <identity value="rim"/>
        <map value="n/a"/>
      </mapping>
    </element>
    <element id="Coverage.period.start">
      <path value="Coverage.period.start"/>
      <label value="Effective Date of Policy"/>
      <short value="Health Plans and Insurance"/>
      <definition value="Enter the date that this insurance policy initially went into effect (the date the patient acquired this policy)."/>
      <comment value="If the low element is missing, the meaning is that the low boundary is not known."/>
      <min value="0"/>
      <max value="1"/>
      <base>
        <path value="Period.start"/>
        <min value="0"/>
        <max value="1"/>
      </base>
      <type>
        <code value="dateTime"/>
      </type>
      <condition value="per-1"/>
      <mustSupport value="true"/>
      <isSummary value="true"/>
      <mapping>
        <identity value="v2"/>
        <map value="DR.1"/>
      </mapping>
      <mapping>
        <identity value="rim"/>
        <map value="./low"/>
      </mapping>
      <mapping>
        <identity value="vista"/>
        <map value="INSURANCE TYPE @Effective Date of Policy  2.312-8"/>
      </mapping>
    </element>
    <element id="Coverage.period.end">
      <path value="Coverage.period.end"/>
      <label value="Insurance Expiration"/>
      <short value="Health Plans and Insurance"/>
      <definition value="If this insurance policy under which this applicant is covered expires on a specified date enter that date, otherwise, leave this field blank."/>
      <comment value="The high value includes any matching date/time. i.e. 2012-02-03T10:00:00 is in a period that has a end value of 2012-02-03."/>
      <min value="0"/>
      <max value="1"/>
      <base>
        <path value="Period.end"/>
        <min value="0"/>
        <max value="1"/>
      </base>
      <type>
        <code value="dateTime"/>
      </type>
      <meaningWhenMissing value="If the end of the period is missing, it means that the period is ongoing"/>
      <condition value="per-1"/>
      <mustSupport value="true"/>
      <isSummary value="true"/>
      <mapping>
        <identity value="v2"/>
        <map value="DR.2"/>
      </mapping>
      <mapping>
        <identity value="rim"/>
        <map value="./high"/>
      </mapping>
      <mapping>
        <identity value="vista"/>
        <map value="INSURANCE TYPE @Insurance Expiration  2.312-3"/>
      </mapping>
    </element>
    <element id="Coverage.payor">
      <path value="Coverage.payor"/>
      <label value="Insurance Type"/>
      <short value="Health Plans and Insurance"/>
      <definition value="Choose from the available listing the name(s) of the insurance company(ies) under which this applicant is covered."/>
      <requirements value="Need to identify the issuer to target for processing and for coordination of benefit processing."/>
      <min value="0"/>
      <max value="*"/>
      <base>
        <path value="Coverage.payor"/>
        <min value="0"/>
        <max value="*"/>
      </base>
      <type>
        <code value="Reference"/>
        <targetProfile value="http://hl7.org/fhir/StructureDefinition/Organization"/>
      </type>
      <type>
        <code value="Reference"/>
        <targetProfile value="http://hl7.org/fhir/StructureDefinition/Patient"/>
      </type>
      <type>
        <code value="Reference"/>
        <targetProfile value="http://hl7.org/fhir/StructureDefinition/RelatedPerson"/>
      </type>
      <mustSupport value="true"/>
      <isSummary value="true"/>
      <mapping>
        <identity value="cdanetv4"/>
        <map value="A05"/>
      </mapping>
      <mapping>
        <identity value="v2"/>
        <map value="IN1-3"/>
      </mapping>
      <mapping>
        <identity value="cpha3pharm"/>
        <map value="C.30"/>
      </mapping>
      <mapping>
        <identity value="w5"/>
        <map value="who.author"/>
      </mapping>
      <mapping>
        <identity value="vista"/>
        <map value="INSURANCE TYPE @Insurance Type  2.312-.01"/>
      </mapping>
    </element>
    <element id="Coverage.grouping">
      <extension url="http://hl7.org/fhir/StructureDefinition/structuredefinition-explicit-type-name">
        <valueString value="Group"/>
      </extension>
      <path value="Coverage.grouping"/>
      <short value="Additional coverage classifications"/>
      <definition value="A suite of underwrite specific classifiers, for example may be used to identify a class of coverage or employer group, Policy, Plan."/>
      <min value="0"/>
      <max value="1"/>
      <base>
        <path value="Coverage.grouping"/>
        <min value="0"/>
        <max value="1"/>
      </base>
      <type>
        <code value="BackboneElement"/>
      </type>
      <constraint>
        <key value="ele-1"/>
        <severity value="error"/>
        <human value="All FHIR elements must have a @value or children"/>
        <expression value="hasValue() | (children().count() &gt; id.count())"/>
        <xpath value="@value|f:*|h:div"/>
        <source value="http://hl7.org/fhir/StructureDefinition/Element"/>
      </constraint>
    </element>
    <element id="Coverage.grouping.id">
      <path value="Coverage.grouping.id"/>
      <representation value="xmlAttr"/>
      <short value="xml:id (or equivalent in JSON)"/>
      <definition value="unique id for the element within a resource (for internal references). This may be any string value that does not contain spaces."/>
      <min value="0"/>
      <max value="1"/>
      <base>
        <path value="Element.id"/>
        <min value="0"/>
        <max value="1"/>
      </base>
      <type>
        <code value="string"/>
      </type>
      <mapping>
        <identity value="rim"/>
        <map value="n/a"/>
      </mapping>
    </element>
    <element id="Coverage.grouping.extension">
      <path value="Coverage.grouping.extension"/>
      <short value="Additional Content defined by implementations"/>
      <definition value="May be used to represent additional information that is not part of the basic definition of the element. In order to make the use of extensions safe and manageable, there is a strict set of governance  applied to the definition and use of extensions. Though any implementer is allowed to define an extension, there is a set of requirements that SHALL be met as part of the definition of the extension."/>
      <comment value="There can be no stigma associated with the use of extensions by any application, project, or standard - regardless of the institution or jurisdiction that uses or defines the extensions.  The use of extensions is what allows the FHIR specification to retain a core level of simplicity for everyone."/>
      <alias value="extensions"/>
      <alias value="user content"/>
      <min value="0"/>
      <max value="*"/>
      <base>
        <path value="Element.extension"/>
        <min value="0"/>
        <max value="*"/>
      </base>
      <type>
        <code value="Extension"/>
      </type>
      <mapping>
        <identity value="rim"/>
        <map value="n/a"/>
      </mapping>
    </element>
    <element id="Coverage.grouping.modifierExtension">
      <path value="Coverage.grouping.modifierExtension"/>
      <short value="Extensions that cannot be ignored"/>
      <definition value="May be used to represent additional information that is not part of the basic definition of the element, and that modifies the understanding of the element that contains it. Usually modifier elements provide negation or qualification. In order to make the use of extensions safe and manageable, there is a strict set of governance applied to the definition and use of extensions. Though any implementer is allowed to define an extension, there is a set of requirements that SHALL be met as part of the definition of the extension. Applications processing a resource are required to check for modifier extensions."/>
      <comment value="There can be no stigma associated with the use of extensions by any application, project, or standard - regardless of the institution or jurisdiction that uses or defines the extensions.  The use of extensions is what allows the FHIR specification to retain a core level of simplicity for everyone."/>
      <alias value="extensions"/>
      <alias value="user content"/>
      <alias value="modifiers"/>
      <min value="0"/>
      <max value="*"/>
      <base>
        <path value="BackboneElement.modifierExtension"/>
        <min value="0"/>
        <max value="*"/>
      </base>
      <type>
        <code value="Extension"/>
      </type>
      <isModifier value="true"/>
      <isSummary value="true"/>
      <mapping>
        <identity value="rim"/>
        <map value="N/A"/>
      </mapping>
    </element>
    <element id="Coverage.grouping.group">
      <path value="Coverage.grouping.group"/>
      <label value="Group Number"/>
      <short value="Health Plans and Insurance"/>
      <definition value="Enter any other appropriate number which identifies this policy, i.e., group number/code, under which this applicant is covered.  Answer must be between 1 and 17 characters.   This field is moved to the HEALTH INSURANCE POLICY file (355.3) beginning with IB v2.0.  It will be deleted with the first release 18 months after the release of IB V2."/>
      <min value="0"/>
      <max value="1"/>
      <base>
        <path value="Coverage.grouping.group"/>
        <min value="0"/>
        <max value="1"/>
      </base>
      <type>
        <code value="string"/>
      </type>
      <mustSupport value="true"/>
      <isSummary value="true"/>
      <mapping>
        <identity value="cdanetv4"/>
        <map value="C11 (Division,Section)"/>
      </mapping>
      <mapping>
        <identity value="v2"/>
        <map value="IN1-8"/>
      </mapping>
      <mapping>
        <identity value="cpha3pharm"/>
        <map value="C.31"/>
      </mapping>
      <mapping>
        <identity value="vista"/>
        <map value="INSURANCE TYPE @Group Number  2.312-2"/>
      </mapping>
    </element>
    <element id="Coverage.grouping.groupDisplay">
      <path value="Coverage.grouping.groupDisplay"/>
      <short value="Display text for an identifier for the group"/>
      <definition value="A short description for the group."/>
      <min value="0"/>
      <max value="1"/>
      <base>
        <path value="Coverage.grouping.groupDisplay"/>
        <min value="0"/>
        <max value="1"/>
      </base>
      <type>
        <code value="string"/>
      </type>
      <isSummary value="true"/>
      <mapping>
        <identity value="cdanetv4"/>
        <map value="C11 (Division,Section)"/>
      </mapping>
      <mapping>
        <identity value="v2"/>
        <map value="IN1-8"/>
      </mapping>
      <mapping>
        <identity value="cpha3pharm"/>
        <map value="C.31"/>
      </mapping>
    </element>
    <element id="Coverage.grouping.subGroup">
      <path value="Coverage.grouping.subGroup"/>
      <short value="An identifier for the subsection of the group"/>
      <definition value="Identifies a style or collective of coverage issued by the underwriter, for example may be used to identify a subset of an employer group."/>
      <min value="0"/>
      <max value="1"/>
      <base>
        <path value="Coverage.grouping.subGroup"/>
        <min value="0"/>
        <max value="1"/>
      </base>
      <type>
        <code value="string"/>
      </type>
      <isSummary value="true"/>
      <mapping>
        <identity value="v2"/>
        <map value="IN1-8"/>
      </mapping>
    </element>
    <element id="Coverage.grouping.subGroupDisplay">
      <path value="Coverage.grouping.subGroupDisplay"/>
      <short value="Display text for the subsection of the group"/>
      <definition value="A short description for the subgroup."/>
      <min value="0"/>
      <max value="1"/>
      <base>
        <path value="Coverage.grouping.subGroupDisplay"/>
        <min value="0"/>
        <max value="1"/>
      </base>
      <type>
        <code value="string"/>
      </type>
      <isSummary value="true"/>
      <mapping>
        <identity value="v2"/>
        <map value="IN1-8"/>
      </mapping>
    </element>
    <element id="Coverage.grouping.plan">
      <path value="Coverage.grouping.plan"/>
      <short value="An identifier for the plan"/>
      <definition value="Identifies a style or collective of coverage issued by the underwriter, for example may be used to identify a collection of benefits provided to employees. May be referred to as a Section or Division ID."/>
      <min value="0"/>
      <max value="1"/>
      <base>
        <path value="Coverage.grouping.plan"/>
        <min value="0"/>
        <max value="1"/>
      </base>
      <type>
        <code value="string"/>
      </type>
      <isSummary value="true"/>
      <mapping>
        <identity value="cdanetv4"/>
        <map value="C01"/>
      </mapping>
      <mapping>
        <identity value="v2"/>
        <map value="IN1-35"/>
      </mapping>
    </element>
    <element id="Coverage.grouping.planDisplay">
      <path value="Coverage.grouping.planDisplay"/>
      <short value="Display text for the plan"/>
      <definition value="A short description for the plan."/>
      <min value="0"/>
      <max value="1"/>
      <base>
        <path value="Coverage.grouping.planDisplay"/>
        <min value="0"/>
        <max value="1"/>
      </base>
      <type>
        <code value="string"/>
      </type>
      <isSummary value="true"/>
      <mapping>
        <identity value="cdanetv4"/>
        <map value="C01"/>
      </mapping>
      <mapping>
        <identity value="v2"/>
        <map value="IN1-35"/>
      </mapping>
    </element>
    <element id="Coverage.grouping.subPlan">
      <path value="Coverage.grouping.subPlan"/>
      <short value="An identifier for the subsection of the plan"/>
      <definition value="Identifies a sub-style or sub-collective of coverage issued by the underwriter, for example may be used to identify a subset of a collection of benefits provided to employees."/>
      <min value="0"/>
      <max value="1"/>
      <base>
        <path value="Coverage.grouping.subPlan"/>
        <min value="0"/>
        <max value="1"/>
      </base>
      <type>
        <code value="string"/>
      </type>
      <isSummary value="true"/>
      <mapping>
        <identity value="v2"/>
        <map value="IN1-10"/>
      </mapping>
    </element>
    <element id="Coverage.grouping.subPlanDisplay">
      <path value="Coverage.grouping.subPlanDisplay"/>
      <short value="Display text for the subsection of the plan"/>
      <definition value="A short description for the subplan."/>
      <min value="0"/>
      <max value="1"/>
      <base>
        <path value="Coverage.grouping.subPlanDisplay"/>
        <min value="0"/>
        <max value="1"/>
      </base>
      <type>
        <code value="string"/>
      </type>
      <isSummary value="true"/>
      <mapping>
        <identity value="v2"/>
        <map value="IN1-10"/>
      </mapping>
    </element>
    <element id="Coverage.grouping.class">
      <path value="Coverage.grouping.class"/>
      <short value="An identifier for the class"/>
      <definition value="Identifies a style or collective of coverage issues by the underwriter, for example may be used to identify a class of coverage such as a level of deductables or co-payment."/>
      <min value="0"/>
      <max value="1"/>
      <base>
        <path value="Coverage.grouping.class"/>
        <min value="0"/>
        <max value="1"/>
      </base>
      <type>
        <code value="string"/>
      </type>
      <isSummary value="true"/>
      <mapping>
        <identity value="cdanetv4"/>
        <map value="C01"/>
      </mapping>
      <mapping>
        <identity value="v2"/>
        <map value="IN1-35"/>
      </mapping>
    </element>
    <element id="Coverage.grouping.classDisplay">
      <path value="Coverage.grouping.classDisplay"/>
      <short value="Display text for the class"/>
      <definition value="A short description for the class."/>
      <min value="0"/>
      <max value="1"/>
      <base>
        <path value="Coverage.grouping.classDisplay"/>
        <min value="0"/>
        <max value="1"/>
      </base>
      <type>
        <code value="string"/>
      </type>
      <isSummary value="true"/>
      <mapping>
        <identity value="cdanetv4"/>
        <map value="C01"/>
      </mapping>
      <mapping>
        <identity value="v2"/>
        <map value="IN1-35"/>
      </mapping>
    </element>
    <element id="Coverage.grouping.subClass">
      <path value="Coverage.grouping.subClass"/>
      <short value="An identifier for the subsection of the class"/>
      <definition value="Identifies a sub-style or sub-collective of coverage issues by the underwriter, for example may be used to identify a subclass of coverage such as a sub-level of deductables or co-payment."/>
      <min value="0"/>
      <max value="1"/>
      <base>
        <path value="Coverage.grouping.subClass"/>
        <min value="0"/>
        <max value="1"/>
      </base>
      <type>
        <code value="string"/>
      </type>
      <isSummary value="true"/>
      <mapping>
        <identity value="cdanetv4"/>
        <map value="C01"/>
      </mapping>
      <mapping>
        <identity value="v2"/>
        <map value="IN1-35"/>
      </mapping>
    </element>
    <element id="Coverage.grouping.subClassDisplay">
      <path value="Coverage.grouping.subClassDisplay"/>
      <short value="Display text for the subsection of the subclass"/>
      <definition value="A short description for the subclass."/>
      <min value="0"/>
      <max value="1"/>
      <base>
        <path value="Coverage.grouping.subClassDisplay"/>
        <min value="0"/>
        <max value="1"/>
      </base>
      <type>
        <code value="string"/>
      </type>
      <isSummary value="true"/>
      <mapping>
        <identity value="cdanetv4"/>
        <map value="C01"/>
      </mapping>
      <mapping>
        <identity value="v2"/>
        <map value="IN1-35"/>
      </mapping>
    </element>
    <element id="Coverage.dependent">
      <path value="Coverage.dependent"/>
      <short value="Dependent number"/>
      <definition value="A unique identifier for a dependent under the coverage."/>
      <requirements value="For some coverage a single identifier is issued to the Subscriber and a dependent number issued to each beneficiary."/>
      <min value="0"/>
      <max value="1"/>
      <base>
        <path value="Coverage.dependent"/>
        <min value="0"/>
        <max value="1"/>
      </base>
      <type>
        <code value="string"/>
      </type>
      <isSummary value="true"/>
      <mapping>
        <identity value="cdanetv4"/>
        <map value="C17"/>
      </mapping>
      <mapping>
        <identity value="v2"/>
        <map value="- No exact HL7 v2 equivalent concept seems to exist;"/>
      </mapping>
    </element>
    <element id="Coverage.sequence">
      <path value="Coverage.sequence"/>
      <short value="The plan instance or sequence counter"/>
      <definition value="An optional counter for a particular instance of the identified coverage which increments upon each renewal."/>
      <requirements value="Some coverage, for example social plans, may be offered in short time increments, for example for a week or a month at a time, so while the rest of the plan details and identifiers may remain constant over time, the instance is incremented with each renewal and provided to the covered party on their &#39;card&#39;."/>
      <min value="0"/>
      <max value="1"/>
      <base>
        <path value="Coverage.sequence"/>
        <min value="0"/>
        <max value="1"/>
      </base>
      <type>
        <code value="string"/>
      </type>
      <isSummary value="true"/>
      <mapping>
        <identity value="cdanetv4"/>
        <map value="D11"/>
      </mapping>
      <mapping>
        <identity value="v2"/>
        <map value="No HL7 v2 equivalent concept seems to exist"/>
      </mapping>
    </element>
    <element id="Coverage.order">
      <path value="Coverage.order"/>
      <short value="Relative order of the coverage"/>
      <definition value="The order of applicability of this coverage relative to other coverages which are currently inforce. Note, there may be gaps in the numbering and this does not imply primary, secondard etc. as the specific positioning of coverages depends upon the episode of care."/>
      <min value="0"/>
      <max value="1"/>
      <base>
        <path value="Coverage.order"/>
        <min value="0"/>
        <max value="1"/>
      </base>
      <type>
        <code value="positiveInt"/>
      </type>
      <isSummary value="true"/>
      <mapping>
        <identity value="v2"/>
        <map value="- No exact HL7 v2 equivalent concept seems to exist;"/>
      </mapping>
    </element>
    <element id="Coverage.network">
      <path value="Coverage.network"/>
      <short value="Insurer network"/>
      <definition value="The insurer-specific identifier for the insurer-defined network of providers to which the beneficiary may seek treatment which will be covered at the &#39;in-network&#39; rate, otherwise &#39;out of network&#39; terms and conditions apply."/>
      <min value="0"/>
      <max value="1"/>
      <base>
        <path value="Coverage.network"/>
        <min value="0"/>
        <max value="1"/>
      </base>
      <type>
        <code value="string"/>
      </type>
      <isSummary value="true"/>
      <mapping>
        <identity value="cdanetv4"/>
        <map value="D10"/>
      </mapping>
    </element>
    <element id="Coverage.contract">
      <path value="Coverage.contract"/>
      <short value="Contract details"/>
      <definition value="The policy(s) which constitute this insurance coverage."/>
      <min value="0"/>
      <max value="*"/>
      <base>
        <path value="Coverage.contract"/>
        <min value="0"/>
        <max value="*"/>
      </base>
      <type>
        <code value="Reference"/>
        <targetProfile value="http://hl7.org/fhir/StructureDefinition/Contract"/>
      </type>
      <mapping>
        <identity value="cdanetv4"/>
        <map value="D01 through D09"/>
      </mapping>
      <mapping>
        <identity value="v2"/>
        <map value="IN1-16, 18,  19"/>
      </mapping>
      <mapping>
        <identity value="cpha3pharm"/>
        <map value="C.35"/>
      </mapping>
    </element>
  </snapshot>
  <differential>
    <element id="Coverage">
      <path value="Coverage"/>
    </element>
    <element id="Coverage.extension">
      <path value="Coverage.extension"/>
      <slicing>
        <discriminator>
          <type value="value"/>
          <path value="url"/>
        </discriminator>
        <ordered value="false"/>
        <rules value="open"/>
      </slicing>
    </element>
    <element id="Coverage.subscriberId">
      <path value="Coverage.subscriberId"/>
      <label value="Subscriber ID"/>
      <short value="Health Plans and Insurance"/>
      <definition value="Enter the Subscriber&#39;s Primary ID number.  This number is assigned by the payer and can be found on the subscriber&#39;s insurance card.   This field is scheduled for deletion in May 2015."/>
      <mustSupport value="true"/>
      <mapping>
        <identity value="vista"/>
        <map value="INSURANCE TYPE @Subscriber ID  2.312-1"/>
      </mapping>
    </element>
    <element id="Coverage.relationship.coding.system">
      <path value="Coverage.relationship.coding.system"/>
      <fixedUri value="http://va.gov/Terminology/VistaDefinedTerms/2.312-6"/>
      <mustSupport value="true"/>
    </element>
    <element id="Coverage.relationship.coding.code">
      <path value="Coverage.relationship.coding.code"/>
      <label value="Whose Insurance"/>
      <short value="Health Plans and Insurance"/>
      <definition value="Enter &#39;v&#39; if this insurance policy is held by the veteran (applicant), &#39;s&#39; if the veteran is married and the spouse holds the policy, or &#39;o&#39; if someone other than the veteran or his/her spouse hold the policy, i.e., employer."/>
      <mustSupport value="true"/>
      <mapping>
        <identity value="vista"/>
        <map value="INSURANCE TYPE @Whose Insurance  2.312-6"/>
      </mapping>
    </element>
    <element id="Coverage.period.start">
      <path value="Coverage.period.start"/>
      <label value="Effective Date of Policy"/>
      <short value="Health Plans and Insurance"/>
      <definition value="Enter the date that this insurance policy initially went into effect (the date the patient acquired this policy)."/>
      <mustSupport value="true"/>
      <mapping>
        <identity value="vista"/>
        <map value="INSURANCE TYPE @Effective Date of Policy  2.312-8"/>
      </mapping>
    </element>
    <element id="Coverage.period.end">
      <path value="Coverage.period.end"/>
      <label value="Insurance Expiration"/>
      <short value="Health Plans and Insurance"/>
      <definition value="If this insurance policy under which this applicant is covered expires on a specified date enter that date, otherwise, leave this field blank."/>
      <mustSupport value="true"/>
      <mapping>
        <identity value="vista"/>
        <map value="INSURANCE TYPE @Insurance Expiration  2.312-3"/>
      </mapping>
    </element>
    <element id="Coverage.payor">
      <path value="Coverage.payor"/>
      <label value="Insurance Type"/>
      <short value="Health Plans and Insurance"/>
      <definition value="Choose from the available listing the name(s) of the insurance company(ies) under which this applicant is covered."/>
      <mustSupport value="true"/>
      <mapping>
        <identity value="vista"/>
        <map value="INSURANCE TYPE @Insurance Type  2.312-.01"/>
      </mapping>
    </element>
    <element id="Coverage.grouping.plan">
      <path value="Coverage.grouping.plan"/>
      <label value="HBP Code"/>
      <short value="Health Plans and Insurance"/>
      <definition value="This field contains the Health Benefit Plan that is assigned to a patient."/>
      <mustSupport value="true"/>
      <mapping>
        <identity value="vista"/>
        <map value="CURRENT HEALTH BENEFIT PLAN  @HBP Code  2.2511 -.01"/>
      </mapping>
    </element>
    <element id="Coverage.grouping.group">
      <path value="Coverage.grouping.group"/>
      <label value="Group Number"/>
      <short value="Health Plans and Insurance"/>
      <definition value="Enter any other appropriate number which identifies this policy, i.e., group number/code, under which this applicant is covered.  Answer must be between 1 and 17 characters.   This field is moved to the HEALTH INSURANCE POLICY file (355.3) beginning with IB v2.0.  It will be deleted with the first release 18 months after the release of IB V2."/>
      <mustSupport value="true"/>
      <mapping>
        <identity value="vista"/>
        <map value="INSURANCE TYPE @Group Number  2.312-2"/>
      </mapping>
    </element>
  </differential>
</StructureDefinition>