{
  "resourceType": "ValueSet",
  "id": "iv-order-type",
  "text": {
    "status": "generated",
    "div": "<div xmlns=\"http://www.w3.org/1999/xhtml\"><ul><li>Include these codes as defined in <code>http://va.gov/Terminology/VistaDefinedTerms/</code><table class=\"none\"><tr><td style=\"white-space:nowrap\"><b>Code</b></td><td><b>Display</b></td></tr><tr><td>A</td><td>ADMIXTURE</td></tr><tr><td>C</td><td>CHEMOTHERAPY</td></tr><tr><td>H</td><td>HYPERAL</td></tr><tr><td>P</td><td>PIGGYBACK</td></tr><tr><td>S</td><td>SYRINGE</td></tr></table></li></ul></div>"
  },
  "url": "http://va.gov/fhir/us/vha-ampl-ig/ValueSet/iv-order-type",
  "version": "0.0.69",
  "name": "iv-order-type",
  "status": "draft",
  "date": "2021-05-02T08:06:07.686Z",
  "publisher": "JPSys",
  "contact": [
    {
      "telecom": [
        {
          "system": "other",
          "value": "https://jpsys.com"
        }
      ]
    }
  ],
  "jurisdiction": [
    {
      "coding": [
        {
          "system": "http://unstats.un.org/unsd/methods/m49/m49.htm",
          "code": "840"
        }
      ]
    }
  ],
  "compose": {
    "include": [
      {
        "system": "http://va.gov/Terminology/VistaDefinedTerms/",
        "concept": [
          {
            "code": "A",
            "display": "ADMIXTURE"
          },
          {
            "code": "C",
            "display": "CHEMOTHERAPY"
          },
          {
            "code": "H",
            "display": "HYPERAL"
          },
          {
            "code": "P",
            "display": "PIGGYBACK"
          },
          {
            "code": "S",
            "display": "SYRINGE"
          }
        ]
      }
    ]
  }
}