{
  "resourceType": "ValueSet",
  "id": "pharmacy-iv-order-status",
  "text": {
    "status": "generated",
    "div": "<div xmlns=\"http://www.w3.org/1999/xhtml\"><ul><li>Include these codes as defined in <code>http://va.gov/Terminology/VistaDefinedTerms/</code><table class=\"none\"><tr><td style=\"white-space:nowrap\"><b>Code</b></td><td><b>Display</b></td></tr><tr><td>A</td><td>ACTIVE</td></tr><tr><td>O</td><td>on call</td></tr><tr><td>E</td><td>EXPIRED</td></tr><tr><td>P</td><td>purge</td></tr><tr><td>R</td><td>RENEWED</td></tr><tr><td>D</td><td>DISCONTINUED</td></tr><tr><td>H</td><td>HOLD</td></tr></table></li></ul></div>"
  },
  "url": "http://va.gov/fhir/us/vha-ampl-ig/ValueSet/pharmacy-iv-order-status",
  "version": "0.0.64",
  "name": "pharmacy-iv-order-status",
  "status": "draft",
  "date": "2021-03-12T16:05:11.288Z",
  "publisher": "JPSys",
  "contact": [
    {
      "telecom": [
        {
          "system": "other",
          "value": "https://jpsys.com"
        }
      ]
    }
  ],
  "jurisdiction": [
    {
      "coding": [
        {
          "system": "http://unstats.un.org/unsd/methods/m49/m49.htm",
          "code": "840"
        }
      ]
    }
  ],
  "compose": {
    "include": [
      {
        "system": "http://va.gov/Terminology/VistaDefinedTerms/",
        "concept": [
          {
            "code": "A",
            "display": "ACTIVE"
          },
          {
            "code": "O",
            "display": "on call"
          },
          {
            "code": "E",
            "display": "EXPIRED"
          },
          {
            "code": "P",
            "display": "purge"
          },
          {
            "code": "R",
            "display": "RENEWED"
          },
          {
            "code": "D",
            "display": "DISCONTINUED"
          },
          {
            "code": "H",
            "display": "HOLD"
          }
        ]
      }
    ]
  }
}