{
  "resourceType": "StructureDefinition",
  "id": "VASurgicalPathologyReport",
  "meta": {
    "lastUpdated": "2021-05-02T08:06:07.686Z"
  },
  "text": {
    "status": "extensions",
    "div": "<div xmlns=\"http://www.w3.org/1999/xhtml\"><table border=\"0\" cellpadding=\"0\" cellspacing=\"0\" style=\"border: 0px #F0F0F0 solid; font-size: 11px; font-family: verdana; vertical-align: top;\"><tr style=\"border: 1px #F0F0F0 solid; font-size: 11px; font-family: verdana; vertical-align: top\"><th style=\"vertical-align: top; text-align : left; background-color: white; border: 0px #F0F0F0 solid; padding:0px 4px 0px 4px\" class=\"hierarchy\"><a href=\"http://hl7.org/fhir/STU3/formats.html#table\" title=\"The logical name of the element\">Name</a></th><th style=\"vertical-align: top; text-align : left; background-color: white; border: 0px #F0F0F0 solid; padding:0px 4px 0px 4px\" class=\"hierarchy\"><a href=\"http://hl7.org/fhir/STU3/formats.html#table\" title=\"Information about the use of the element\">Flags</a></th><th style=\"vertical-align: top; text-align : left; background-color: white; border: 0px #F0F0F0 solid; padding:0px 4px 0px 4px\" class=\"hierarchy\"><a href=\"http://hl7.org/fhir/STU3/formats.html#table\" title=\"Minimum and Maximum # of times the the element can appear in the instance\">Card.</a></th><th style=\"width: 100px\" class=\"hierarchy\"><a href=\"http://hl7.org/fhir/STU3/formats.html#table\" title=\"Reference to the type of the element\">Type</a></th><th style=\"vertical-align: top; text-align : left; background-color: white; border: 0px #F0F0F0 solid; padding:0px 4px 0px 4px\" class=\"hierarchy\"><a href=\"http://hl7.org/fhir/STU3/formats.html#table\" title=\"Additional information about the element\">Description &amp; Constraints</a><span style=\"float: right\"><a href=\"http://hl7.org/fhir/STU3/formats.html#table\" title=\"Legend for this format\"><img src=\"http://hl7.org/fhir/STU3/help16.png\" alt=\"doco\" style=\"background-color: inherit\"/></a></span></th></tr><tr style=\"border: 0px #F0F0F0 solid; padding:0px; vertical-align: top; background-color: white\"><td style=\"vertical-align: top; text-align : left; background-color: white; border: 0px #F0F0F0 solid; padding:0px 4px 0px 4px; white-space: nowrap; background-image: url(tbl_bck1.png)\" class=\"hierarchy\"><img src=\"tbl_spacer.png\" alt=\".\" style=\"background-color: inherit\" class=\"hierarchy\"/><img src=\"icon_resource.png\" alt=\".\" style=\"background-color: white; background-color: inherit\" title=\"Resource\" class=\"hierarchy\"/> <a href=\"StructureDefinition-VASurgicalPathologyReport-definitions.html#DiagnosticReport\">DiagnosticReport</a><a name=\"DiagnosticReport\"> </a></td><td style=\"vertical-align: top; text-align : left; background-color: white; border: 0px #F0F0F0 solid; padding:0px 4px 0px 4px\" class=\"hierarchy\"/><td style=\"vertical-align: top; text-align : left; background-color: white; border: 0px #F0F0F0 solid; padding:0px 4px 0px 4px\" class=\"hierarchy\"><span style=\"opacity: 0.5\">0</span><span style=\"opacity: 0.5\">..</span><span style=\"opacity: 0.5\">*</span></td><td style=\"vertical-align: top; text-align : left; background-color: white; border: 0px #F0F0F0 solid; padding:0px 4px 0px 4px\" class=\"hierarchy\"><a href=\"http://hl7.org/fhir/STU3/diagnosticreport.html\">DiagnosticReport</a></td><td style=\"vertical-align: top; text-align : left; background-color: white; border: 0px #F0F0F0 solid; padding:0px 4px 0px 4px\" class=\"hierarchy\"><span style=\"opacity: 0.5\">A Diagnostic report - a combination of request information, atomic results, images, interpretation, as well as formatted reports</span></td></tr>\r\n<tr style=\"border: 0px #F0F0F0 solid; padding:0px; vertical-align: top; background-color: #F7F7F7\"><td style=\"vertical-align: top; text-align : left; background-color: #F7F7F7; border: 0px #F0F0F0 solid; padding:0px 4px 0px 4px; white-space: nowrap; background-image: url(tbl_bck14.png)\" class=\"hierarchy\"><img src=\"tbl_spacer.png\" alt=\".\" style=\"background-color: inherit\" class=\"hierarchy\"/><img src=\"tbl_vjoin.png\" alt=\".\" style=\"background-color: inherit\" class=\"hierarchy\"/><img src=\"icon_slice_item.png\" alt=\".\" style=\"background-color: #F7F7F7; background-color: inherit\" title=\"Slice Item\" class=\"hierarchy\"/> <a href=\"StructureDefinition-VASurgicalPathologyReport-definitions.html#DiagnosticReport.extension:referencedDocument-uri\" title=\"Extension URL = http://va.gov/fhir/us/vha-ampl-ig/StructureDefinition/referencedDocument.uri\">referencedDocument.uri</a><a name=\"DiagnosticReport.extension\"> </a></td><td style=\"vertical-align: top; text-align : left; background-color: #F7F7F7; border: 0px #F0F0F0 solid; padding:0px 4px 0px 4px\" class=\"hierarchy\"><span style=\"padding-left: 3px; padding-right: 3px; color: white; background-color: red\" title=\"This element must be supported\">S</span></td><td style=\"vertical-align: top; text-align : left; background-color: #F7F7F7; border: 0px #F0F0F0 solid; padding:0px 4px 0px 4px\" class=\"hierarchy\"><span style=\"opacity: 0.5\">0</span><span style=\"opacity: 0.5\">..</span><span style=\"opacity: 0.5\">*</span></td><td style=\"vertical-align: top; text-align : left; background-color: #F7F7F7; border: 0px #F0F0F0 solid; padding:0px 4px 0px 4px\" class=\"hierarchy\"><a href=\"http://hl7.org/fhir/STU3/datatypes.html#string\">string</a></td><td style=\"vertical-align: top; text-align : left; background-color: #F7F7F7; border: 0px #F0F0F0 solid; padding:0px 4px 0px 4px\" class=\"hierarchy\"><span style=\"opacity: 0.5\">Extension</span><br/><span style=\"font-weight:bold\">URL: </span><a href=\"http://hl7.org/fhir/STU3/StructureDefinition-referencedDocument.uri.html\">http://va.gov/fhir/us/vha-ampl-ig/StructureDefinition/referencedDocument.uri</a></td></tr>\r\n<tr style=\"border: 0px #F0F0F0 solid; padding:0px; vertical-align: top; background-color: white\"><td style=\"vertical-align: top; text-align : left; background-color: white; border: 0px #F0F0F0 solid; padding:0px 4px 0px 4px; white-space: nowrap; background-image: url(tbl_bck14.png)\" class=\"hierarchy\"><img src=\"tbl_spacer.png\" alt=\".\" style=\"background-color: inherit\" class=\"hierarchy\"/><img src=\"tbl_vjoin.png\" alt=\".\" style=\"background-color: inherit\" class=\"hierarchy\"/><img src=\"icon_slice_item.png\" alt=\".\" style=\"background-color: white; background-color: inherit\" title=\"Slice Item\" class=\"hierarchy\"/> <a href=\"StructureDefinition-VASurgicalPathologyReport-definitions.html#DiagnosticReport.extension:referencedDocument-display\" title=\"Extension URL = http://va.gov/fhir/us/vha-ampl-ig/StructureDefinition/referencedDocument.display\">referencedDocument.display</a><a name=\"DiagnosticReport.extension\"> </a></td><td style=\"vertical-align: top; text-align : left; background-color: white; border: 0px #F0F0F0 solid; padding:0px 4px 0px 4px\" class=\"hierarchy\"><span style=\"padding-left: 3px; padding-right: 3px; color: white; background-color: red\" title=\"This element must be supported\">S</span></td><td style=\"vertical-align: top; text-align : left; background-color: white; border: 0px #F0F0F0 solid; padding:0px 4px 0px 4px\" class=\"hierarchy\"><span style=\"opacity: 0.5\">0</span><span style=\"opacity: 0.5\">..</span><span style=\"opacity: 0.5\">*</span></td><td style=\"vertical-align: top; text-align : left; background-color: white; border: 0px #F0F0F0 solid; padding:0px 4px 0px 4px\" class=\"hierarchy\"><a href=\"http://hl7.org/fhir/STU3/datatypes.html#string\">string</a></td><td style=\"vertical-align: top; text-align : left; background-color: white; border: 0px #F0F0F0 solid; padding:0px 4px 0px 4px\" class=\"hierarchy\"><span style=\"opacity: 0.5\">Extension</span><br/><span style=\"font-weight:bold\">URL: </span><a href=\"http://hl7.org/fhir/STU3/StructureDefinition-referencedDocument.display.html\">http://va.gov/fhir/us/vha-ampl-ig/StructureDefinition/referencedDocument.display</a></td></tr>\r\n<tr style=\"border: 0px #F0F0F0 solid; padding:0px; vertical-align: top; background-color: #F7F7F7\"><td style=\"vertical-align: top; text-align : left; background-color: #F7F7F7; border: 0px #F0F0F0 solid; padding:0px 4px 0px 4px; white-space: nowrap; background-image: url(tbl_bck11.png)\" class=\"hierarchy\"><img src=\"tbl_spacer.png\" alt=\".\" style=\"background-color: inherit\" class=\"hierarchy\"/><img src=\"tbl_vjoin.png\" alt=\".\" style=\"background-color: inherit\" class=\"hierarchy\"/><img src=\"icon_element.gif\" alt=\".\" style=\"background-color: #F7F7F7; background-color: inherit\" title=\"Element\" class=\"hierarchy\"/> <a href=\"StructureDefinition-VASurgicalPathologyReport-definitions.html#DiagnosticReport.basedOn\">basedOn</a><a name=\"DiagnosticReport.basedOn\"> </a></td><td style=\"vertical-align: top; text-align : left; background-color: #F7F7F7; border: 0px #F0F0F0 solid; padding:0px 4px 0px 4px\" class=\"hierarchy\"/><td style=\"vertical-align: top; text-align : left; background-color: #F7F7F7; border: 0px #F0F0F0 solid; padding:0px 4px 0px 4px\" class=\"hierarchy\"/><td style=\"vertical-align: top; text-align : left; background-color: #F7F7F7; border: 0px #F0F0F0 solid; padding:0px 4px 0px 4px\" class=\"hierarchy\"/><td style=\"vertical-align: top; text-align : left; background-color: #F7F7F7; border: 0px #F0F0F0 solid; padding:0px 4px 0px 4px\" class=\"hierarchy\"/></tr>\r\n<tr style=\"border: 0px #F0F0F0 solid; padding:0px; vertical-align: top; background-color: white\"><td style=\"vertical-align: top; text-align : left; background-color: white; border: 0px #F0F0F0 solid; padding:0px 4px 0px 4px; white-space: nowrap; background-image: url(tbl_bck104.png)\" class=\"hierarchy\"><img src=\"tbl_spacer.png\" alt=\".\" style=\"background-color: inherit\" class=\"hierarchy\"/><img src=\"tbl_vline.png\" alt=\".\" style=\"background-color: inherit\" class=\"hierarchy\"/><img src=\"tbl_vjoin_end.png\" alt=\".\" style=\"background-color: inherit\" class=\"hierarchy\"/><img src=\"icon_slice_item.png\" alt=\".\" style=\"background-color: white; background-color: inherit\" title=\"Slice Item\" class=\"hierarchy\"/> <a href=\"StructureDefinition-VASurgicalPathologyReport-definitions.html#DiagnosticReport.basedOn.extension:request-extendedPriority\" title=\"Extension URL = http://va.gov/fhir/us/vha-ampl-ig/StructureDefinition/request-extendedPriority\">request-extendedPriority</a><a name=\"DiagnosticReport.basedOn.extension\"> </a></td><td style=\"vertical-align: top; text-align : left; background-color: white; border: 0px #F0F0F0 solid; padding:0px 4px 0px 4px\" class=\"hierarchy\"><span style=\"padding-left: 3px; padding-right: 3px; color: white; background-color: red\" title=\"This element must be supported\">S</span></td><td style=\"vertical-align: top; text-align : left; background-color: white; border: 0px #F0F0F0 solid; padding:0px 4px 0px 4px\" class=\"hierarchy\"><span style=\"opacity: 0.5\">0</span><span style=\"opacity: 0.5\">..</span><span style=\"opacity: 0.5\">*</span></td><td style=\"vertical-align: top; text-align : left; background-color: white; border: 0px #F0F0F0 solid; padding:0px 4px 0px 4px\" class=\"hierarchy\"><a href=\"http://hl7.org/fhir/STU3/datatypes.html#string\">string</a></td><td style=\"vertical-align: top; text-align : left; background-color: white; border: 0px #F0F0F0 solid; padding:0px 4px 0px 4px\" class=\"hierarchy\"><span style=\"opacity: 0.5\">Extension</span><br/><span style=\"font-weight:bold\">URL: </span><a href=\"http://hl7.org/fhir/STU3/StructureDefinition-request-extendedPriority.html\">http://va.gov/fhir/us/vha-ampl-ig/StructureDefinition/request-extendedPriority</a></td></tr>\r\n<tr style=\"border: 0px #F0F0F0 solid; padding:0px; vertical-align: top; background-color: #F7F7F7\"><td style=\"vertical-align: top; text-align : left; background-color: #F7F7F7; border: 0px #F0F0F0 solid; padding:0px 4px 0px 4px; white-space: nowrap; background-image: url(tbl_bck10.png)\" class=\"hierarchy\"><img src=\"tbl_spacer.png\" alt=\".\" style=\"background-color: inherit\" class=\"hierarchy\"/><img src=\"tbl_vjoin.png\" alt=\".\" style=\"background-color: inherit\" class=\"hierarchy\"/><img src=\"icon_element.gif\" alt=\".\" style=\"background-color: #F7F7F7; background-color: inherit\" title=\"Element\" class=\"hierarchy\"/> <a href=\"StructureDefinition-VASurgicalPathologyReport-definitions.html#DiagnosticReport.issued\" title=\"This is the date the report is completed.\">issued</a><a name=\"DiagnosticReport.issued\"> </a></td><td style=\"vertical-align: top; text-align : left; background-color: #F7F7F7; border: 0px #F0F0F0 solid; padding:0px 4px 0px 4px\" class=\"hierarchy\"><span style=\"padding-left: 3px; padding-right: 3px; color: white; background-color: red\" title=\"This element must be supported\">S</span></td><td style=\"vertical-align: top; text-align : left; background-color: #F7F7F7; border: 0px #F0F0F0 solid; padding:0px 4px 0px 4px\" class=\"hierarchy\"><span style=\"opacity: 0.5\">0</span><span style=\"opacity: 0.5\">..</span><span style=\"opacity: 0.5\">1</span></td><td style=\"vertical-align: top; text-align : left; background-color: #F7F7F7; border: 0px #F0F0F0 solid; padding:0px 4px 0px 4px\" class=\"hierarchy\"><a style=\"opacity: 0.5\" href=\"http://hl7.org/fhir/STU3/datatypes.html#instant\">instant</a></td><td style=\"vertical-align: top; text-align : left; background-color: #F7F7F7; border: 0px #F0F0F0 solid; padding:0px 4px 0px 4px\" class=\"hierarchy\"><span style=\"opacity: 0.5\">DateTime this version was released</span></td></tr>\r\n<tr style=\"border: 0px #F0F0F0 solid; padding:0px; vertical-align: top; background-color: white\"><td style=\"vertical-align: top; text-align : left; background-color: white; border: 0px #F0F0F0 solid; padding:0px 4px 0px 4px; white-space: nowrap; background-image: url(tbl_bck01.png)\" class=\"hierarchy\"><img src=\"tbl_spacer.png\" alt=\".\" style=\"background-color: inherit\" class=\"hierarchy\"/><img src=\"tbl_vjoin_end.png\" alt=\".\" style=\"background-color: inherit\" class=\"hierarchy\"/><img src=\"icon_element.gif\" alt=\".\" style=\"background-color: white; background-color: inherit\" title=\"Element\" class=\"hierarchy\"/> <a href=\"StructureDefinition-VASurgicalPathologyReport-definitions.html#DiagnosticReport.performer\">performer</a><a name=\"DiagnosticReport.performer\"> </a></td><td style=\"vertical-align: top; text-align : left; background-color: white; border: 0px #F0F0F0 solid; padding:0px 4px 0px 4px\" class=\"hierarchy\"/><td style=\"vertical-align: top; text-align : left; background-color: white; border: 0px #F0F0F0 solid; padding:0px 4px 0px 4px\" class=\"hierarchy\"/><td style=\"vertical-align: top; text-align : left; background-color: white; border: 0px #F0F0F0 solid; padding:0px 4px 0px 4px\" class=\"hierarchy\"/><td style=\"vertical-align: top; text-align : left; background-color: white; border: 0px #F0F0F0 solid; padding:0px 4px 0px 4px\" class=\"hierarchy\"/></tr>\r\n<tr style=\"border: 0px #F0F0F0 solid; padding:0px; vertical-align: top; background-color: #F7F7F7\"><td style=\"vertical-align: top; text-align : left; background-color: #F7F7F7; border: 0px #F0F0F0 solid; padding:0px 4px 0px 4px; white-space: nowrap; background-image: url(tbl_bck001.png)\" class=\"hierarchy\"><img src=\"tbl_spacer.png\" alt=\".\" style=\"background-color: inherit\" class=\"hierarchy\"/><img src=\"tbl_blank.png\" alt=\".\" style=\"background-color: inherit\" class=\"hierarchy\"/><img src=\"tbl_vjoin_end.png\" alt=\".\" style=\"background-color: inherit\" class=\"hierarchy\"/><img src=\"icon_element.gif\" alt=\".\" style=\"background-color: #F7F7F7; background-color: inherit\" title=\"Element\" class=\"hierarchy\"/> <a href=\"StructureDefinition-VASurgicalPathologyReport-definitions.html#DiagnosticReport.performer.actor\">actor</a><a name=\"DiagnosticReport.performer.actor\"> </a></td><td style=\"vertical-align: top; text-align : left; background-color: #F7F7F7; border: 0px #F0F0F0 solid; padding:0px 4px 0px 4px\" class=\"hierarchy\"/><td style=\"vertical-align: top; text-align : left; background-color: #F7F7F7; border: 0px #F0F0F0 solid; padding:0px 4px 0px 4px\" class=\"hierarchy\"/><td style=\"vertical-align: top; text-align : left; background-color: #F7F7F7; border: 0px #F0F0F0 solid; padding:0px 4px 0px 4px\" class=\"hierarchy\"/><td style=\"vertical-align: top; text-align : left; background-color: #F7F7F7; border: 0px #F0F0F0 solid; padding:0px 4px 0px 4px\" class=\"hierarchy\"/></tr>\r\n<tr style=\"border: 0px #F0F0F0 solid; padding:0px; vertical-align: top; background-color: white\"><td style=\"vertical-align: top; text-align : left; background-color: white; border: 0px #F0F0F0 solid; padding:0px 4px 0px 4px; white-space: nowrap; background-image: url(tbl_bck0000.png)\" class=\"hierarchy\"><img src=\"tbl_spacer.png\" alt=\".\" style=\"background-color: inherit\" class=\"hierarchy\"/><img src=\"tbl_blank.png\" alt=\".\" style=\"background-color: inherit\" class=\"hierarchy\"/><img src=\"tbl_blank.png\" alt=\".\" style=\"background-color: inherit\" class=\"hierarchy\"/><img src=\"tbl_vjoin_end.png\" alt=\".\" style=\"background-color: inherit\" class=\"hierarchy\"/><img src=\"icon_element.gif\" alt=\".\" style=\"background-color: white; background-color: inherit\" title=\"Element\" class=\"hierarchy\"/> <a href=\"StructureDefinition-VASurgicalPathologyReport-definitions.html#DiagnosticReport.performer.actor.display\" title=\"This is the pathologist performing the procedure.\">display</a><a name=\"DiagnosticReport.performer.actor.display\"> </a></td><td style=\"vertical-align: top; text-align : left; background-color: white; border: 0px #F0F0F0 solid; padding:0px 4px 0px 4px\" class=\"hierarchy\"><span style=\"padding-left: 3px; padding-right: 3px; color: white; background-color: red\" title=\"This element must be supported\">S</span></td><td style=\"vertical-align: top; text-align : left; background-color: white; border: 0px #F0F0F0 solid; padding:0px 4px 0px 4px\" class=\"hierarchy\"><span style=\"opacity: 0.5\">0</span><span style=\"opacity: 0.5\">..</span><span style=\"opacity: 0.5\">1</span></td><td style=\"vertical-align: top; text-align : left; background-color: white; border: 0px #F0F0F0 solid; padding:0px 4px 0px 4px\" class=\"hierarchy\"><a style=\"opacity: 0.5\" href=\"http://hl7.org/fhir/STU3/datatypes.html#string\">string</a></td><td style=\"vertical-align: top; text-align : left; background-color: white; border: 0px #F0F0F0 solid; padding:0px 4px 0px 4px\" class=\"hierarchy\"><span style=\"opacity: 0.5\">Text alternative for the resource</span></td></tr>\r\n<tr><td colspan=\"5\" class=\"hierarchy\"><br/><a href=\"http://hl7.org/fhir/STU3/formats.html#table\" title=\"Legend for this format\"><img src=\"http://hl7.org/fhir/STU3/help16.png\" alt=\"doco\" style=\"background-color: inherit\"/> Documentation for this format</a></td></tr></table></div>"
  },
  "url": "http://va.gov/fhir/us/vha-ampl-ig/StructureDefinition/VASurgicalPathologyReport",
  "version": "0.0.69",
  "name": "VASurgicalPathologyReport",
  "status": "draft",
  "date": "2021-05-02T08:06:07.686Z",
  "publisher": "JPSys",
  "contact": [
    {
      "telecom": [
        {
          "system": "other",
          "value": "https://jpsys.com"
        }
      ]
    }
  ],
  "jurisdiction": [
    {
      "coding": [
        {
          "system": "http://unstats.un.org/unsd/methods/m49/m49.htm",
          "code": "840"
        }
      ]
    }
  ],
  "fhirVersion": "3.0.2",
  "mapping": [
    {
      "identity": "vista",
      "uri": "http://va.gov/vista/",
      "name": "VistA"
    },
    {
      "identity": "workflow",
      "uri": "http://hl7.org/fhir/workflow",
      "name": "Workflow Mapping"
    },
    {
      "identity": "v2",
      "uri": "http://hl7.org/v2",
      "name": "HL7 v2 Mapping"
    },
    {
      "identity": "rim",
      "uri": "http://hl7.org/v3",
      "name": "RIM Mapping"
    },
    {
      "identity": "w5",
      "uri": "http://hl7.org/fhir/w5",
      "name": "W5 Mapping"
    }
  ],
  "kind": "resource",
  "abstract": false,
  "type": "DiagnosticReport",
  "baseDefinition": "http://hl7.org/fhir/StructureDefinition/DiagnosticReport",
  "derivation": "constraint",
  "snapshot": {
    "element": [
      {
        "id": "DiagnosticReport",
        "path": "DiagnosticReport",
        "short": "A Diagnostic report - a combination of request information, atomic results, images, interpretation, as well as formatted reports",
        "definition": "The findings and interpretation of diagnostic  tests performed on patients, groups of patients, devices, and locations, and/or specimens derived from these. The report includes clinical context such as requesting and provider information, and some mix of atomic results, images, textual and coded interpretations, and formatted representation of diagnostic reports.",
        "comment": "This is intended to capture a single report, and is not suitable for use in displaying summary information that covers multiple reports.  For example, this resource has not been designed for laboratory cumulative reporting formats nor detailed structured reports for sequencing.",
        "alias": [
          "Report",
          "Test",
          "Result",
          "Results",
          "Labs",
          "Laboratory"
        ],
        "min": 0,
        "max": "*",
        "base": {
          "path": "DiagnosticReport",
          "min": 0,
          "max": "*"
        },
        "constraint": [
          {
            "key": "dom-2",
            "severity": "error",
            "human": "If the resource is contained in another resource, it SHALL NOT contain nested Resources",
            "expression": "contained.contained.empty()",
            "xpath": "not(parent::f:contained and f:contained)",
            "source": "http://hl7.org/fhir/StructureDefinition/DomainResource"
          },
          {
            "key": "dom-1",
            "severity": "error",
            "human": "If the resource is contained in another resource, it SHALL NOT contain any narrative",
            "expression": "contained.text.empty()",
            "xpath": "not(parent::f:contained and f:text)",
            "source": "http://hl7.org/fhir/StructureDefinition/DomainResource"
          },
          {
            "key": "dom-4",
            "severity": "error",
            "human": "If a resource is contained in another resource, it SHALL NOT have a meta.versionId or a meta.lastUpdated",
            "expression": "contained.meta.versionId.empty() and contained.meta.lastUpdated.empty()",
            "xpath": "not(exists(f:contained/*/f:meta/f:versionId)) and not(exists(f:contained/*/f:meta/f:lastUpdated))",
            "source": "http://hl7.org/fhir/StructureDefinition/DomainResource"
          },
          {
            "key": "dom-3",
            "severity": "error",
            "human": "If the resource is contained in another resource, it SHALL be referred to from elsewhere in the resource",
            "expression": "contained.where(('#'+id in %resource.descendants().reference).not()).empty()",
            "xpath": "not(exists(for $id in f:contained/*/@id return $id[not(ancestor::f:contained/parent::*/descendant::f:reference/@value=concat('#', $id))]))",
            "source": "http://hl7.org/fhir/StructureDefinition/DomainResource"
          }
        ],
        "mapping": [
          {
            "identity": "rim",
            "map": "Entity. Role, or Act"
          },
          {
            "identity": "workflow",
            "map": "Event"
          },
          {
            "identity": "v2",
            "map": "ORU -> OBR"
          },
          {
            "identity": "rim",
            "map": "Observation[classCode=OBS, moodCode=EVN]"
          },
          {
            "identity": "w5",
            "map": "clinical.diagnostics"
          }
        ]
      },
      {
        "id": "DiagnosticReport.id",
        "path": "DiagnosticReport.id",
        "short": "Logical id of this artifact",
        "definition": "The logical id of the resource, as used in the URL for the resource. Once assigned, this value never changes.",
        "comment": "The only time that a resource does not have an id is when it is being submitted to the server using a create operation.",
        "min": 0,
        "max": "1",
        "base": {
          "path": "Resource.id",
          "min": 0,
          "max": "1"
        },
        "type": [
          {
            "code": "id"
          }
        ],
        "isSummary": true
      },
      {
        "id": "DiagnosticReport.meta",
        "path": "DiagnosticReport.meta",
        "short": "Metadata about the resource",
        "definition": "The metadata about the resource. This is content that is maintained by the infrastructure. Changes to the content may not always be associated with version changes to the resource.",
        "min": 0,
        "max": "1",
        "base": {
          "path": "Resource.meta",
          "min": 0,
          "max": "1"
        },
        "type": [
          {
            "code": "Meta"
          }
        ],
        "isSummary": true
      },
      {
        "id": "DiagnosticReport.implicitRules",
        "path": "DiagnosticReport.implicitRules",
        "short": "A set of rules under which this content was created",
        "definition": "A reference to a set of rules that were followed when the resource was constructed, and which must be understood when processing the content.",
        "comment": "Asserting this rule set restricts the content to be only understood by a limited set of trading partners. This inherently limits the usefulness of the data in the long term. However, the existing health eco-system is highly fractured, and not yet ready to define, collect, and exchange data in a generally computable sense. Wherever possible, implementers and/or specification writers should avoid using this element. \n\nThis element is labelled as a modifier because the implicit rules may provide additional knowledge about the resource that modifies it's meaning or interpretation.",
        "min": 0,
        "max": "1",
        "base": {
          "path": "Resource.implicitRules",
          "min": 0,
          "max": "1"
        },
        "type": [
          {
            "code": "uri"
          }
        ],
        "isModifier": true,
        "isSummary": true
      },
      {
        "id": "DiagnosticReport.language",
        "path": "DiagnosticReport.language",
        "short": "Language of the resource content",
        "definition": "The base language in which the resource is written.",
        "comment": "Language is provided to support indexing and accessibility (typically, services such as text to speech use the language tag). The html language tag in the narrative applies  to the narrative. The language tag on the resource may be used to specify the language of other presentations generated from the data in the resource  Not all the content has to be in the base language. The Resource.language should not be assumed to apply to the narrative automatically. If a language is specified, it should it also be specified on the div element in the html (see rules in HTML5 for information about the relationship between xml:lang and the html lang attribute).",
        "min": 0,
        "max": "1",
        "base": {
          "path": "Resource.language",
          "min": 0,
          "max": "1"
        },
        "type": [
          {
            "code": "code"
          }
        ],
        "binding": {
          "extension": [
            {
              "url": "http://hl7.org/fhir/StructureDefinition/elementdefinition-maxValueSet",
              "valueReference": {
                "reference": "http://hl7.org/fhir/ValueSet/all-languages"
              }
            },
            {
              "url": "http://hl7.org/fhir/StructureDefinition/elementdefinition-bindingName",
              "valueString": "Language"
            },
            {
              "url": "http://hl7.org/fhir/StructureDefinition/elementdefinition-isCommonBinding",
              "valueBoolean": true
            }
          ],
          "strength": "extensible",
          "description": "A human language.",
          "valueSetReference": {
            "reference": "http://hl7.org/fhir/ValueSet/languages"
          }
        }
      },
      {
        "id": "DiagnosticReport.text",
        "path": "DiagnosticReport.text",
        "short": "Text summary of the resource, for human interpretation",
        "definition": "A human-readable narrative that contains a summary of the resource, and may be used to represent the content of the resource to a human. The narrative need not encode all the structured data, but is required to contain sufficient detail to make it \"clinically safe\" for a human to just read the narrative. Resource definitions may define what content should be represented in the narrative to ensure clinical safety.",
        "comment": "Contained resources do not have narrative. Resources that are not contained SHOULD have a narrative. In some cases, a resource may only have text with little or no additional discrete data (as long as all minOccurs=1 elements are satisfied).  This may be necessary for data from legacy systems where information is captured as a \"text blob\" or where text is additionally entered raw or narrated and encoded in formation is added later.",
        "alias": [
          "narrative",
          "html",
          "xhtml",
          "display"
        ],
        "min": 0,
        "max": "1",
        "base": {
          "path": "DomainResource.text",
          "min": 0,
          "max": "1"
        },
        "type": [
          {
            "code": "Narrative"
          }
        ],
        "condition": [
          "dom-1"
        ],
        "mapping": [
          {
            "identity": "rim",
            "map": "Act.text?"
          }
        ]
      },
      {
        "id": "DiagnosticReport.contained",
        "path": "DiagnosticReport.contained",
        "short": "Contained, inline Resources",
        "definition": "These resources do not have an independent existence apart from the resource that contains them - they cannot be identified independently, and nor can they have their own independent transaction scope.",
        "comment": "This should never be done when the content can be identified properly, as once identification is lost, it is extremely difficult (and context dependent) to restore it again.",
        "alias": [
          "inline resources",
          "anonymous resources",
          "contained resources"
        ],
        "min": 0,
        "max": "*",
        "base": {
          "path": "DomainResource.contained",
          "min": 0,
          "max": "*"
        },
        "type": [
          {
            "code": "Resource"
          }
        ],
        "mapping": [
          {
            "identity": "rim",
            "map": "N/A"
          }
        ]
      },
      {
        "id": "DiagnosticReport.extension",
        "path": "DiagnosticReport.extension",
        "slicing": {
          "discriminator": [
            {
              "type": "value",
              "path": "url"
            }
          ],
          "ordered": false,
          "rules": "open"
        },
        "short": "Extension",
        "definition": "An Extension",
        "min": 0,
        "max": "*",
        "base": {
          "path": "DomainResource.extension",
          "min": 0,
          "max": "*"
        },
        "type": [
          {
            "code": "Extension"
          }
        ]
      },
      {
        "id": "DiagnosticReport.extension:referencedDocument-uri",
        "path": "DiagnosticReport.extension",
        "sliceName": "referencedDocument-uri",
        "label": "TIU ENTRY POINTER SP",
        "short": "Extension",
        "definition": "This field is a pointer to the TIU DOCUMENT (#8925) file.  It stores the pointer for a surgical pathology SF515 that has been electronically signed and stored in TIU.",
        "min": 0,
        "max": "*",
        "base": {
          "path": "DomainResource.extension",
          "min": 0,
          "max": "*"
        },
        "type": [
          {
            "code": "Extension",
            "profile": "http://va.gov/fhir/us/vha-ampl-ig/StructureDefinition/referencedDocument.uri"
          }
        ],
        "condition": [
          "ele-1"
        ],
        "constraint": [
          {
            "key": "ele-1",
            "severity": "error",
            "human": "All FHIR elements must have a @value or children",
            "expression": "hasValue() | (children().count() > id.count())",
            "xpath": "@value|f:*|h:div",
            "source": "http://hl7.org/fhir/StructureDefinition/Element"
          },
          {
            "key": "ext-1",
            "severity": "error",
            "human": "Must have either extensions or value[x], not both",
            "expression": "extension.exists() != value.exists()",
            "xpath": "exists(f:extension)!=exists(f:*[starts-with(local-name(.), 'value')])",
            "source": "http://hl7.org/fhir/StructureDefinition/Extension"
          }
        ],
        "mustSupport": true,
        "mapping": [
          {
            "identity": "vista",
            "map": "undefined @TIU ENTRY POINTER SP 63.19-1"
          }
        ]
      },
      {
        "id": "DiagnosticReport.extension:referencedDocument-display",
        "path": "DiagnosticReport.extension",
        "sliceName": "referencedDocument-display",
        "label": "TIU REFERENCE DATE/TIME - SP",
        "short": "Extension",
        "definition": "This is the date and time that the surgical pathology SF515 was stored in TIU. It will match the REFERENCE DATE (#1301) field of the corresponding document in the TIU DOCUMENT (#8925) file.",
        "min": 0,
        "max": "*",
        "base": {
          "path": "DomainResource.extension",
          "min": 0,
          "max": "*"
        },
        "type": [
          {
            "code": "Extension",
            "profile": "http://va.gov/fhir/us/vha-ampl-ig/StructureDefinition/referencedDocument.display"
          }
        ],
        "condition": [
          "ele-1"
        ],
        "constraint": [
          {
            "key": "ele-1",
            "severity": "error",
            "human": "All FHIR elements must have a @value or children",
            "expression": "hasValue() | (children().count() > id.count())",
            "xpath": "@value|f:*|h:div",
            "source": "http://hl7.org/fhir/StructureDefinition/Element"
          },
          {
            "key": "ext-1",
            "severity": "error",
            "human": "Must have either extensions or value[x], not both",
            "expression": "extension.exists() != value.exists()",
            "xpath": "exists(f:extension)!=exists(f:*[starts-with(local-name(.), 'value')])",
            "source": "http://hl7.org/fhir/StructureDefinition/Extension"
          }
        ],
        "mustSupport": true,
        "mapping": [
          {
            "identity": "vista",
            "map": "undefined @TIU REFERENCE DATE/TIME - SP 63.19-.01"
          }
        ]
      },
      {
        "id": "DiagnosticReport.modifierExtension",
        "path": "DiagnosticReport.modifierExtension",
        "short": "Extensions that cannot be ignored",
        "definition": "May be used to represent additional information that is not part of the basic definition of the resource, and that modifies the understanding of the element that contains it. Usually modifier elements provide negation or qualification. In order to make the use of extensions safe and manageable, there is a strict set of governance applied to the definition and use of extensions. Though any implementer is allowed to define an extension, there is a set of requirements that SHALL be met as part of the definition of the extension. Applications processing a resource are required to check for modifier extensions.",
        "comment": "There can be no stigma associated with the use of extensions by any application, project, or standard - regardless of the institution or jurisdiction that uses or defines the extensions.  The use of extensions is what allows the FHIR specification to retain a core level of simplicity for everyone.",
        "alias": [
          "extensions",
          "user content"
        ],
        "min": 0,
        "max": "*",
        "base": {
          "path": "DomainResource.modifierExtension",
          "min": 0,
          "max": "*"
        },
        "type": [
          {
            "code": "Extension"
          }
        ],
        "isModifier": true,
        "mapping": [
          {
            "identity": "rim",
            "map": "N/A"
          }
        ]
      },
      {
        "id": "DiagnosticReport.identifier",
        "path": "DiagnosticReport.identifier",
        "short": "Business identifier for report",
        "definition": "Identifiers assigned to this report by the performer or other systems.",
        "comment": "Usually assigned by the Information System of the diagnostic service provider (filler id).",
        "requirements": "Need to know what identifier to use when making queries about this report from the source laboratory, and for linking to the report outside FHIR context.",
        "alias": [
          "ReportID",
          "Filler ID",
          "Placer ID"
        ],
        "min": 0,
        "max": "*",
        "base": {
          "path": "DiagnosticReport.identifier",
          "min": 0,
          "max": "*"
        },
        "type": [
          {
            "code": "Identifier"
          }
        ],
        "isSummary": true,
        "mapping": [
          {
            "identity": "workflow",
            "map": "Event.identifier"
          },
          {
            "identity": "v2",
            "map": "OBR-51"
          },
          {
            "identity": "rim",
            "map": "id"
          },
          {
            "identity": "w5",
            "map": "id"
          }
        ]
      },
      {
        "id": "DiagnosticReport.basedOn",
        "path": "DiagnosticReport.basedOn",
        "short": "What was requested",
        "definition": "Details concerning a test or procedure requested.",
        "comment": "Note: Usually there is one test request for each result, however in some circumstances multiple test requests may be represented using a single test result resource. Note that there are also cases where one request leads to multiple reports.",
        "requirements": "This allows tracing of authorization for the report and tracking whether proposals/recommendations were acted upon.",
        "alias": [
          "Request"
        ],
        "min": 0,
        "max": "*",
        "base": {
          "path": "DiagnosticReport.basedOn",
          "min": 0,
          "max": "*"
        },
        "type": [
          {
            "code": "Reference",
            "targetProfile": "http://hl7.org/fhir/StructureDefinition/CarePlan"
          },
          {
            "code": "Reference",
            "targetProfile": "http://hl7.org/fhir/StructureDefinition/ImmunizationRecommendation"
          },
          {
            "code": "Reference",
            "targetProfile": "http://hl7.org/fhir/StructureDefinition/MedicationRequest"
          },
          {
            "code": "Reference",
            "targetProfile": "http://hl7.org/fhir/StructureDefinition/NutritionOrder"
          },
          {
            "code": "Reference",
            "targetProfile": "http://hl7.org/fhir/StructureDefinition/ProcedureRequest"
          },
          {
            "code": "Reference",
            "targetProfile": "http://hl7.org/fhir/StructureDefinition/ReferralRequest"
          }
        ],
        "mapping": [
          {
            "identity": "workflow",
            "map": "Event.basedOn"
          },
          {
            "identity": "v2",
            "map": "ORC? OBR-2/3?"
          },
          {
            "identity": "rim",
            "map": "outboundRelationship[typeCode=FLFS].target"
          }
        ]
      },
      {
        "id": "DiagnosticReport.basedOn.id",
        "path": "DiagnosticReport.basedOn.id",
        "representation": [
          "xmlAttr"
        ],
        "short": "xml:id (or equivalent in JSON)",
        "definition": "unique id for the element within a resource (for internal references). This may be any string value that does not contain spaces.",
        "min": 0,
        "max": "1",
        "base": {
          "path": "Element.id",
          "min": 0,
          "max": "1"
        },
        "type": [
          {
            "code": "string"
          }
        ],
        "mapping": [
          {
            "identity": "rim",
            "map": "n/a"
          }
        ]
      },
      {
        "id": "DiagnosticReport.basedOn.extension",
        "path": "DiagnosticReport.basedOn.extension",
        "slicing": {
          "discriminator": [
            {
              "type": "value",
              "path": "url"
            }
          ],
          "description": "Extensions are always sliced by (at least) url",
          "rules": "open"
        },
        "short": "Additional Content defined by implementations",
        "definition": "May be used to represent additional information that is not part of the basic definition of the element. In order to make the use of extensions safe and manageable, there is a strict set of governance  applied to the definition and use of extensions. Though any implementer is allowed to define an extension, there is a set of requirements that SHALL be met as part of the definition of the extension.",
        "comment": "There can be no stigma associated with the use of extensions by any application, project, or standard - regardless of the institution or jurisdiction that uses or defines the extensions.  The use of extensions is what allows the FHIR specification to retain a core level of simplicity for everyone.",
        "alias": [
          "extensions",
          "user content"
        ],
        "min": 0,
        "max": "*",
        "base": {
          "path": "Element.extension",
          "min": 0,
          "max": "*"
        },
        "type": [
          {
            "code": "Extension"
          }
        ],
        "mapping": [
          {
            "identity": "rim",
            "map": "n/a"
          }
        ]
      },
      {
        "id": "DiagnosticReport.basedOn.extension:request-extendedPriority",
        "path": "DiagnosticReport.basedOn.extension",
        "sliceName": "request-extendedPriority",
        "label": "ORDER URGENCY",
        "short": "Optional Extensions Element",
        "definition": "Optional Extension Element - found in all resources.",
        "min": 0,
        "max": "*",
        "base": {
          "path": "Element.extension",
          "min": 0,
          "max": "*"
        },
        "type": [
          {
            "code": "Extension",
            "profile": "http://va.gov/fhir/us/vha-ampl-ig/StructureDefinition/request-extendedPriority"
          }
        ],
        "mustSupport": true,
        "mapping": [
          {
            "identity": "rim",
            "map": "n/a"
          },
          {
            "identity": "rim",
            "map": "N/A"
          },
          {
            "identity": "vista",
            "map": "ORDERED TEST @ORDER URGENCY 63.53-2b"
          }
        ]
      },
      {
        "id": "DiagnosticReport.basedOn.reference",
        "path": "DiagnosticReport.basedOn.reference",
        "short": "Literal reference, Relative, internal or absolute URL",
        "definition": "A reference to a location at which the other resource is found. The reference may be a relative reference, in which case it is relative to the service base URL, or an absolute URL that resolves to the location where the resource is found. The reference may be version specific or not. If the reference is not to a FHIR RESTful server, then it should be assumed to be version specific. Internal fragment references (start with '#') refer to contained resources.",
        "comment": "Using absolute URLs provides a stable scalable approach suitable for a cloud/web context, while using relative/logical references provides a flexible approach suitable for use when trading across closed eco-system boundaries.   Absolute URLs do not need to point to a FHIR RESTful server, though this is the preferred approach. If the URL conforms to the structure \"/[type]/[id]\" then it should be assumed that the reference is to a FHIR RESTful server.",
        "min": 0,
        "max": "1",
        "base": {
          "path": "Reference.reference",
          "min": 0,
          "max": "1"
        },
        "type": [
          {
            "code": "string"
          }
        ],
        "condition": [
          "ref-1"
        ],
        "isSummary": true,
        "mapping": [
          {
            "identity": "rim",
            "map": "N/A"
          }
        ]
      },
      {
        "id": "DiagnosticReport.basedOn.identifier",
        "path": "DiagnosticReport.basedOn.identifier",
        "short": "Logical reference, when literal reference is not known",
        "definition": "An identifier for the other resource. This is used when there is no way to reference the other resource directly, either because the entity is not available through a FHIR server, or because there is no way for the author of the resource to convert a known identifier to an actual location. There is no requirement that a Reference.identifier point to something that is actually exposed as a FHIR instance, but it SHALL point to a business concept that would be expected to be exposed as a FHIR instance, and that instance would need to be of a FHIR resource type allowed by the reference.",
        "comment": "When an identifier is provided in place of a reference, any system processing the reference will only be able to resolve the identifier to a reference if it understands the business context in which the identifier is used. Sometimes this is global (e.g. a national identifier) but often it is not. For this reason, none of the useful mechanisms described for working with references (e.g. chaining, includes) are possible, nor should servers be expected to be able resolve the reference. Servers may accept an identifier based reference untouched, resolve it, and/or reject it - see CapabilityStatement.rest.resource.referencePolicy. \n\nWhen both an identifier and a literal reference are provided, the literal reference is preferred. Applications processing the resource are allowed - but not required - to check that the identifier matches the literal reference\n\nApplications converting a logical reference to a literal reference may choose to leave the logical reference present, or remove it.",
        "min": 0,
        "max": "1",
        "base": {
          "path": "Reference.identifier",
          "min": 0,
          "max": "1"
        },
        "type": [
          {
            "code": "Identifier"
          }
        ],
        "isSummary": true,
        "mapping": [
          {
            "identity": "rim",
            "map": ".identifier"
          }
        ]
      },
      {
        "id": "DiagnosticReport.basedOn.display",
        "extension": [
          {
            "url": "http://hl7.org/fhir/StructureDefinition/elementdefinition-translatable",
            "valueBoolean": true
          }
        ],
        "path": "DiagnosticReport.basedOn.display",
        "short": "Text alternative for the resource",
        "definition": "Plain text narrative that identifies the resource in addition to the resource reference.",
        "comment": "This is generally not the same as the Resource.text of the referenced resource.  The purpose is to identify what's being referenced, not to fully describe it.",
        "min": 0,
        "max": "1",
        "base": {
          "path": "Reference.display",
          "min": 0,
          "max": "1"
        },
        "type": [
          {
            "code": "string"
          }
        ],
        "isSummary": true,
        "mapping": [
          {
            "identity": "rim",
            "map": "N/A"
          }
        ]
      },
      {
        "id": "DiagnosticReport.status",
        "path": "DiagnosticReport.status",
        "short": "registered | partial | preliminary | final +",
        "definition": "The status of the diagnostic report as a whole.",
        "comment": "This is labeled as \"Is Modifier\" because applications need to take appropriate action if a report is withdrawn.",
        "requirements": "Diagnostic services routinely issue provisional/incomplete reports, and sometimes withdraw previously released reports.",
        "min": 1,
        "max": "1",
        "base": {
          "path": "DiagnosticReport.status",
          "min": 1,
          "max": "1"
        },
        "type": [
          {
            "code": "code"
          }
        ],
        "isModifier": true,
        "isSummary": true,
        "binding": {
          "extension": [
            {
              "url": "http://hl7.org/fhir/StructureDefinition/elementdefinition-bindingName",
              "valueString": "DiagnosticReportStatus"
            }
          ],
          "strength": "required",
          "description": "The status of the diagnostic report as a whole.",
          "valueSetReference": {
            "reference": "http://hl7.org/fhir/ValueSet/diagnostic-report-status"
          }
        },
        "mapping": [
          {
            "identity": "workflow",
            "map": "Event.status"
          },
          {
            "identity": "v2",
            "map": "OBR-25 (not 1:1 mapping)"
          },
          {
            "identity": "rim",
            "map": "statusCode  Note: final and amended are distinguished by whether observation is the subject of a ControlAct event of type \"revise\""
          },
          {
            "identity": "w5",
            "map": "status"
          }
        ]
      },
      {
        "id": "DiagnosticReport.category",
        "path": "DiagnosticReport.category",
        "short": "Service category",
        "definition": "A code that classifies the clinical discipline, department or diagnostic service that created the report (e.g. cardiology, biochemistry, hematology, MRI). This is used for searching, sorting and display purposes.",
        "comment": "The level of granularity is defined by the category concepts in the value set. More fine-grained filtering can be performed using the metadata and/or terminology hierarchy in DiagnosticReport.code.",
        "alias": [
          "Department",
          "Sub-department",
          "Service",
          "Discipline"
        ],
        "min": 0,
        "max": "1",
        "base": {
          "path": "DiagnosticReport.category",
          "min": 0,
          "max": "1"
        },
        "type": [
          {
            "code": "CodeableConcept"
          }
        ],
        "isSummary": true,
        "binding": {
          "extension": [
            {
              "url": "http://hl7.org/fhir/StructureDefinition/elementdefinition-bindingName",
              "valueString": "DiagnosticServiceSection"
            }
          ],
          "strength": "example",
          "description": "Codes for diagnostic service sections.",
          "valueSetReference": {
            "reference": "http://hl7.org/fhir/ValueSet/diagnostic-service-sections"
          }
        },
        "mapping": [
          {
            "identity": "v2",
            "map": "OBR-24"
          },
          {
            "identity": "rim",
            "map": "inboundRelationship[typeCode=COMP].source[classCode=LIST, moodCode=EVN, code < LabService].code"
          },
          {
            "identity": "w5",
            "map": "class"
          }
        ]
      },
      {
        "id": "DiagnosticReport.code",
        "path": "DiagnosticReport.code",
        "short": "Name/Code for this diagnostic report",
        "definition": "A code or name that describes this diagnostic report.",
        "alias": [
          "Type"
        ],
        "min": 1,
        "max": "1",
        "base": {
          "path": "DiagnosticReport.code",
          "min": 1,
          "max": "1"
        },
        "type": [
          {
            "code": "CodeableConcept"
          }
        ],
        "isSummary": true,
        "binding": {
          "extension": [
            {
              "url": "http://hl7.org/fhir/StructureDefinition/elementdefinition-bindingName",
              "valueString": "DiagnosticReportCodes"
            }
          ],
          "strength": "preferred",
          "description": "Codes that describe Diagnostic Reports.",
          "valueSetReference": {
            "reference": "http://hl7.org/fhir/ValueSet/report-codes"
          }
        },
        "mapping": [
          {
            "identity": "workflow",
            "map": "Event.code"
          },
          {
            "identity": "v2",
            "map": "OBR-4 (HL7 v2 doesn't provide an easy way to indicate both the ordered test and the performed panel)"
          },
          {
            "identity": "rim",
            "map": "code"
          },
          {
            "identity": "w5",
            "map": "what"
          }
        ]
      },
      {
        "id": "DiagnosticReport.subject",
        "path": "DiagnosticReport.subject",
        "short": "The subject of the report - usually, but not always, the patient",
        "definition": "The subject of the report. Usually, but not always, this is a patient. However diagnostic services also perform analyses on specimens collected from a variety of other sources.",
        "requirements": "SHALL know the subject context.",
        "alias": [
          "Patient"
        ],
        "min": 0,
        "max": "1",
        "base": {
          "path": "DiagnosticReport.subject",
          "min": 0,
          "max": "1"
        },
        "type": [
          {
            "code": "Reference",
            "targetProfile": "http://hl7.org/fhir/StructureDefinition/Patient"
          },
          {
            "code": "Reference",
            "targetProfile": "http://hl7.org/fhir/StructureDefinition/Group"
          },
          {
            "code": "Reference",
            "targetProfile": "http://hl7.org/fhir/StructureDefinition/Device"
          },
          {
            "code": "Reference",
            "targetProfile": "http://hl7.org/fhir/StructureDefinition/Location"
          }
        ],
        "isSummary": true,
        "mapping": [
          {
            "identity": "workflow",
            "map": "Event.subject"
          },
          {
            "identity": "v2",
            "map": "PID-3 (no HL7 v2 mapping for Group or Device)"
          },
          {
            "identity": "rim",
            "map": "participation[typeCode=SBJ]"
          },
          {
            "identity": "w5",
            "map": "who.focus"
          }
        ]
      },
      {
        "id": "DiagnosticReport.context",
        "path": "DiagnosticReport.context",
        "short": "Health care event when test ordered",
        "definition": "The healthcare event  (e.g. a patient and healthcare provider interaction) which this DiagnosticReport per is about.",
        "comment": "This will typically be the encounter the event occurred within, but some events may be initiated prior to or after the official completion of an encounter or episode but still be tied to the context of the encounter or episode (e.g. pre-admission lab tests).",
        "requirements": "Links the request to the Encounter context.",
        "alias": [
          "Encounter"
        ],
        "min": 0,
        "max": "1",
        "base": {
          "path": "DiagnosticReport.context",
          "min": 0,
          "max": "1"
        },
        "type": [
          {
            "code": "Reference",
            "targetProfile": "http://hl7.org/fhir/StructureDefinition/Encounter"
          },
          {
            "code": "Reference",
            "targetProfile": "http://hl7.org/fhir/StructureDefinition/EpisodeOfCare"
          }
        ],
        "isSummary": true,
        "mapping": [
          {
            "identity": "workflow",
            "map": "Event.context"
          },
          {
            "identity": "v2",
            "map": "PV1-19"
          },
          {
            "identity": "rim",
            "map": "inboundRelationship[typeCode=COMP].source[classCode=ENC, moodCode=EVN]"
          },
          {
            "identity": "w5",
            "map": "context"
          }
        ]
      },
      {
        "id": "DiagnosticReport.effective[x]",
        "path": "DiagnosticReport.effective[x]",
        "short": "Clinically relevant time/time-period for report",
        "definition": "The time or time-period the observed values are related to. When the subject of the report is a patient, this is usually either the time of the procedure or of specimen collection(s), but very often the source of the date/time is not known, only the date/time itself.",
        "comment": "If the diagnostic procedure was performed on the patient, this is the time it was performed. If there are specimens, the diagnostically relevant time can be derived from the specimen collection times, but the specimen information is not always available, and the exact relationship between the specimens and the diagnostically relevant time is not always automatic.",
        "requirements": "Need to know where in the patient history to file/present this report.",
        "alias": [
          "Observation time",
          "Effective Time",
          "Occurrence"
        ],
        "min": 0,
        "max": "1",
        "base": {
          "path": "DiagnosticReport.effective[x]",
          "min": 0,
          "max": "1"
        },
        "type": [
          {
            "code": "dateTime"
          },
          {
            "code": "Period"
          }
        ],
        "isSummary": true,
        "mapping": [
          {
            "identity": "workflow",
            "map": "Event.occurrence[x]"
          },
          {
            "identity": "v2",
            "map": "OBR-7"
          },
          {
            "identity": "rim",
            "map": "effectiveTime"
          },
          {
            "identity": "w5",
            "map": "when.done"
          }
        ]
      },
      {
        "id": "DiagnosticReport.issued",
        "path": "DiagnosticReport.issued",
        "label": "DATE REPORT COMPLETED",
        "short": "DateTime this version was released",
        "definition": "This is the date the report is completed.",
        "comment": "May be different from the update time of the resource itself, because that is the status of the record (potentially a secondary copy), not the actual release time of the report.",
        "requirements": "Clinicians need to be able to check the date that the report was released.",
        "alias": [
          "Date Created",
          "Date published",
          "Date Issued"
        ],
        "min": 0,
        "max": "1",
        "base": {
          "path": "DiagnosticReport.issued",
          "min": 0,
          "max": "1"
        },
        "type": [
          {
            "code": "instant"
          }
        ],
        "mustSupport": true,
        "isSummary": true,
        "mapping": [
          {
            "identity": "v2",
            "map": "OBR-22"
          },
          {
            "identity": "rim",
            "map": "participation[typeCode=VRF or AUT].time"
          },
          {
            "identity": "w5",
            "map": "when.recorded"
          },
          {
            "identity": "vista",
            "map": "SURGICAL PATHOLOGY @DATE REPORT COMPLETED 63.08-.03"
          }
        ]
      },
      {
        "id": "DiagnosticReport.performer",
        "path": "DiagnosticReport.performer",
        "short": "Participants in producing the report",
        "definition": "Indicates who or what participated in producing the report.",
        "alias": [
          "Laboratory",
          "Service",
          "Practitioner",
          "Department",
          "Company"
        ],
        "min": 0,
        "max": "*",
        "base": {
          "path": "DiagnosticReport.performer",
          "min": 0,
          "max": "*"
        },
        "type": [
          {
            "code": "BackboneElement"
          }
        ],
        "constraint": [
          {
            "key": "ele-1",
            "severity": "error",
            "human": "All FHIR elements must have a @value or children",
            "expression": "hasValue() | (children().count() > id.count())",
            "xpath": "@value|f:*|h:div",
            "source": "http://hl7.org/fhir/StructureDefinition/Element"
          }
        ],
        "isSummary": true,
        "mapping": [
          {
            "identity": "workflow",
            "map": "Event.performer"
          },
          {
            "identity": "v2",
            "map": "PRT-8 (where this PRT-4-Participation = \"PO\")"
          },
          {
            "identity": "rim",
            "map": ".participation[typeCode=PRF]"
          },
          {
            "identity": "w5",
            "map": "who.witness"
          }
        ]
      },
      {
        "id": "DiagnosticReport.performer.id",
        "path": "DiagnosticReport.performer.id",
        "representation": [
          "xmlAttr"
        ],
        "short": "xml:id (or equivalent in JSON)",
        "definition": "unique id for the element within a resource (for internal references). This may be any string value that does not contain spaces.",
        "min": 0,
        "max": "1",
        "base": {
          "path": "Element.id",
          "min": 0,
          "max": "1"
        },
        "type": [
          {
            "code": "string"
          }
        ],
        "mapping": [
          {
            "identity": "rim",
            "map": "n/a"
          }
        ]
      },
      {
        "id": "DiagnosticReport.performer.extension",
        "path": "DiagnosticReport.performer.extension",
        "short": "Additional Content defined by implementations",
        "definition": "May be used to represent additional information that is not part of the basic definition of the element. In order to make the use of extensions safe and manageable, there is a strict set of governance  applied to the definition and use of extensions. Though any implementer is allowed to define an extension, there is a set of requirements that SHALL be met as part of the definition of the extension.",
        "comment": "There can be no stigma associated with the use of extensions by any application, project, or standard - regardless of the institution or jurisdiction that uses or defines the extensions.  The use of extensions is what allows the FHIR specification to retain a core level of simplicity for everyone.",
        "alias": [
          "extensions",
          "user content"
        ],
        "min": 0,
        "max": "*",
        "base": {
          "path": "Element.extension",
          "min": 0,
          "max": "*"
        },
        "type": [
          {
            "code": "Extension"
          }
        ],
        "mapping": [
          {
            "identity": "rim",
            "map": "n/a"
          }
        ]
      },
      {
        "id": "DiagnosticReport.performer.modifierExtension",
        "path": "DiagnosticReport.performer.modifierExtension",
        "short": "Extensions that cannot be ignored",
        "definition": "May be used to represent additional information that is not part of the basic definition of the element, and that modifies the understanding of the element that contains it. Usually modifier elements provide negation or qualification. In order to make the use of extensions safe and manageable, there is a strict set of governance applied to the definition and use of extensions. Though any implementer is allowed to define an extension, there is a set of requirements that SHALL be met as part of the definition of the extension. Applications processing a resource are required to check for modifier extensions.",
        "comment": "There can be no stigma associated with the use of extensions by any application, project, or standard - regardless of the institution or jurisdiction that uses or defines the extensions.  The use of extensions is what allows the FHIR specification to retain a core level of simplicity for everyone.",
        "alias": [
          "extensions",
          "user content",
          "modifiers"
        ],
        "min": 0,
        "max": "*",
        "base": {
          "path": "BackboneElement.modifierExtension",
          "min": 0,
          "max": "*"
        },
        "type": [
          {
            "code": "Extension"
          }
        ],
        "isModifier": true,
        "isSummary": true,
        "mapping": [
          {
            "identity": "rim",
            "map": "N/A"
          }
        ]
      },
      {
        "id": "DiagnosticReport.performer.role",
        "path": "DiagnosticReport.performer.role",
        "short": "Type of performer",
        "definition": "Describes the type of participation (e.g.  a responsible party, author, or verifier).",
        "min": 0,
        "max": "1",
        "base": {
          "path": "DiagnosticReport.performer.role",
          "min": 0,
          "max": "1"
        },
        "type": [
          {
            "code": "CodeableConcept"
          }
        ],
        "isSummary": true,
        "binding": {
          "extension": [
            {
              "url": "http://hl7.org/fhir/StructureDefinition/elementdefinition-bindingName",
              "valueString": "Role"
            }
          ],
          "strength": "example",
          "description": "Indicate a role of diagnostic report performer",
          "valueSetReference": {
            "reference": "http://hl7.org/fhir/ValueSet/performer-role"
          }
        },
        "mapping": [
          {
            "identity": "workflow",
            "map": "Event.performer.role"
          },
          {
            "identity": "v2",
            "map": "PRT-8 (where this PRT-4-Participation = \"PO\")"
          },
          {
            "identity": "rim",
            "map": ".functionCode"
          }
        ]
      },
      {
        "id": "DiagnosticReport.performer.actor",
        "path": "DiagnosticReport.performer.actor",
        "short": "Practitioner or Organization  participant",
        "definition": "The reference to the  practitioner or organization involved in producing the report. For example, the diagnostic service that is responsible for issuing the report.",
        "comment": "This is not necessarily the source of the atomic data items. It is the entity that takes responsibility for the clinical report.",
        "requirements": "Need to know whom to contact if there are queries about the results. Also may need to track the source of reports for secondary data analysis.",
        "min": 1,
        "max": "1",
        "base": {
          "path": "DiagnosticReport.performer.actor",
          "min": 1,
          "max": "1"
        },
        "type": [
          {
            "code": "Reference",
            "targetProfile": "http://hl7.org/fhir/StructureDefinition/Practitioner"
          },
          {
            "code": "Reference",
            "targetProfile": "http://hl7.org/fhir/StructureDefinition/Organization"
          }
        ],
        "isSummary": true,
        "mapping": [
          {
            "identity": "workflow",
            "map": "Event.performer.actor"
          },
          {
            "identity": "v2",
            "map": "PRT-8 (where this PRT-4-Participation = \"PO\")"
          },
          {
            "identity": "rim",
            "map": ".role"
          }
        ]
      },
      {
        "id": "DiagnosticReport.performer.actor.id",
        "path": "DiagnosticReport.performer.actor.id",
        "representation": [
          "xmlAttr"
        ],
        "short": "xml:id (or equivalent in JSON)",
        "definition": "unique id for the element within a resource (for internal references). This may be any string value that does not contain spaces.",
        "min": 0,
        "max": "1",
        "base": {
          "path": "Element.id",
          "min": 0,
          "max": "1"
        },
        "type": [
          {
            "code": "string"
          }
        ],
        "mapping": [
          {
            "identity": "rim",
            "map": "n/a"
          }
        ]
      },
      {
        "id": "DiagnosticReport.performer.actor.extension",
        "path": "DiagnosticReport.performer.actor.extension",
        "slicing": {
          "discriminator": [
            {
              "type": "value",
              "path": "url"
            }
          ],
          "description": "Extensions are always sliced by (at least) url",
          "rules": "open"
        },
        "short": "Additional Content defined by implementations",
        "definition": "May be used to represent additional information that is not part of the basic definition of the element. In order to make the use of extensions safe and manageable, there is a strict set of governance  applied to the definition and use of extensions. Though any implementer is allowed to define an extension, there is a set of requirements that SHALL be met as part of the definition of the extension.",
        "comment": "There can be no stigma associated with the use of extensions by any application, project, or standard - regardless of the institution or jurisdiction that uses or defines the extensions.  The use of extensions is what allows the FHIR specification to retain a core level of simplicity for everyone.",
        "alias": [
          "extensions",
          "user content"
        ],
        "min": 0,
        "max": "*",
        "base": {
          "path": "Element.extension",
          "min": 0,
          "max": "*"
        },
        "type": [
          {
            "code": "Extension"
          }
        ],
        "mapping": [
          {
            "identity": "rim",
            "map": "n/a"
          }
        ]
      },
      {
        "id": "DiagnosticReport.performer.actor.reference",
        "path": "DiagnosticReport.performer.actor.reference",
        "short": "Literal reference, Relative, internal or absolute URL",
        "definition": "A reference to a location at which the other resource is found. The reference may be a relative reference, in which case it is relative to the service base URL, or an absolute URL that resolves to the location where the resource is found. The reference may be version specific or not. If the reference is not to a FHIR RESTful server, then it should be assumed to be version specific. Internal fragment references (start with '#') refer to contained resources.",
        "comment": "Using absolute URLs provides a stable scalable approach suitable for a cloud/web context, while using relative/logical references provides a flexible approach suitable for use when trading across closed eco-system boundaries.   Absolute URLs do not need to point to a FHIR RESTful server, though this is the preferred approach. If the URL conforms to the structure \"/[type]/[id]\" then it should be assumed that the reference is to a FHIR RESTful server.",
        "min": 0,
        "max": "1",
        "base": {
          "path": "Reference.reference",
          "min": 0,
          "max": "1"
        },
        "type": [
          {
            "code": "string"
          }
        ],
        "condition": [
          "ref-1"
        ],
        "isSummary": true,
        "mapping": [
          {
            "identity": "rim",
            "map": "N/A"
          }
        ]
      },
      {
        "id": "DiagnosticReport.performer.actor.identifier",
        "path": "DiagnosticReport.performer.actor.identifier",
        "short": "Logical reference, when literal reference is not known",
        "definition": "An identifier for the other resource. This is used when there is no way to reference the other resource directly, either because the entity is not available through a FHIR server, or because there is no way for the author of the resource to convert a known identifier to an actual location. There is no requirement that a Reference.identifier point to something that is actually exposed as a FHIR instance, but it SHALL point to a business concept that would be expected to be exposed as a FHIR instance, and that instance would need to be of a FHIR resource type allowed by the reference.",
        "comment": "When an identifier is provided in place of a reference, any system processing the reference will only be able to resolve the identifier to a reference if it understands the business context in which the identifier is used. Sometimes this is global (e.g. a national identifier) but often it is not. For this reason, none of the useful mechanisms described for working with references (e.g. chaining, includes) are possible, nor should servers be expected to be able resolve the reference. Servers may accept an identifier based reference untouched, resolve it, and/or reject it - see CapabilityStatement.rest.resource.referencePolicy. \n\nWhen both an identifier and a literal reference are provided, the literal reference is preferred. Applications processing the resource are allowed - but not required - to check that the identifier matches the literal reference\n\nApplications converting a logical reference to a literal reference may choose to leave the logical reference present, or remove it.",
        "min": 0,
        "max": "1",
        "base": {
          "path": "Reference.identifier",
          "min": 0,
          "max": "1"
        },
        "type": [
          {
            "code": "Identifier"
          }
        ],
        "isSummary": true,
        "mapping": [
          {
            "identity": "rim",
            "map": ".identifier"
          }
        ]
      },
      {
        "id": "DiagnosticReport.performer.actor.display",
        "extension": [
          {
            "url": "http://hl7.org/fhir/StructureDefinition/elementdefinition-translatable",
            "valueBoolean": true
          }
        ],
        "path": "DiagnosticReport.performer.actor.display",
        "label": "PATHOLOGIST",
        "short": "Text alternative for the resource",
        "definition": "This is the pathologist performing the procedure.",
        "comment": "This is generally not the same as the Resource.text of the referenced resource.  The purpose is to identify what's being referenced, not to fully describe it.",
        "min": 0,
        "max": "1",
        "base": {
          "path": "Reference.display",
          "min": 0,
          "max": "1"
        },
        "type": [
          {
            "code": "string"
          }
        ],
        "mustSupport": true,
        "isSummary": true,
        "mapping": [
          {
            "identity": "rim",
            "map": "N/A"
          },
          {
            "identity": "vista",
            "map": "SURGICAL PATHOLOGY @PATHOLOGIST 63.08-.02"
          }
        ]
      },
      {
        "id": "DiagnosticReport.specimen",
        "path": "DiagnosticReport.specimen",
        "short": "Specimens this report is based on",
        "definition": "Details about the specimens on which this diagnostic report is based.",
        "comment": "If the specimen is sufficiently specified with a code in the test result name, then this additional data may be redundant. If there are multiple specimens, these may be represented per observation or group.",
        "requirements": "Need to be able to report information about the collected specimens on which the report is based.",
        "min": 0,
        "max": "*",
        "base": {
          "path": "DiagnosticReport.specimen",
          "min": 0,
          "max": "*"
        },
        "type": [
          {
            "code": "Reference",
            "targetProfile": "http://hl7.org/fhir/StructureDefinition/Specimen"
          }
        ],
        "mapping": [
          {
            "identity": "v2",
            "map": "SPM"
          },
          {
            "identity": "rim",
            "map": "participation[typeCode=SBJ]"
          }
        ]
      },
      {
        "id": "DiagnosticReport.result",
        "path": "DiagnosticReport.result",
        "short": "Observations - simple, or complex nested groups",
        "definition": "Observations that are part of this diagnostic report. Observations can be simple name/value pairs (e.g. \"atomic\" results), or they can be grouping observations that include references to other members of the group (e.g. \"panels\").",
        "requirements": "Need to support individual results, or report groups of results, where the result grouping is arbitrary, but meaningful. This structure is recursive - observations can contain observations.",
        "alias": [
          "Data",
          "Atomic Value",
          "Result",
          "Atomic result",
          "Data",
          "Test",
          "Analyte",
          "Battery",
          "Organizer"
        ],
        "min": 0,
        "max": "*",
        "base": {
          "path": "DiagnosticReport.result",
          "min": 0,
          "max": "*"
        },
        "type": [
          {
            "code": "Reference",
            "targetProfile": "http://hl7.org/fhir/StructureDefinition/Observation"
          }
        ],
        "mapping": [
          {
            "identity": "v2",
            "map": "OBXs"
          },
          {
            "identity": "rim",
            "map": "outboundRelationship[typeCode=COMP].target"
          }
        ]
      },
      {
        "id": "DiagnosticReport.imagingStudy",
        "path": "DiagnosticReport.imagingStudy",
        "short": "Reference to full details of imaging associated with the diagnostic report",
        "definition": "One or more links to full details of any imaging performed during the diagnostic investigation. Typically, this is imaging performed by DICOM enabled modalities, but this is not required. A fully enabled PACS viewer can use this information to provide views of the source images.",
        "comment": "ImagingStudy and ImageManifest and the image element are somewhat overlapping - typically, the list of image references in the image element will also be found in one of the imaging study resources. However each caters to different types of displays for different types of purposes. Neither, either, or both may be provided.",
        "min": 0,
        "max": "*",
        "base": {
          "path": "DiagnosticReport.imagingStudy",
          "min": 0,
          "max": "*"
        },
        "type": [
          {
            "code": "Reference",
            "targetProfile": "http://hl7.org/fhir/StructureDefinition/ImagingStudy"
          },
          {
            "code": "Reference",
            "targetProfile": "http://hl7.org/fhir/StructureDefinition/ImagingManifest"
          }
        ],
        "mapping": [
          {
            "identity": "rim",
            "map": "outboundRelationship[typeCode=COMP].target[classsCode=DGIMG, moodCode=EVN]"
          }
        ]
      },
      {
        "id": "DiagnosticReport.image",
        "path": "DiagnosticReport.image",
        "short": "Key images associated with this report",
        "definition": "A list of key images associated with this report. The images are generally created during the diagnostic process, and may be directly of the patient, or of treated specimens (i.e. slides of interest).",
        "requirements": "Many diagnostic services include images in the report as part of their service.",
        "alias": [
          "DICOM",
          "Slides",
          "Scans"
        ],
        "min": 0,
        "max": "*",
        "base": {
          "path": "DiagnosticReport.image",
          "min": 0,
          "max": "*"
        },
        "type": [
          {
            "code": "BackboneElement"
          }
        ],
        "constraint": [
          {
            "key": "ele-1",
            "severity": "error",
            "human": "All FHIR elements must have a @value or children",
            "expression": "hasValue() | (children().count() > id.count())",
            "xpath": "@value|f:*|h:div",
            "source": "http://hl7.org/fhir/StructureDefinition/Element"
          }
        ],
        "isSummary": true,
        "mapping": [
          {
            "identity": "v2",
            "map": "OBX?"
          },
          {
            "identity": "rim",
            "map": "outboundRelationship[typeCode=COMP].target"
          }
        ]
      },
      {
        "id": "DiagnosticReport.image.id",
        "path": "DiagnosticReport.image.id",
        "representation": [
          "xmlAttr"
        ],
        "short": "xml:id (or equivalent in JSON)",
        "definition": "unique id for the element within a resource (for internal references). This may be any string value that does not contain spaces.",
        "min": 0,
        "max": "1",
        "base": {
          "path": "Element.id",
          "min": 0,
          "max": "1"
        },
        "type": [
          {
            "code": "string"
          }
        ],
        "mapping": [
          {
            "identity": "rim",
            "map": "n/a"
          }
        ]
      },
      {
        "id": "DiagnosticReport.image.extension",
        "path": "DiagnosticReport.image.extension",
        "short": "Additional Content defined by implementations",
        "definition": "May be used to represent additional information that is not part of the basic definition of the element. In order to make the use of extensions safe and manageable, there is a strict set of governance  applied to the definition and use of extensions. Though any implementer is allowed to define an extension, there is a set of requirements that SHALL be met as part of the definition of the extension.",
        "comment": "There can be no stigma associated with the use of extensions by any application, project, or standard - regardless of the institution or jurisdiction that uses or defines the extensions.  The use of extensions is what allows the FHIR specification to retain a core level of simplicity for everyone.",
        "alias": [
          "extensions",
          "user content"
        ],
        "min": 0,
        "max": "*",
        "base": {
          "path": "Element.extension",
          "min": 0,
          "max": "*"
        },
        "type": [
          {
            "code": "Extension"
          }
        ],
        "mapping": [
          {
            "identity": "rim",
            "map": "n/a"
          }
        ]
      },
      {
        "id": "DiagnosticReport.image.modifierExtension",
        "path": "DiagnosticReport.image.modifierExtension",
        "short": "Extensions that cannot be ignored",
        "definition": "May be used to represent additional information that is not part of the basic definition of the element, and that modifies the understanding of the element that contains it. Usually modifier elements provide negation or qualification. In order to make the use of extensions safe and manageable, there is a strict set of governance applied to the definition and use of extensions. Though any implementer is allowed to define an extension, there is a set of requirements that SHALL be met as part of the definition of the extension. Applications processing a resource are required to check for modifier extensions.",
        "comment": "There can be no stigma associated with the use of extensions by any application, project, or standard - regardless of the institution or jurisdiction that uses or defines the extensions.  The use of extensions is what allows the FHIR specification to retain a core level of simplicity for everyone.",
        "alias": [
          "extensions",
          "user content",
          "modifiers"
        ],
        "min": 0,
        "max": "*",
        "base": {
          "path": "BackboneElement.modifierExtension",
          "min": 0,
          "max": "*"
        },
        "type": [
          {
            "code": "Extension"
          }
        ],
        "isModifier": true,
        "isSummary": true,
        "mapping": [
          {
            "identity": "rim",
            "map": "N/A"
          }
        ]
      },
      {
        "id": "DiagnosticReport.image.comment",
        "path": "DiagnosticReport.image.comment",
        "short": "Comment about the image (e.g. explanation)",
        "definition": "A comment about the image. Typically, this is used to provide an explanation for why the image is included, or to draw the viewer's attention to important features.",
        "comment": "The comment should be displayed with the image. It would be common for the report to include additional discussion of the image contents in other sections such as the conclusion.",
        "requirements": "The provider of the report should make a comment about each image included in the report.",
        "min": 0,
        "max": "1",
        "base": {
          "path": "DiagnosticReport.image.comment",
          "min": 0,
          "max": "1"
        },
        "type": [
          {
            "code": "string"
          }
        ],
        "mapping": [
          {
            "identity": "rim",
            "map": ".inboundRelationship[typeCode=COMP].source[classCode=OBS, moodCode=EVN, code=\"annotation\"].value"
          }
        ]
      },
      {
        "id": "DiagnosticReport.image.link",
        "path": "DiagnosticReport.image.link",
        "short": "Reference to the image source",
        "definition": "Reference to the image source.",
        "min": 1,
        "max": "1",
        "base": {
          "path": "DiagnosticReport.image.link",
          "min": 1,
          "max": "1"
        },
        "type": [
          {
            "code": "Reference",
            "targetProfile": "http://hl7.org/fhir/StructureDefinition/Media"
          }
        ],
        "isSummary": true,
        "mapping": [
          {
            "identity": "rim",
            "map": ".value.reference"
          }
        ]
      },
      {
        "id": "DiagnosticReport.conclusion",
        "path": "DiagnosticReport.conclusion",
        "short": "Clinical Interpretation of test results",
        "definition": "Concise and clinically contextualized impression / summary of the diagnostic report.",
        "requirements": "Need to be able to provide a conclusion that is not lost among the basic result data.",
        "alias": [
          "Report"
        ],
        "min": 0,
        "max": "1",
        "base": {
          "path": "DiagnosticReport.conclusion",
          "min": 0,
          "max": "1"
        },
        "type": [
          {
            "code": "string"
          }
        ],
        "mapping": [
          {
            "identity": "v2",
            "map": "OBX"
          },
          {
            "identity": "rim",
            "map": "inboundRelationship[typeCode=\"SPRT\"].source[classCode=OBS, moodCode=EVN, code=LOINC:48767-8].value (type=ST)"
          }
        ]
      },
      {
        "id": "DiagnosticReport.codedDiagnosis",
        "path": "DiagnosticReport.codedDiagnosis",
        "short": "Codes for the conclusion",
        "definition": "Codes for the conclusion.",
        "min": 0,
        "max": "*",
        "base": {
          "path": "DiagnosticReport.codedDiagnosis",
          "min": 0,
          "max": "*"
        },
        "type": [
          {
            "code": "CodeableConcept"
          }
        ],
        "binding": {
          "extension": [
            {
              "url": "http://hl7.org/fhir/StructureDefinition/elementdefinition-bindingName",
              "valueString": "AdjunctDiagnosis"
            }
          ],
          "strength": "example",
          "description": "Diagnosis codes provided as adjuncts to the report.",
          "valueSetReference": {
            "reference": "http://hl7.org/fhir/ValueSet/clinical-findings"
          }
        },
        "mapping": [
          {
            "identity": "v2",
            "map": "OBX"
          },
          {
            "identity": "rim",
            "map": "inboundRelationship[typeCode=SPRT].source[classCode=OBS, moodCode=EVN, code=LOINC:54531-9].value (type=CD)"
          }
        ]
      },
      {
        "id": "DiagnosticReport.presentedForm",
        "path": "DiagnosticReport.presentedForm",
        "short": "Entire report as issued",
        "definition": "Rich text representation of the entire result as issued by the diagnostic service. Multiple formats are allowed but they SHALL be semantically equivalent.",
        "comment": "\"application/pdf\" is recommended as the most reliable and interoperable in this context.",
        "requirements": "Gives laboratory the ability to provide its own fully formatted report for clinical fidelity.",
        "min": 0,
        "max": "*",
        "base": {
          "path": "DiagnosticReport.presentedForm",
          "min": 0,
          "max": "*"
        },
        "type": [
          {
            "code": "Attachment"
          }
        ],
        "mapping": [
          {
            "identity": "v2",
            "map": "OBX"
          },
          {
            "identity": "rim",
            "map": "text (type=ED)"
          }
        ]
      }
    ]
  },
  "differential": {
    "element": [
      {
        "id": "DiagnosticReport",
        "path": "DiagnosticReport"
      },
      {
        "id": "DiagnosticReport.extension:referencedDocument-uri",
        "path": "DiagnosticReport.extension",
        "sliceName": "referencedDocument-uri",
        "label": "TIU ENTRY POINTER SP",
        "definition": "This field is a pointer to the TIU DOCUMENT (#8925) file.  It stores the pointer for a surgical pathology SF515 that has been electronically signed and stored in TIU.",
        "type": [
          {
            "code": "Extension",
            "profile": "http://va.gov/fhir/us/vha-ampl-ig/StructureDefinition/referencedDocument.uri"
          }
        ],
        "mustSupport": true,
        "mapping": [
          {
            "identity": "vista",
            "map": "undefined @TIU ENTRY POINTER SP 63.19-1"
          }
        ]
      },
      {
        "id": "DiagnosticReport.extension:referencedDocument-display",
        "path": "DiagnosticReport.extension",
        "sliceName": "referencedDocument-display",
        "label": "TIU REFERENCE DATE/TIME - SP",
        "definition": "This is the date and time that the surgical pathology SF515 was stored in TIU. It will match the REFERENCE DATE (#1301) field of the corresponding document in the TIU DOCUMENT (#8925) file.",
        "type": [
          {
            "code": "Extension",
            "profile": "http://va.gov/fhir/us/vha-ampl-ig/StructureDefinition/referencedDocument.display"
          }
        ],
        "mustSupport": true,
        "mapping": [
          {
            "identity": "vista",
            "map": "undefined @TIU REFERENCE DATE/TIME - SP 63.19-.01"
          }
        ]
      },
      {
        "id": "DiagnosticReport.basedOn.extension:request-extendedPriority",
        "path": "DiagnosticReport.basedOn.extension",
        "sliceName": "request-extendedPriority",
        "label": "ORDER URGENCY",
        "type": [
          {
            "code": "Extension",
            "profile": "http://va.gov/fhir/us/vha-ampl-ig/StructureDefinition/request-extendedPriority"
          }
        ],
        "mustSupport": true,
        "mapping": [
          {
            "identity": "vista",
            "map": "ORDERED TEST @ORDER URGENCY 63.53-2b"
          }
        ]
      },
      {
        "id": "DiagnosticReport.issued",
        "path": "DiagnosticReport.issued",
        "label": "DATE REPORT COMPLETED",
        "definition": "This is the date the report is completed.",
        "mustSupport": true,
        "mapping": [
          {
            "identity": "vista",
            "map": "SURGICAL PATHOLOGY @DATE REPORT COMPLETED 63.08-.03"
          }
        ]
      },
      {
        "id": "DiagnosticReport.performer.actor.display",
        "path": "DiagnosticReport.performer.actor.display",
        "label": "PATHOLOGIST",
        "definition": "This is the pathologist performing the procedure.",
        "mustSupport": true,
        "mapping": [
          {
            "identity": "vista",
            "map": "SURGICAL PATHOLOGY @PATHOLOGIST 63.08-.02"
          }
        ]
      }
    ]
  }
}